severity,claim_type,file,line,text
medium,safety-claim,CHANGELOG.md,23,### Verified
info,honesty-negative,CHANGELOG.md,37,- MugenForge does not bundle or replace M.U.G.E.N/IKEMEN.
high,engine-authority,CHANGELOG.md,38,"- Static/source reports are evidence aids, not engine-authoritative certification."
medium,safety-claim,CHANGELOG.md,39,- Binary mutation remains candidate/backup/verified-install first.
medium,plugin-execution,CHANGELOG.md,40,- Broad third-party SFF2/SND corpus validation remains the biggest proof step.
high,binary-fullness,CHANGELOG.md,41,"- v7.5 improves handoff, testing, and maintainability; it does not claim new arbitrary binary/runtime authority."
info,honesty-negative,CHANGELOG.md,54,"- Explicit binary mutation commit/install sheets with candidate verification, commit tokens, rollback snapshots, and restore workflow."
info,honesty-negative,CHANGELOG.md,63,"- Binary mutation workflows now include explicit reviewed commits, hashes, backups, and rollback snapshots instead of only candidate generation."
medium,safety-claim,CHANGELOG.md,66,### Verified
info,honesty-negative,CHANGELOG.md,80,- MugenForge does not bundle M.U.G.E.N or IKEMEN.
medium,safety-claim,CHANGELOG.md,84,- Blind overwrites remain blocked; verified binary writes use backups and explicit opt-in sheets.
info,honesty-negative,CHANGELOG.md,96,- Optional State `-2` DisplayToClipboard/AppendToClipboard debug overlay installer with backup.
info,honesty-negative,CHANGELOG.md,108,"- The recommended late-project loop is now: generate launcher/test plan, run the external engine, collect logs/evidence, parse logs, and regenerate readiness."
medium,safety-claim,CHANGELOG.md,110,### Verified
info,honesty-negative,CHANGELOG.md,116,- Debug overlay backup/append behavior.
high,engine-authority,CHANGELOG.md,126,- MugenForge does not emulate or simulate M.U.G.E.N/IKEMEN.
high,engine-authority,CHANGELOG.md,128,"- Runtime readiness is an evidence aid, not engine-authoritative certification."
info,honesty-negative,CHANGELOG.md,130,- Binary SFF/SND mutation remains candidate/backup-first and avoids blind overwrites.
info,honesty-negative,CHANGELOG.md,137,"- Decoded SFF2 export for PNG, raw indexed/truecolor, RLE8, RLE5, and LZ5 candidate paths."
info,honesty-negative,CHANGELOG.md,138,- Standard SFF2 candidate builder from source manifests.
info,honesty-negative,CHANGELOG.md,152,- Candidate SFF2/SND outputs still require target-engine testing.
info,honesty-negative,CHANGELOG.md,162,- SFF2 edit workspace export/apply for supported axis/source-image edits and rebuilt candidate copies.
medium,safety-claim,CHANGELOG.md,174,"- Native SFF2 output is now a controlled table-backed writer path verified by MugenForge parser/export round trips, not the earlier private PNG-subset experiment."
medium,safety-claim,CHANGELOG.md,177,### Verified
info,honesty-negative,CHANGELOG.md,185,- SND slot patch sheet export and copied patch candidate apply.
medium,safety-claim,CHANGELOG.md,192,- v5.5 codec coverage is verified on controlled fixtures; broad real-world corpus validation remains necessary.
info,honesty-negative,CHANGELOG.md,194,- Binary mutation workflows write candidate copies/backups first; blind overwrite is intentionally avoided.
medium,safety-claim,CHANGELOG.md,205,"- Supported SFF v1 payload extraction, conservative embedded PNG discovery, and MugenForge PNG-subset SFF2 payload extraction where records can be verified."
info,honesty-negative,CHANGELOG.md,209,"- Rebuilt SND candidate generation from WAV payloads, leaving the current SND untouched until manually installed/tested."
medium,safety-claim,CHANGELOG.md,219,### Verified
info,honesty-negative,CHANGELOG.md,229,- SND bank sheet export and rebuilt-candidate apply.
high,binary-fullness,CHANGELOG.md,236,- Full arbitrary mature SFF v2 extraction/rebuild/mutation is still not implemented.
info,honesty-negative,CHANGELOG.md,238,- SFF axis apply creates patched copies; it does not blindly overwrite the original SFF.
info,honesty-negative,CHANGELOG.md,240,- SFF2 release rebuild remains source/Sprmake2 based; the experimental MugenForge PNG-subset copy is for pipeline testing only.
medium,safety-claim,CHANGELOG.md,264,### Verified
info,honesty-negative,CHANGELOG.md,271,- Move timeline sheet export and apply with AIR backup plus PlaySnd insertion.
info,honesty-negative,CHANGELOG.md,272,- CLSN track sheet export and apply with AIR backup.
info,honesty-negative,CHANGELOG.md,273,- HitDef track sheet export and apply with CNS backup.
high,binary-fullness,CHANGELOG.md,283,- Full mature arbitrary SFF v2 extraction/rebuild/mutation is still not implemented.
high,engine-authority,CHANGELOG.md,286,"- Timeline, graph, palette, stage, frame-data, and dashboard reports are source-analysis aids, not engine-authoritative runtime telemetry."
info,honesty-negative,CHANGELOG.md,287,- Sound cue insertion edits source code only; it does not mutate SND binary banks.
info,honesty-negative,CHANGELOG.md,288,- Palette Studio writes ACT variants but does not patch SFF palette tables.
high,engine-authority,CHANGELOG.md,289,"- Stage Live Preview is approximate and does not emulate M.U.G.E.N rendering, parallax, or BGCtrl timing authoritatively."
info,honesty-negative,CHANGELOG.md,298,"- One-Click Polish Pass for dashboarding, sheet validation, sound cue sheet export, timeline preview, state graph artifacts, template validation, stage preview, backup history, and report bundling."
medium,plugin-execution,CHANGELOG.md,304,- Data-only template/plugin validation and import workflow.
info,honesty-negative,CHANGELOG.md,306,"- Backup history browser, individual backup restore helper, and pre-restore guard copies."
medium,safety-claim,CHANGELOG.md,315,### Verified
info,honesty-negative,CHANGELOG.md,323,- Editable sound cue sheet export/apply with backup creation.
info,honesty-negative,CHANGELOG.md,328,- Backup history indexing.
high,binary-fullness,CHANGELOG.md,335,- Full mature arbitrary SFF v2 extraction/rebuild is not implemented.
high,engine-authority,CHANGELOG.md,339,"- Balance/frame-data/graph/dashboard reports are estimates/source-analysis aids, not engine-authoritative runtime telemetry."
info,honesty-negative,CHANGELOG.md,340,- Plugin/template support remains data/metadata based and does not run arbitrary downloaded Python code.
medium,plugin-execution,CHANGELOG.md,356,- Metadata-only template/plugin foundation.
medium,safety-claim,CHANGELOG.md,368,### Verified
high,binary-fullness,CHANGELOG.md,384,- Full mature arbitrary SFF v2 extraction/rebuild is not implemented.
high,engine-authority,CHANGELOG.md,388,"- Balance/frame-data/graph reports are estimates/source-analysis aids, not engine-authoritative runtime telemetry."
info,honesty-negative,CHANGELOG.md,389,- Plugin/template support remains metadata/preset based and does not run arbitrary downloaded Python code.
medium,safety-claim,CHANGELOG.md,411,- Added read-only SFF axis reference display where safe inspection is supported.
high,binary-fullness,CHANGELOG.md,412,- Kept SFF2 binary axis mutation honest: arbitrary SFF2 binary axis patching is not implemented.
medium,safety-claim,CHANGELOG.md,417,"- Added StateDef discovery, PlaySnd cue insertion by AnimElem, and backup-safe code mutation."
medium,safety-claim,CHANGELOG.md,424,- Added optional append-to-project behavior using existing backup-safe Move Wizard paths.
medium,safety-claim,CHANGELOG.md,435,- Added one-click install for the existing safe debug overlay preset plus Visual Forge docs/config.
medium,plugin-execution,CHANGELOG.md,437,### Plugin / Template Architecture
medium,plugin-execution,CHANGELOG.md,440,- Added data-only no-code template manifest and plugin manifest scaffolds.
medium,plugin-execution,CHANGELOG.md,441,- Explicitly kept arbitrary third-party Python plugin execution disabled.
high,binary-fullness,CHANGELOG.md,446,- Source-based Sprmake2 handoff remains the supported SFF2 path; full arbitrary SFF2 binary rebuilding is still not claimed.
info,honesty-negative,CHANGELOG.md,448,### Central Backup / Undo / Error-Log System
medium,safety-claim,CHANGELOG.md,461,### Verified
medium,plugin-execution,CHANGELOG.md,472,- Template/plugin scaffold generation.
info,honesty-negative,CHANGELOG.md,473,- Backup snapshot generation.
high,binary-fullness,CHANGELOG.md,478,- Full mature arbitrary SFF v2 extraction/rebuild is not implemented.
medium,safety-claim,CHANGELOG.md,479,- SFF2 Bridge creates source projects for external Sprmake2 use; it is not byte-perfect SFF2 binary mutation.
high,binary-fullness,CHANGELOG.md,480,- Mature existing-SFF/SND binary mutation remains conservative.
high,engine-authority,CHANGELOG.md,482,"- Visual timeline and balance/frame reports are source-derived estimates, not engine-authoritative measurements."
info,honesty-negative,CHANGELOG.md,491,- Embedded PNG/PCX/WAV scanning from unsupported or packed projects.
medium,safety-claim,CHANGELOG.md,508,### Verified
high,binary-fullness,CHANGELOG.md,521,- Full mature arbitrary SFF v2 extraction/rebuild is not implemented.
medium,safety-claim,CHANGELOG.md,522,- SFF2 Bridge creates source projects for external Sprmake2 use; it is not byte-perfect SFF2 binary mutation.
medium,safety-claim,CHANGELOG.md,552,### Verified
high,binary-fullness,CHANGELOG.md,564,- Full mature SFF v2 extraction/rebuild is not implemented.
high,binary-fullness,CHANGELOG.md,565,- Mature existing-SFF/SND binary mutation remains conservative.
medium,safety-claim,CHANGELOG.md,575,### Verified
high,binary-fullness,CHANGELOG.md,618,- Full mature SFF v2 extraction/rebuild is not implemented.
high,binary-fullness,CHANGELOG.md,657,- Full SFF v2 extraction/rebuild remains incomplete.
high,binary-fullness,CHANGELOG.md,658,- Mature existing-SFF/SND binary mutation remains conservative.
medium,safety-claim,docs/MUGENFORGE_HANDOFF_v3_5.md,29,"MugenForge Studio remains a clean-room Python/Tkinter M.U.G.E.N character/stage editor. The v3.5 focus is beginner onboarding and visual workflows: the user makes creative decisions while the tool writes safe scaffolds, guides, manifests, backups, reports, and source-based asset handoff files."
medium,plugin-execution,docs/MUGENFORGE_HANDOFF_v3_5.md,40,- Data-only plugin/template foundation.
info,honesty-negative,docs/MUGENFORGE_HANDOFF_v3_5.md,42,"- Central backup, restore, and error-log tab."
medium,fighter-factory-reference,docs/MUGENFORGE_HANDOFF_v3_5.md,46,- Clean-room only. Do not use Fighter Factory / VirtuallTek source code or proprietary assets.
high,binary-fullness,docs/MUGENFORGE_HANDOFF_v3_5.md,48,- Full arbitrary mature SFF v2 binary extraction/rebuild is still not implemented.
high,binary-fullness,docs/MUGENFORGE_HANDOFF_v3_5.md,49,"- SFF2 Bridge is a source project / Sprmake2 handoff workflow, not internal arbitrary SFF2 mutation."
high,engine-authority,docs/MUGENFORGE_HANDOFF_v3_5.md,51,"- Balance and frame-data reports are estimates/source-derived, not engine-authoritative."
medium,safety-claim,docs/MUGENFORGE_HANDOFF_v3_5.md,78,- Replace placeholder timeline tile art with sprite-backed thumbnails where safe sprite extraction or source images are available.
medium,fighter-factory-reference,docs/MUGENFORGE_HANDOFF_v4_0.md,32,- Do not use or reference proprietary Fighter Factory / VirtuallTek source code or assets.
high,binary-fullness,docs/MUGENFORGE_HANDOFF_v4_0.md,33,- Do not claim arbitrary mature SFF v2 binary extraction/rebuild; it is still not implemented.
high,engine-authority,docs/MUGENFORGE_HANDOFF_v4_0.md,37,"- Frame-data, graph, and balance reports are source-analysis aids and estimates, not engine-authoritative runtime telemetry."
medium,plugin-execution,docs/MUGENFORGE_HANDOFF_v4_0.md,38,- Plugin/template support is metadata/preset based; do not auto-run untrusted downloaded Python code.
medium,plugin-execution,docs/MUGENFORGE_HANDOFF_v4_0.md,74,- Template / Plugin Foundation
medium,plugin-execution,docs/MUGENFORGE_HANDOFF_v4_0.md,121,"- Ran state graph, variable usage, sprite/sound cross-reference, template/plugin, stage authoring, image editor, archive import, and reports ZIP workflows."
medium,safety-claim,docs/MUGENFORGE_HANDOFF_v4_0.md,122,"- Verified dashboard, unified index, capability matrix, state graph HTML, command sheet, AIR batch sheet, variable map, template manifest, and stage authoring pack outputs exist."
medium,safety-claim,docs/MUGENFORGE_HANDOFF_v4_0.md,127,- Verified title is `MugenForge Studio 4.0 Forge Beyond`.
medium,safety-claim,docs/MUGENFORGE_HANDOFF_v4_0.md,128,- Verified the app has 38 tabs.
medium,safety-claim,docs/MUGENFORGE_HANDOFF_v4_0.md,129,- Verified **Project Home** is selected at startup.
medium,safety-claim,docs/MUGENFORGE_HANDOFF_v4_0.md,130,- Verified **Forge Beyond** tab exists.
medium,plugin-execution,docs/MUGENFORGE_HANDOFF_v4_1.md,41,- Data-only template/plugin validation/import.
info,honesty-negative,docs/MUGENFORGE_HANDOFF_v4_1.md,43,- Backup history browser.
info,honesty-negative,docs/MUGENFORGE_HANDOFF_v4_1.md,44,- Individual backup restore with pre-restore guard copies.
medium,fighter-factory-reference,docs/MUGENFORGE_HANDOFF_v4_1.md,49,"This is a clean-room M.U.G.E.N creator suite. Do not use or claim Fighter Factory / VirtuallTek source code, assets, or proprietary logic."
high,binary-fullness,docs/MUGENFORGE_HANDOFF_v4_1.md,51,Full mature arbitrary SFF v2 extraction/rebuild/mutation is still not implemented. SFF2 work remains source-project/Sprmake2 handoff based. Do not soften this limitation unless a real native implementation and test corpus are added.
medium,fighter-factory-reference,docs/MUGENFORGE_HANDOFF_v4_5.md,44,- This is not Fighter Factory source code.
medium,fighter-factory-reference,docs/MUGENFORGE_HANDOFF_v4_5.md,45,"- Do not use, reference, copy, or claim VirtuallTek/Fighter Factory source code or assets."
high,binary-fullness,docs/MUGENFORGE_HANDOFF_v4_5.md,46,- Keep all SFF/SND mutation conservative and honest.
high,binary-fullness,docs/MUGENFORGE_HANDOFF_v4_5.md,47,- Full arbitrary mature SFF v2 binary editing/rebuilding is still not implemented.
medium,safety-claim,docs/MUGENFORGE_HANDOFF_v4_5.md,63,- Inline timeline operations: frame duplicate/delete/reorder where safe.
medium,safety-claim,docs/MUGENFORGE_HANDOFF_v5_0.md,17,"- Supported SFF v1 payload extraction, embedded PNG discovery, and MugenForge PNG-subset extraction for verified cases."
info,honesty-negative,docs/MUGENFORGE_HANDOFF_v5_0.md,20,- Experimental MugenForge PNG-subset SFF2-style copy builder for pipeline testing.
high,binary-fullness,docs/MUGENFORGE_HANDOFF_v5_0.md,27,This remains clean-room. Do not use Fighter Factory / VirtualTek source code or assets. Keep SFF2 claims honest. Full arbitrary mature SFF2 binary extraction/rebuild/mutation is still not implemented.
medium,safety-claim,docs/MUGENFORGE_HANDOFF_v5_0.md,31,"v5.1 should deepen the Binary Core and editor feel by adding broader SFF2 fixture tests, more verified payload decoders only when format details are confirmed, a guided install/restore browser for rebuilt SND/SFF candidates, stronger visual binary diff views, and better integration between Binary Core outputs and the Forge Timeline editor."
info,honesty-negative,docs/MUGENFORGE_HANDOFF_v5_5.md,14,"v5.5 is the binary maturity pass. It closes much of the v5.0 gap list by adding common-table SFF2 parsing, decoded export for PNG/raw/RLE8/RLE5/LZ5 candidate paths, standard SFF2 candidate rebuilds, copied SFF axis mutation, guarded SND slot patch candidates, and runtime evidence scaffolding."
high,binary-fullness,docs/MUGENFORGE_HANDOFF_v5_5.md,18,Do not claim every arbitrary SFF2 file in the wild is guaranteed. The parser handles common v2/v2.1 table layouts and refuses unknown/corrupt cases with reports. Candidate SFF2 builds and SND patches still need target-engine testing before release.
info,honesty-negative,docs/MUGENFORGE_HANDOFF_v6_1.md,15,"The current focus is closing the runtime feedback gap. MugenForge now has a top-level **Runtime Lab** that creates configs, launch scripts, test plans, debug overlays, log parsers, evidence indexes, regression checklists, readiness reports, and bundles around actual external engine tests."
medium,fighter-factory-reference,docs/MUGENFORGE_HANDOFF_v6_1.md,52,- Clean-room only. Do not use or claim Fighter Factory / VirtuallTek source code or proprietary assets.
high,engine-authority,docs/MUGENFORGE_HANDOFF_v6_1.md,53,- Runtime Lab must remain honest: it organizes external testing but does not emulate the engine.
info,honesty-negative,docs/MUGENFORGE_HANDOFF_v6_1.md,55,"- Runtime readiness must be described as an evidence aid, not a guarantee."
info,honesty-negative,docs/MUGENFORGE_HANDOFF_v6_1.md,56,- Binary edits must remain backup/candidate-first.
medium,safety-claim,docs/MUGENFORGE_HANDOFF_v6_1.md,63,- Optional safe engine-launch execution inside MugenForge with user confirmation.
medium,safety-claim,docs/MUGENFORGE_HANDOFF_v7_0.md,17,"v7.0 adds/retains the late-project evidence stack: **Authority Lab**, **Evidence Core**, **Closure Lab**, **Gap Closer**, and **Authority Core**. These directly target the prior honest limitation list with source-level runtime simulation, external-engine adapter validation, SFF/SND corpus validation, unknown-binary triage, verified binary install/commit with rollback, gameplay tuning sheets, and evidence contracts."
medium,fighter-factory-reference,docs/MUGENFORGE_HANDOFF_v7_5.md,14,"- Clean-room only. Do not use or claim Fighter Factory / VirtuallTek source, assets, or proprietary logic."
high,engine-authority,docs/MUGENFORGE_HANDOFF_v7_5.md,16,- Do not claim static reports are engine-authoritative unless backed by external engine evidence.
medium,safety-claim,docs/MUGENFORGE_HANDOFF_v7_5.md,17,- Do not blindly overwrite user binaries; preserve candidate/backup/verified install workflows.
medium,plugin-execution,docs/MUGENFORGE_HANDOFF_v7_5.md,18,- Do not auto-run untrusted third-party Python plugins.
info,honesty-negative,docs/MUGENFORGE_HANDOFF_v7_5.md,34,"- v3.5 Visual Forge: beginner home, timeline, axis, sound cue, migration, backup logs."
info,honesty-negative,docs/MUGENFORGE_HANDOFF_v7_5.md,36,"- v4.1 Forge Polish: validation previews, sound cue apply, sprite-backed preview, backup history."
info,honesty-negative,docs/MUGENFORGE_HANDOFF_v7_5.md,38,- v5.0 Binary Core: conservative SFF/SND binary inspection and candidate workflows.
info,honesty-negative,docs/MUGENFORGE_HANDOFF_v7_5.md,40,"- v6.1 Runtime Lab: external engine launchers, logs, evidence, readiness reports."
medium,safety-claim,docs/MUGENFORGE_HANDOFF_v7_5.md,41,"- v7.0 Evidence Core line: gap closure, authority/evidence labs, source runtime modeling, corpus validation, verified installs."
high,binary-fullness,docs/PROJECT_COMPLETION_PLAN.md,5,"Make MugenForge Studio release-complete as a clean-room, no-code M.U.G.E.N character/stage editor with honest binary/runtime claims, repeatable validation, usable workflows, and reproducible release artifacts."
info,honesty-negative,docs/PROJECT_COMPLETION_PLAN.md,33,3. Runtime claims are backed by at least one configured external engine profile with scenario evidence logs.
info,honesty-negative,docs/PROJECT_COMPLETION_PLAN.md,51,- Controlled SFF2 fixtures for supported and unsupported layouts.
info,honesty-negative,docs/PROJECT_COMPLETION_PLAN.md,56,- SFF axis candidate generation.
info,honesty-negative,docs/PROJECT_COMPLETION_PLAN.md,57,- SND candidate rebuild/patch flows.
medium,safety-claim,docs/PROJECT_COMPLETION_PLAN.md,58,- Verified binary install/rollback sheets.
info,honesty-negative,docs/PROJECT_COMPLETION_PLAN.md,111,- Candidate/backup-first semantics remain intact.
info,honesty-negative,docs/PROJECT_COMPLETION_PLAN.md,117,- Add external engine profile presets:
high,engine-authority,docs/RELEASE_SUMMARY_v3_5.md,7,"The implementation is clean-room Python/Tkinter code. It does not use, reference, or emulate Fighter Factory / VirtuallTek source code, assets, or proprietary logic."
info,honesty-negative,docs/RELEASE_SUMMARY_v3_5.md,15,"- Added Open Recent, Quick Start, tutorial text, home-doc generation, template install, SFF2 bridge pack, and backup buttons."
medium,safety-claim,docs/RELEASE_SUMMARY_v3_5.md,30,- Shows safe SFF axis reference metadata where the current SFF parser can inspect it.
high,binary-fullness,docs/RELEASE_SUMMARY_v3_5.md,31,- Does not claim arbitrary SFF2 binary axis mutation.
medium,safety-claim,docs/RELEASE_SUMMARY_v3_5.md,44,- Can append generated move blocks using the existing backup-safe Move Wizard path.
medium,safety-claim,docs/RELEASE_SUMMARY_v3_5.md,55,- Installs the existing safe debug overlay preset.
medium,plugin-execution,docs/RELEASE_SUMMARY_v3_5.md,58,### 8. Plugin / Template Architecture
medium,plugin-execution,docs/RELEASE_SUMMARY_v3_5.md,61,- Writes data-only no-code template and plugin manifest scaffolds.
medium,plugin-execution,docs/RELEASE_SUMMARY_v3_5.md,62,- Keeps arbitrary third-party Python code execution disabled.
info,honesty-negative,docs/RELEASE_SUMMARY_v3_5.md,69,### 10. Central Backup / Undo / Error-Log System
info,honesty-negative,docs/RELEASE_SUMMARY_v3_5.md,126,- AIR frame tick update with backup — passed.
info,honesty-negative,docs/RELEASE_SUMMARY_v3_5.md,127,- AIR offset update with backup — passed.
info,honesty-negative,docs/RELEASE_SUMMARY_v3_5.md,129,- PlaySnd cue insertion with backup — passed.
medium,plugin-execution,docs/RELEASE_SUMMARY_v3_5.md,132,- Template/plugin scaffold generation — passed.
info,honesty-negative,docs/RELEASE_SUMMARY_v3_5.md,133,- Backup snapshot creation — passed.
high,binary-fullness,docs/RELEASE_SUMMARY_v3_5.md,140,- Full arbitrary mature SFF v2 extraction/rebuild is not implemented.
medium,safety-claim,docs/RELEASE_SUMMARY_v3_5.md,141,- SFF2 Bridge creates source projects for external Sprmake2 use; it is not byte-perfect SFF2 binary mutation.
high,binary-fullness,docs/RELEASE_SUMMARY_v3_5.md,142,- Mature existing-SFF/SND binary mutation remains conservative.
high,engine-authority,docs/RELEASE_SUMMARY_v3_5.md,144,"- Visual Timeline and balance/frame-data reports are source-derived estimates, not engine-authoritative measurements."
medium,plugin-execution,docs/RELEASE_SUMMARY_v3_5.md,145,"- Plugin support is a data-only template/preset foundation, not a finished marketplace or arbitrary executable plugin system."
medium,fighter-factory-reference,docs/RELEASE_SUMMARY_v4_0.md,5,"MugenForge Studio v4.0 adds a new **Forge Beyond** clean-room parity+ layer. It targets public Fighter Factory-style M.U.G.E.N authoring workflows while keeping MugenForge's own implementation, UI, reports, and data models."
medium,plugin-execution,docs/RELEASE_SUMMARY_v4_0.md,18,- Template/plugin foundation.
medium,fighter-factory-reference,docs/RELEASE_SUMMARY_v4_0.md,27,The user requested the broad capabilities associated with a Fighter Factory-style workflow and wanted MugenForge to go beyond them. v4.0 does that as a clean-room implementation: it expands practical authoring coverage without copying proprietary code/assets and without overstating risky binary capabilities.
high,binary-fullness,docs/RELEASE_SUMMARY_v4_0.md,51,- Full mature arbitrary SFF v2 extraction/rebuild/mutation is not implemented.
high,engine-authority,docs/RELEASE_SUMMARY_v4_0.md,54,"- Frame/balance/graph reports are source-analysis aids, not engine-authoritative telemetry."
info,honesty-negative,docs/RELEASE_SUMMARY_v4_0.md,55,- Plugin/template architecture remains metadata/data-first and does not auto-run untrusted community Python code.
info,honesty-negative,docs/RELEASE_SUMMARY_v4_1.md,13,"v4.0 added broad clean-room parity-plus workflows. v4.1 focuses on the next practical need: making those workflows safer, clearer, and more visual before users mutate project files. It adds one cockpit for validation, previews, beginner next steps, sound cue sheet insertion, state-flow graphing, template import, stage source-art preview, backup history, and report bundling."
info,honesty-negative,docs/RELEASE_SUMMARY_v4_1.md,44,- Does not mutate SND binary banks.
medium,safety-claim,docs/RELEASE_SUMMARY_v4_1.md,50,- Uses supported SFF v1 sprite payload export where safe.
medium,plugin-execution,docs/RELEASE_SUMMARY_v4_1.md,62,- Validates template/plugin data files.
info,honesty-negative,docs/RELEASE_SUMMARY_v4_1.md,65,- Does not auto-run downloaded plugins.
info,honesty-negative,docs/RELEASE_SUMMARY_v4_1.md,73,### Backup history and restore
info,honesty-negative,docs/RELEASE_SUMMARY_v4_1.md,75,- Indexes backup/snapshot artifacts.
info,honesty-negative,docs/RELEASE_SUMMARY_v4_1.md,76,- Shows backup history in the UI.
info,honesty-negative,docs/RELEASE_SUMMARY_v4_1.md,77,- Restores individual backup files with a pre-restore guard copy when the target exists.
high,binary-fullness,docs/RELEASE_SUMMARY_v4_1.md,82,- Full mature arbitrary SFF v2 extraction/rebuild/mutation is still not implemented.
high,engine-authority,docs/RELEASE_SUMMARY_v4_1.md,86,"- Balance/frame-data/graph/dashboard reports are source-analysis aids, not engine-authoritative runtime telemetry."
info,honesty-negative,docs/RELEASE_SUMMARY_v4_1.md,87,- Template/plugin support remains data/metadata based and does not run arbitrary downloaded Python code.
high,binary-fullness,docs/RELEASE_SUMMARY_v4_5.md,74,- Full mature arbitrary SFF v2 extraction/rebuild/mutation is still not implemented.
info,honesty-negative,docs/RELEASE_SUMMARY_v4_5.md,79,- Palette Studio writes ACT variants but does not patch SFF palette tables.
high,engine-authority,docs/RELEASE_SUMMARY_v4_5.md,80,"- Stage Live Preview is approximate and does not emulate M.U.G.E.N rendering, parallax, or BGCtrl timing authoritatively."
high,engine-authority,docs/RELEASE_SUMMARY_v4_5.md,82,"- Frame-data, balance, graph, dashboard, and preview reports are source-analysis aids, not engine-authoritative runtime telemetry."
info,honesty-negative,docs/RELEASE_SUMMARY_v5_0.md,20,- MugenForge PNG-subset SFF2 probe/extract/axis-copy support for files created by the v5.0 experimental subset builder
info,honesty-negative,docs/RELEASE_SUMMARY_v5_0.md,23,- Experimental MugenForge PNG-subset SFF2-style copy builder for pipeline testing
info,honesty-negative,docs/RELEASE_SUMMARY_v5_0.md,25,- Rebuilt SND candidate generation from WAV payloads
medium,safety-claim,docs/RELEASE_SUMMARY_v5_0.md,39,- SFF axis patched-copy apply verified by creating a patched copy with updated axis values.
medium,safety-claim,docs/RELEASE_SUMMARY_v5_0.md,40,- SND rebuilt-candidate apply verified by reading the rebuilt SND.
medium,safety-claim,docs/RELEASE_SUMMARY_v5_0.md,41,"- SFF2 PNG-subset smoke test verified inspection, payload export, axis sheet export, and patched-copy axis apply on the experimental subset format."
high,binary-fullness,docs/RELEASE_SUMMARY_v5_0.md,46,- Full arbitrary mature SFF v2 extraction/rebuild/mutation is still not implemented.
info,honesty-negative,docs/RELEASE_SUMMARY_v5_0.md,47,- Unknown SFF2 compression/layout decoding is not implemented.
high,binary-fullness,docs/RELEASE_SUMMARY_v5_0.md,48,- SFF2 release rebuild still uses source workspace handoff rather than arbitrary in-place binary mutation.
info,honesty-negative,docs/RELEASE_SUMMARY_v5_0.md,49,"- The experimental MugenForge PNG-subset SFF2-style copy is a pipeline/testing format, not a full Sprmake2 replacement."
info,honesty-negative,docs/RELEASE_SUMMARY_v5_5.md,16,"- Standard SFF2 manifest-to-candidate builder with PNG32, raw8, RLE8, RLE5, and LZ5 source modes."
info,honesty-negative,docs/RELEASE_SUMMARY_v5_5.md,21,- SND rebuild candidate workflows retained.
info,honesty-negative,docs/RELEASE_SUMMARY_v5_5.md,41,- Native SFF2 rebuilds are candidate files and still require target-engine testing.
high,engine-authority,docs/RELEASE_SUMMARY_v5_5.md,44,- Static reports are not engine-authoritative; runtime evidence is only engine-authoritative when captured from a configured external engine run.
info,honesty-negative,docs/RELEASE_SUMMARY_v6_1.md,13,"v5.5 closed more of the binary gap, but the project still needed a serious way to turn static reports into actual engine-test evidence. v6.1 adds Runtime Lab: a dedicated cockpit for external engine launch profiles, debug overlays, test scenarios, log parsing, screenshot/log evidence indexing, regression checklists, readiness scoring, and shareable runtime bundles."
info,honesty-negative,docs/RELEASE_SUMMARY_v6_1.md,67,The overlay installer appends a State `-2` DisplayToClipboard/AppendToClipboard helper with a backup first. It gives creators live values during manual engine testing.
high,engine-authority,docs/RELEASE_SUMMARY_v6_1.md,90,"- Runtime Lab does not run, emulate, or simulate M.U.G.E.N/IKEMEN internally."
high,engine-authority,docs/RELEASE_SUMMARY_v6_1.md,92,"- Readiness scoring is a release aid, not engine-authoritative certification."
info,honesty-negative,docs/RELEASE_SUMMARY_v6_1.md,94,- Binary mutation remains backup/candidate-first and avoids blind overwrites.
info,honesty-negative,docs/RELEASE_SUMMARY_v7_0.md,13,"The previous honest limitations were real gaps: runtime simulation, engine-profile certainty, SFF/SND corpus coverage, unknown binary triage, candidate-only binary mutation, generated-code tuning, and report authority. v7.0 turns those gaps into executable workflows with visible outputs, evidence folders, CSV sheets, commit tokens, parser checks, backups, and rollback records."
medium,safety-claim,docs/RELEASE_SUMMARY_v7_0.md,25,"- Verified binary commit/install workflows with hashes, commit tokens, backups, and rollback."
info,honesty-negative,docs/RELEASE_SUMMARY_v7_0.md,65,Added explicit commit/install sheets that promote generated SFF/SND candidates into live project files only with enabled rows and confirmation/commit tokens. Backup snapshots and rollback manifests are written first.
info,honesty-negative,docs/RELEASE_SUMMARY_v7_0.md,77,- MugenForge does not bundle M.U.G.E.N or IKEMEN.
info,honesty-negative,docs/RELEASE_SUMMARY_v7_5.md,85,"v7.5 improves continuity and maintainability. It does not remove the need for configured external engine testing, broad binary corpus validation, or real gameplay playtesting. Binary install/mutation remains candidate-first with backups and verification."
medium,safety-claim,docs/superpowers/plans/2026-06-14-repair-smoke-and-ikemen-evidence.md,7,"**Architecture:** Keep code changes narrow: add reusable safe filename helpers near the call sites that currently fail compilation, cover them with smoke tests, and use existing Operator/Maintenance/Handoff backends to regenerate artifacts. Evidence Core remains external-engine driven; this plan only writes/validates a profile if a local IKEMEN executable can be discovered."
medium,safety-claim,docs/superpowers/plans/2026-06-14-repair-smoke-and-ikemen-evidence.md,13,### Task 1: Regression Tests For Compile-Safe Names
medium,safety-claim,docs/superpowers/plans/2026-06-14-repair-smoke-and-ikemen-evidence.md,52,"safe = re.sub(r'[^A-Za-z0-9_-]+', '_', str(value or '')).strip('_')"
medium,safety-claim,docs/superpowers/plans/2026-06-14-repair-smoke-and-ikemen-evidence.md,53,return safe or default
medium,safety-claim,docs/superpowers/plans/2026-06-14-repair-smoke-and-ikemen-evidence.md,67,"safe = re.sub(r'[^A-Za-z0-9_-]+', '_', str(value or '')).strip('_')"
medium,safety-claim,docs/superpowers/plans/2026-06-14-repair-smoke-and-ikemen-evidence.md,68,return safe or default
medium,safety-claim,docs/TEST_RESULTS_v4_0.txt,24,Verified title: MugenForge Studio 4.0 Forge Beyond.
medium,safety-claim,docs/TEST_RESULTS_v4_0.txt,25,Verified notebook loads with 38 tabs.
medium,safety-claim,docs/TEST_RESULTS_v4_0.txt,26,Verified Project Home is selected at startup.
medium,safety-claim,docs/TEST_RESULTS_v4_0.txt,27,Verified Forge Beyond tab exists.
medium,safety-claim,docs/TEST_RESULTS_v4_0.txt,46,Verified key outputs:
high,binary-fullness,docs/TEST_RESULTS_v4_0.txt,61,- README retains full arbitrary mature SFF v2 limitation.
high,binary-fullness,docs/TEST_RESULTS_v4_0.txt,62,- Forge Beyond capability matrix uses source-based SFF2 language and does not claim byte-perfect arbitrary SFF2 mutation.
info,honesty-negative,docs/TEST_RESULTS_v4_1.txt,28,- Enabled sound cue apply with backup creation: PASS
info,honesty-negative,docs/TEST_RESULTS_v4_1.txt,33,- Backup history indexing: PASS
info,honesty-negative,docs/TEST_RESULTS_v4_1.txt,43,- backup rows detected after apply/pass: PASS
medium,safety-claim,docs/TEST_RESULTS_v4_1.txt,47,- App title verified: PASS
high,binary-fullness,docs/TEST_RESULTS_v4_1.txt,53,- No full arbitrary mature SFF v2 binary editing/rebuilding was added or claimed.
medium,safety-claim,docs/TEST_RESULTS_v5_0.txt,41,- SFF axis sheet patched-copy apply; patched SFF readback verified updated axis values.
medium,safety-claim,docs/TEST_RESULTS_v5_0.txt,44,- SND rebuilt-candidate apply; rebuilt SND readback verified sounds present.
info,honesty-negative,docs/TEST_RESULTS_v5_0.txt,48,Experimental SFF2 PNG-subset fixture
info,honesty-negative,docs/TEST_RESULTS_v5_0.txt,52,- Built a MugenForge experimental PNG-table SFF2-style copy.
medium,safety-claim,docs/TEST_RESULTS_v5_0.txt,60,- Title verified: MugenForge Studio 5.0 Binary Core.
high,binary-fullness,docs/TEST_RESULTS_v5_0.txt,66,- Full arbitrary mature SFF2 extraction/rebuild/mutation is still not implemented.
info,honesty-negative,docs/TEST_RESULTS_v5_0.txt,67,- RLE5/RLE8/LZ5 payload decoding is not implemented.
info,honesty-negative,docs/TEST_RESULTS_v5_0.txt,70,"- Experimental PNG-table SFF2-style copy is for MugenForge pipeline inspection/testing, not a Sprmake2 replacement."
info,honesty-negative,docs/TEST_RESULTS_v5_5.txt,12,Built common-table SFF2 candidate from source manifest.
info,honesty-negative,docs/TEST_RESULTS_v5_5.txt,19,Replaced generated SFF with v5.5 standard SFF2 candidate.
info,honesty-negative,docs/TEST_RESULTS_v5_5.txt,30,"Created Binary Maturity report, edit workspace, source build candidate path, SND patch sheet, runtime harness, and bundle."
medium,safety-claim,docs/TEST_RESULTS_v5_5.txt,41,Title verified.
medium,safety-claim,docs/TEST_RESULTS_v6_1.txt,34,Verified runtime artifacts
info,honesty-negative,docs/TEST_RESULTS_v6_1.txt,56,The launch-script workflow reports a warning when no local engine executable is configured. This is expected: MugenForge does not bundle M.U.G.E.N/IKEMEN and requires the user to point Runtime Lab at their own engine install.
info,honesty-negative,evidence_core/engine/engine_profile.json,54,"""Set working_directory to the engine folder if blank cwd does not work."","
info,honesty-negative,evidence_core/engine/engine_profile_validation.json,57,"""Set working_directory to the engine folder if blank cwd does not work."","
info,honesty-negative,handoff_core/handoff/CURRENT_STATE_HANDOFF.md,19,"- v5.x: binary core/deep/maturity for SFF/SND inspection, candidate builds, and guarded mutation."
medium,safety-claim,handoff_core/handoff/CURRENT_STATE_HANDOFF.md,21,"- v7.x: closure/evidence/authority layers for simulation, engine-backed gates, corpus validation, verified candidate promotion."
info,honesty-negative,handoff_core/handoff/CURRENT_STATE_HANDOFF.md,57,3. Expand binary corpus validation and document unsupported variants.
medium,fighter-factory-reference,handoff_core/scope/honest_scope_ledger.json,5,"""do_not_claim"": ""Do not claim Fighter Factory / VirtuallTek source reuse."""
info,honesty-negative,handoff_core/scope/honest_scope_ledger.json,9,"""safe_claim"": ""Common SFF2 workflows include parser/export/candidate build/triage paths."","
high,binary-fullness,handoff_core/scope/honest_scope_ledger.json,10,"""do_not_claim"": ""Do not claim perfect arbitrary custom/encrypted/historical SFF2 support without corpus evidence."""
info,honesty-negative,handoff_core/scope/honest_scope_ledger.json,14,"""safe_claim"": ""SND workflows include WAV extraction/rebuild and guarded candidate patching when metadata is reliable."","
high,binary-fullness,handoff_core/scope/honest_scope_ledger.json,15,"""do_not_claim"": ""Do not claim blind in-place mutation of arbitrary legacy SND files."""
medium,safety-claim,handoff_core/scope/HONEST_SCOPE_LEDGER.md,7,- Safe claim: MugenForge is a clean-room Python/Tkinter M.U.G.E.N creator suite.
medium,fighter-factory-reference,handoff_core/scope/HONEST_SCOPE_LEDGER.md,8,- Do not claim: Do not claim Fighter Factory / VirtuallTek source reuse.
medium,safety-claim,handoff_core/scope/HONEST_SCOPE_LEDGER.md,12,- Safe claim: Common SFF2 workflows include parser/export/candidate build/triage paths.
high,binary-fullness,handoff_core/scope/HONEST_SCOPE_LEDGER.md,13,- Do not claim: Do not claim perfect arbitrary custom/encrypted/historical SFF2 support without corpus evidence.
medium,safety-claim,handoff_core/scope/HONEST_SCOPE_LEDGER.md,17,- Safe claim: SND workflows include WAV extraction/rebuild and guarded candidate patching when metadata is reliable.
high,binary-fullness,handoff_core/scope/HONEST_SCOPE_LEDGER.md,18,- Do not claim: Do not claim blind in-place mutation of arbitrary legacy SND files.
medium,safety-claim,handoff_core/scope/HONEST_SCOPE_LEDGER.md,22,"- Safe claim: Runtime/Evidence/Authority tools can configure local engine runs, parse logs, and index evidence."
medium,safety-claim,handoff_core/scope/HONEST_SCOPE_LEDGER.md,27,- Safe claim: Generated code is scaffolded and tunable through sheets and evidence loops.
medium,fighter-factory-reference,maintenance_core/HANDOFF_FOR_NEXT_CHAT.md,14,"- Clean-room only. Do not use or claim Fighter Factory / VirtuallTek source, assets, or proprietary logic."
high,engine-authority,maintenance_core/HANDOFF_FOR_NEXT_CHAT.md,16,- Do not claim static reports are engine-authoritative unless backed by external engine evidence.
medium,safety-claim,maintenance_core/HANDOFF_FOR_NEXT_CHAT.md,17,- Do not blindly overwrite user binaries; preserve candidate/backup/verified install workflows.
medium,plugin-execution,maintenance_core/HANDOFF_FOR_NEXT_CHAT.md,18,- Do not auto-run untrusted third-party Python plugins.
info,honesty-negative,maintenance_core/HANDOFF_FOR_NEXT_CHAT.md,34,"- v3.5 Visual Forge: beginner home, timeline, axis, sound cue, migration, backup logs."
info,honesty-negative,maintenance_core/HANDOFF_FOR_NEXT_CHAT.md,36,"- v4.1 Forge Polish: validation previews, sound cue apply, sprite-backed preview, backup history."
info,honesty-negative,maintenance_core/HANDOFF_FOR_NEXT_CHAT.md,38,- v5.0 Binary Core: conservative SFF/SND binary inspection and candidate workflows.
info,honesty-negative,maintenance_core/HANDOFF_FOR_NEXT_CHAT.md,40,"- v6.1 Runtime Lab: external engine launchers, logs, evidence, readiness reports."
medium,safety-claim,maintenance_core/HANDOFF_FOR_NEXT_CHAT.md,41,"- v7.0 Evidence Core line: gap closure, authority/evidence labs, source runtime modeling, corpus validation, verified installs."
info,honesty-negative,maintenance_core/honesty_claims/honesty_claims_audit.csv,2,"info,honesty-negative,CHANGELOG.md,14,""- Explicit binary mutation commit/install sheets with candidate verification, commit tokens, rollback snapshots, and restore workflow."""
info,honesty-negative,maintenance_core/honesty_claims/honesty_claims_audit.csv,3,"info,honesty-negative,CHANGELOG.md,23,""- Binary mutation workflows now include explicit reviewed commits, hashes, backups, and rollback snapshots instead of only candidate generation."""
medium,safety-claim,maintenance_core/honesty_claims/honesty_claims_audit.csv,4,"medium,safety-claim,CHANGELOG.md,26,### Verified"
info,honesty-negative,maintenance_core/honesty_claims/honesty_claims_audit.csv,5,"info,honesty-negative,CHANGELOG.md,40,- MugenForge does not bundle M.U.G.E.N or IKEMEN."
medium,safety-claim,maintenance_core/honesty_claims/honesty_claims_audit.csv,6,"medium,safety-claim,CHANGELOG.md,44,- Blind overwrites remain blocked; verified binary writes use backups and explicit opt-in sheets."
info,honesty-negative,maintenance_core/honesty_claims/honesty_claims_audit.csv,7,"info,honesty-negative,CHANGELOG.md,56,- Optional State `-2` DisplayToClipboard/AppendToClipboard debug overlay installer with backup."
info,honesty-negative,maintenance_core/honesty_claims/honesty_claims_audit.csv,8,"info,honesty-negative,CHANGELOG.md,68,""- The recommended late-project loop is now: generate launcher/test plan, run the external engine, collect logs/evidence, parse logs, and regenerate readiness."""
medium,safety-claim,maintenance_core/honesty_claims/honesty_claims_audit.csv,9,"medium,safety-claim,CHANGELOG.md,70,### Verified"
info,honesty-negative,maintenance_core/honesty_claims/honesty_claims_audit.csv,10,"info,honesty-negative,CHANGELOG.md,76,- Debug overlay backup/append behavior."
high,engine-authority,maintenance_core/honesty_claims/honesty_claims_audit.csv,11,"high,engine-authority,CHANGELOG.md,86,- MugenForge does not emulate or simulate M.U.G.E.N/IKEMEN."
high,engine-authority,maintenance_core/honesty_claims/honesty_claims_audit.csv,12,"high,engine-authority,CHANGELOG.md,88,""- Runtime readiness is an evidence aid, not engine-authoritative certification."""
info,honesty-negative,maintenance_core/honesty_claims/honesty_claims_audit.csv,13,"info,honesty-negative,CHANGELOG.md,90,- Binary SFF/SND mutation remains candidate/backup-first and avoids blind overwrites."
info,honesty-negative,maintenance_core/honesty_claims/honesty_claims_audit.csv,14,"info,honesty-negative,CHANGELOG.md,97,""- Decoded SFF2 export for PNG, raw indexed/truecolor, RLE8, RLE5, and LZ5 candidate paths."""
info,honesty-negative,maintenance_core/honesty_claims/honesty_claims_audit.csv,15,"info,honesty-negative,CHANGELOG.md,98,- Standard SFF2 candidate builder from source manifests."
info,honesty-negative,maintenance_core/honesty_claims/honesty_claims_audit.csv,16,"info,honesty-negative,CHANGELOG.md,112,- Candidate SFF2/SND outputs still require target-engine testing."
info,honesty-negative,maintenance_core/honesty_claims/honesty_claims_audit.csv,17,"info,honesty-negative,CHANGELOG.md,122,- SFF2 edit workspace export/apply for supported axis/source-image edits and rebuilt candidate copies."
medium,safety-claim,maintenance_core/honesty_claims/honesty_claims_audit.csv,18,"medium,safety-claim,CHANGELOG.md,134,""- Native SFF2 output is now a controlled table-backed writer path verified by MugenForge parser/export round trips, not the earlier private PNG-subset experiment."""
medium,safety-claim,maintenance_core/honesty_claims/honesty_claims_audit.csv,19,"medium,safety-claim,CHANGELOG.md,137,### Verified"
info,honesty-negative,maintenance_core/honesty_claims/honesty_claims_audit.csv,20,"info,honesty-negative,CHANGELOG.md,145,- SND slot patch sheet export and copied patch candidate apply."
medium,safety-claim,maintenance_core/honesty_claims/honesty_claims_audit.csv,21,"medium,safety-claim,CHANGELOG.md,152,- v5.5 codec coverage is verified on controlled fixtures; broad real-world corpus validation remains necessary."
info,honesty-negative,maintenance_core/honesty_claims/honesty_claims_audit.csv,22,"info,honesty-negative,CHANGELOG.md,154,- Binary mutation workflows write candidate copies/backups first; blind overwrite is intentionally avoided."
medium,safety-claim,maintenance_core/honesty_claims/honesty_claims_audit.csv,23,"medium,safety-claim,CHANGELOG.md,165,""- Supported SFF v1 payload extraction, conservative embedded PNG discovery, and MugenForge PNG-subset SFF2 payload extraction where records can be verified."""
info,honesty-negative,maintenance_core/honesty_claims/honesty_claims_audit.csv,24,"info,honesty-negative,CHANGELOG.md,169,""- Rebuilt SND candidate generation from WAV payloads, leaving the current SND untouched until manually installed/tested."""
medium,safety-claim,maintenance_core/honesty_claims/honesty_claims_audit.csv,25,"medium,safety-claim,CHANGELOG.md,179,### Verified"
info,honesty-negative,maintenance_core/honesty_claims/honesty_claims_audit.csv,26,"info,honesty-negative,CHANGELOG.md,189,- SND bank sheet export and rebuilt-candidate apply."
high,binary-fullness,maintenance_core/honesty_claims/honesty_claims_audit.csv,27,"high,binary-fullness,CHANGELOG.md,196,- Full arbitrary mature SFF v2 extraction/rebuild/mutation is still not implemented."
info,honesty-negative,maintenance_core/honesty_claims/honesty_claims_audit.csv,28,"info,honesty-negative,CHANGELOG.md,198,- SFF axis apply creates patched copies; it does not blindly overwrite the original SFF."
info,honesty-negative,maintenance_core/honesty_claims/honesty_claims_audit.csv,29,"info,honesty-negative,CHANGELOG.md,200,- SFF2 release rebuild remains source/Sprmake2 based; the experimental MugenForge PNG-subset copy is for pipeline testing only."
medium,safety-claim,maintenance_core/honesty_claims/honesty_claims_audit.csv,30,"medium,safety-claim,CHANGELOG.md,224,### Verified"
info,honesty-negative,maintenance_core/honesty_claims/honesty_claims_audit.csv,31,"info,honesty-negative,CHANGELOG.md,231,- Move timeline sheet export and apply with AIR backup plus PlaySnd insertion."
info,honesty-negative,maintenance_core/honesty_claims/honesty_claims_audit.csv,32,"info,honesty-negative,CHANGELOG.md,232,- CLSN track sheet export and apply with AIR backup."
info,honesty-negative,maintenance_core/honesty_claims/honesty_claims_audit.csv,33,"info,honesty-negative,CHANGELOG.md,233,- HitDef track sheet export and apply with CNS backup."
high,binary-fullness,maintenance_core/honesty_claims/honesty_claims_audit.csv,34,"high,binary-fullness,CHANGELOG.md,243,- Full mature arbitrary SFF v2 extraction/rebuild/mutation is still not implemented."
high,engine-authority,maintenance_core/honesty_claims/honesty_claims_audit.csv,35,"high,engine-authority,CHANGELOG.md,246,""- Timeline, graph, palette, stage, frame-data, and dashboard reports are source-analysis aids, not engine-authoritative runtime telemetry."""
info,honesty-negative,maintenance_core/honesty_claims/honesty_claims_audit.csv,36,"info,honesty-negative,CHANGELOG.md,247,- Sound cue insertion edits source code only; it does not mutate SND binary banks."
info,honesty-negative,maintenance_core/honesty_claims/honesty_claims_audit.csv,37,"info,honesty-negative,CHANGELOG.md,248,- Palette Studio writes ACT variants but does not patch SFF palette tables."
high,engine-authority,maintenance_core/honesty_claims/honesty_claims_audit.csv,38,"high,engine-authority,CHANGELOG.md,249,""- Stage Live Preview is approximate and does not emulate M.U.G.E.N rendering, parallax, or BGCtrl timing authoritatively."""
info,honesty-negative,maintenance_core/honesty_claims/honesty_claims_audit.csv,39,"info,honesty-negative,CHANGELOG.md,258,""- One-Click Polish Pass for dashboarding, sheet validation, sound cue sheet export, timeline preview, state graph artifacts, template validation, stage preview, backup history, and report bundling."""
medium,plugin-execution,maintenance_core/honesty_claims/honesty_claims_audit.csv,40,"medium,plugin-execution,CHANGELOG.md,264,- Data-only template/plugin validation and import workflow."
info,honesty-negative,maintenance_core/honesty_claims/honesty_claims_audit.csv,41,"info,honesty-negative,CHANGELOG.md,266,""- Backup history browser, individual backup restore helper, and pre-restore guard copies."""
medium,safety-claim,maintenance_core/honesty_claims/honesty_claims_audit.csv,42,"medium,safety-claim,CHANGELOG.md,275,### Verified"
info,honesty-negative,maintenance_core/honesty_claims/honesty_claims_audit.csv,43,"info,honesty-negative,CHANGELOG.md,283,- Editable sound cue sheet export/apply with backup creation."
info,honesty-negative,maintenance_core/honesty_claims/honesty_claims_audit.csv,44,"info,honesty-negative,CHANGELOG.md,288,- Backup history indexing."
high,binary-fullness,maintenance_core/honesty_claims/honesty_claims_audit.csv,45,"high,binary-fullness,CHANGELOG.md,295,- Full mature arbitrary SFF v2 extraction/rebuild is not implemented."
high,engine-authority,maintenance_core/honesty_claims/honesty_claims_audit.csv,46,"high,engine-authority,CHANGELOG.md,299,""- Balance/frame-data/graph/dashboard reports are estimates/source-analysis aids, not engine-authoritative runtime telemetry."""
info,honesty-negative,maintenance_core/honesty_claims/honesty_claims_audit.csv,47,"info,honesty-negative,CHANGELOG.md,300,- Plugin/template support remains data/metadata based and does not run arbitrary downloaded Python code."
medium,plugin-execution,maintenance_core/honesty_claims/honesty_claims_audit.csv,48,"medium,plugin-execution,CHANGELOG.md,316,- Metadata-only template/plugin foundation."
medium,safety-claim,maintenance_core/honesty_claims/honesty_claims_audit.csv,49,"medium,safety-claim,CHANGELOG.md,328,### Verified"
high,binary-fullness,maintenance_core/honesty_claims/honesty_claims_audit.csv,50,"high,binary-fullness,CHANGELOG.md,344,- Full mature arbitrary SFF v2 extraction/rebuild is not implemented."
high,engine-authority,maintenance_core/honesty_claims/honesty_claims_audit.csv,51,"high,engine-authority,CHANGELOG.md,348,""- Balance/frame-data/graph reports are estimates/source-analysis aids, not engine-authoritative runtime telemetry."""
info,honesty-negative,maintenance_core/honesty_claims/honesty_claims_audit.csv,52,"info,honesty-negative,CHANGELOG.md,349,- Plugin/template support remains metadata/preset based and does not run arbitrary downloaded Python code."
medium,safety-claim,maintenance_core/honesty_claims/honesty_claims_audit.csv,53,"medium,safety-claim,CHANGELOG.md,371,- Added read-only SFF axis reference display where safe inspection is supported."
high,binary-fullness,maintenance_core/honesty_claims/honesty_claims_audit.csv,54,"high,binary-fullness,CHANGELOG.md,372,- Kept SFF2 binary axis mutation honest: arbitrary SFF2 binary axis patching is not implemented."
medium,safety-claim,maintenance_core/honesty_claims/honesty_claims_audit.csv,55,"medium,safety-claim,CHANGELOG.md,377,""- Added StateDef discovery, PlaySnd cue insertion by AnimElem, and backup-safe code mutation."""
medium,safety-claim,maintenance_core/honesty_claims/honesty_claims_audit.csv,56,"medium,safety-claim,CHANGELOG.md,384,- Added optional append-to-project behavior using existing backup-safe Move Wizard paths."
medium,safety-claim,maintenance_core/honesty_claims/honesty_claims_audit.csv,57,"medium,safety-claim,CHANGELOG.md,395,- Added one-click install for the existing safe debug overlay preset plus Visual Forge docs/config."
medium,plugin-execution,maintenance_core/honesty_claims/honesty_claims_audit.csv,58,"medium,plugin-execution,CHANGELOG.md,397,### Plugin / Template Architecture"
medium,plugin-execution,maintenance_core/honesty_claims/honesty_claims_audit.csv,59,"medium,plugin-execution,CHANGELOG.md,400,- Added data-only no-code template manifest and plugin manifest scaffolds."
medium,plugin-execution,maintenance_core/honesty_claims/honesty_claims_audit.csv,60,"medium,plugin-execution,CHANGELOG.md,401,- Explicitly kept arbitrary third-party Python plugin execution disabled."
high,binary-fullness,maintenance_core/honesty_claims/honesty_claims_audit.csv,61,"high,binary-fullness,CHANGELOG.md,406,- Source-based Sprmake2 handoff remains the supported SFF2 path; full arbitrary SFF2 binary rebuilding is still not claimed."
info,honesty-negative,maintenance_core/honesty_claims/honesty_claims_audit.csv,62,"info,honesty-negative,CHANGELOG.md,408,### Central Backup / Undo / Error-Log System"
medium,safety-claim,maintenance_core/honesty_claims/honesty_claims_audit.csv,63,"medium,safety-claim,CHANGELOG.md,421,### Verified"
medium,plugin-execution,maintenance_core/honesty_claims/honesty_claims_audit.csv,64,"medium,plugin-execution,CHANGELOG.md,432,- Template/plugin scaffold generation."
info,honesty-negative,maintenance_core/honesty_claims/honesty_claims_audit.csv,65,"info,honesty-negative,CHANGELOG.md,433,- Backup snapshot generation."
high,binary-fullness,maintenance_core/honesty_claims/honesty_claims_audit.csv,66,"high,binary-fullness,CHANGELOG.md,438,- Full mature arbitrary SFF v2 extraction/rebuild is not implemented."
medium,safety-claim,maintenance_core/honesty_claims/honesty_claims_audit.csv,67,"medium,safety-claim,CHANGELOG.md,439,- SFF2 Bridge creates source projects for external Sprmake2 use; it is not byte-perfect SFF2 binary mutation."
high,binary-fullness,maintenance_core/honesty_claims/honesty_claims_audit.csv,68,"high,binary-fullness,CHANGELOG.md,440,- Mature existing-SFF/SND binary mutation remains conservative."
high,engine-authority,maintenance_core/honesty_claims/honesty_claims_audit.csv,69,"high,engine-authority,CHANGELOG.md,442,""- Visual timeline and balance/frame reports are source-derived estimates, not engine-authoritative measurements."""
info,honesty-negative,maintenance_core/honesty_claims/honesty_claims_audit.csv,70,"info,honesty-negative,CHANGELOG.md,451,- Embedded PNG/PCX/WAV scanning from unsupported or packed projects."
medium,safety-claim,maintenance_core/honesty_claims/honesty_claims_audit.csv,71,"medium,safety-claim,CHANGELOG.md,468,### Verified"
high,binary-fullness,maintenance_core/honesty_claims/honesty_claims_audit.csv,72,"high,binary-fullness,CHANGELOG.md,481,- Full mature arbitrary SFF v2 extraction/rebuild is not implemented."
medium,safety-claim,maintenance_core/honesty_claims/honesty_claims_audit.csv,73,"medium,safety-claim,CHANGELOG.md,482,- SFF2 Bridge creates source projects for external Sprmake2 use; it is not byte-perfect SFF2 binary mutation."
medium,safety-claim,maintenance_core/honesty_claims/honesty_claims_audit.csv,74,"medium,safety-claim,CHANGELOG.md,512,### Verified"
high,binary-fullness,maintenance_core/honesty_claims/honesty_claims_audit.csv,75,"high,binary-fullness,CHANGELOG.md,524,- Full mature SFF v2 extraction/rebuild is not implemented."
high,binary-fullness,maintenance_core/honesty_claims/honesty_claims_audit.csv,76,"high,binary-fullness,CHANGELOG.md,525,- Mature existing-SFF/SND binary mutation remains conservative."
medium,safety-claim,maintenance_core/honesty_claims/honesty_claims_audit.csv,77,"medium,safety-claim,CHANGELOG.md,535,### Verified"
high,binary-fullness,maintenance_core/honesty_claims/honesty_claims_audit.csv,78,"high,binary-fullness,CHANGELOG.md,578,- Full mature SFF v2 extraction/rebuild is not implemented."
high,binary-fullness,maintenance_core/honesty_claims/honesty_claims_audit.csv,79,"high,binary-fullness,CHANGELOG.md,617,- Full SFF v2 extraction/rebuild remains incomplete."
high,binary-fullness,maintenance_core/honesty_claims/honesty_claims_audit.csv,80,"high,binary-fullness,CHANGELOG.md,618,- Mature existing-SFF/SND binary mutation remains conservative."
info,honesty-negative,maintenance_core/honesty_claims/honesty_claims_audit.csv,81,"info,honesty-negative,handoff_core/HANDOFF_CORE_START_HERE.md,13,This system does not replace real tests or engine playtesting. It makes continuity safer and easier."
medium,safety-claim,maintenance_core/honesty_claims/honesty_claims_audit.csv,82,"medium,safety-claim,handoff_core/MUGENFORGE_DEVELOPMENT_HANDOFF_v7_5.md,29,## Safe run/test commands"
medium,fighter-factory-reference,maintenance_core/honesty_claims/honesty_claims_audit.csv,83,"medium,fighter-factory-reference,handoff_core/NEXT_CHAT_PROMPT_v7_5.md,15,- Clean-room only; do not use Fighter Factory / VirtualTek source code or assets."
info,honesty-negative,maintenance_core/honesty_claims/honesty_claims_audit.csv,84,"info,honesty-negative,handoff_core/NEXT_CHAT_PROMPT_v7_5.md,16,- Keep binary mutation backup/candidate-first and refuse unsafe unknown layouts."
info,honesty-negative,maintenance_core/honesty_claims/honesty_claims_audit.csv,85,"info,honesty-negative,handoff_core/NEXT_CHAT_PROMPT_v7_5.md,17,- External engine evidence is required for final runtime confidence."
high,engine-authority,maintenance_core/honesty_claims/honesty_claims_audit.csv,86,"high,engine-authority,handoff_core/NEXT_CHAT_PROMPT_v7_5.md,18,""- Static/source simulation reports are preflight aids, not engine-authoritative results."""
medium,fighter-factory-reference,maintenance_core/honesty_claims/honesty_claims_audit.csv,87,"medium,fighter-factory-reference,maintenance_core/HANDOFF_FOR_NEXT_CHAT.md,14,""- Clean-room only. Do not use or claim Fighter Factory / VirtuallTek source, assets, or proprietary logic."""
high,engine-authority,maintenance_core/honesty_claims/honesty_claims_audit.csv,88,"high,engine-authority,maintenance_core/HANDOFF_FOR_NEXT_CHAT.md,16,- Do not claim static reports are engine-authoritative unless backed by external engine evidence."
medium,safety-claim,maintenance_core/honesty_claims/honesty_claims_audit.csv,89,"medium,safety-claim,maintenance_core/HANDOFF_FOR_NEXT_CHAT.md,17,- Do not blindly overwrite user binaries; preserve candidate/backup/verified install workflows."
medium,plugin-execution,maintenance_core/honesty_claims/honesty_claims_audit.csv,90,"medium,plugin-execution,maintenance_core/HANDOFF_FOR_NEXT_CHAT.md,18,- Do not auto-run untrusted third-party Python plugins."
info,honesty-negative,maintenance_core/honesty_claims/honesty_claims_audit.csv,91,"info,honesty-negative,maintenance_core/HANDOFF_FOR_NEXT_CHAT.md,34,""- v3.5 Visual Forge: beginner home, timeline, axis, sound cue, migration, backup logs."""
info,honesty-negative,maintenance_core/honesty_claims/honesty_claims_audit.csv,92,"info,honesty-negative,maintenance_core/HANDOFF_FOR_NEXT_CHAT.md,36,""- v4.1 Forge Polish: validation previews, sound cue apply, sprite-backed preview, backup history."""
info,honesty-negative,maintenance_core/honesty_claims/honesty_claims_audit.csv,93,"info,honesty-negative,maintenance_core/HANDOFF_FOR_NEXT_CHAT.md,38,- v5.0 Binary Core: conservative SFF/SND binary inspection and candidate workflows."
info,honesty-negative,maintenance_core/honesty_claims/honesty_claims_audit.csv,94,"info,honesty-negative,maintenance_core/HANDOFF_FOR_NEXT_CHAT.md,40,""- v6.1 Runtime Lab: external engine launchers, logs, evidence, readiness reports."""
medium,safety-claim,maintenance_core/honesty_claims/honesty_claims_audit.csv,95,"medium,safety-claim,maintenance_core/HANDOFF_FOR_NEXT_CHAT.md,41,""- v7.0 Evidence Core line: gap closure, authority/evidence labs, source runtime modeling, corpus validation, verified installs."""
info,honesty-negative,maintenance_core/honesty_claims/honesty_claims_audit.csv,96,"info,honesty-negative,maintenance_core/honesty_claims/honesty_claims_audit.csv,2,""info,honesty-negative,CHANGELOG.md,14,""""- Explicit binary mutation commit/install sheets with candidate verification, commit tokens, rollback snapshots, and restore workflow."""""""
info,honesty-negative,maintenance_core/honesty_claims/honesty_claims_audit.csv,97,"info,honesty-negative,maintenance_core/honesty_claims/honesty_claims_audit.csv,3,""info,honesty-negative,CHANGELOG.md,23,""""- Binary mutation workflows now include explicit reviewed commits, hashes, backups, and rollback snapshots instead of only candidate generation."""""""
medium,safety-claim,maintenance_core/honesty_claims/honesty_claims_audit.csv,98,"medium,safety-claim,maintenance_core/honesty_claims/honesty_claims_audit.csv,4,""medium,safety-claim,CHANGELOG.md,26,### Verified"""
info,honesty-negative,maintenance_core/honesty_claims/honesty_claims_audit.csv,99,"info,honesty-negative,maintenance_core/honesty_claims/honesty_claims_audit.csv,5,""info,honesty-negative,CHANGELOG.md,40,- MugenForge does not bundle M.U.G.E.N or IKEMEN."""
medium,safety-claim,maintenance_core/honesty_claims/honesty_claims_audit.csv,100,"medium,safety-claim,maintenance_core/honesty_claims/honesty_claims_audit.csv,6,""medium,safety-claim,CHANGELOG.md,44,- Blind overwrites remain blocked; verified binary writes use backups and explicit opt-in sheets."""
info,honesty-negative,maintenance_core/honesty_claims/honesty_claims_audit.csv,101,"info,honesty-negative,maintenance_core/honesty_claims/honesty_claims_audit.csv,7,""info,honesty-negative,CHANGELOG.md,56,- Optional State `-2` DisplayToClipboard/AppendToClipboard debug overlay installer with backup."""
info,honesty-negative,maintenance_core/honesty_claims/honesty_claims_audit.csv,102,"info,honesty-negative,maintenance_core/honesty_claims/honesty_claims_audit.csv,8,""info,honesty-negative,CHANGELOG.md,68,""""- The recommended late-project loop is now: generate launcher/test plan, run the external engine, collect logs/evidence, parse logs, and regenerate readiness."""""""
medium,safety-claim,maintenance_core/honesty_claims/honesty_claims_audit.csv,103,"medium,safety-claim,maintenance_core/honesty_claims/honesty_claims_audit.csv,9,""medium,safety-claim,CHANGELOG.md,70,### Verified"""
info,honesty-negative,maintenance_core/honesty_claims/honesty_claims_audit.csv,104,"info,honesty-negative,maintenance_core/honesty_claims/honesty_claims_audit.csv,10,""info,honesty-negative,CHANGELOG.md,76,- Debug overlay backup/append behavior."""
high,engine-authority,maintenance_core/honesty_claims/honesty_claims_audit.csv,105,"high,engine-authority,maintenance_core/honesty_claims/honesty_claims_audit.csv,11,""high,engine-authority,CHANGELOG.md,86,- MugenForge does not emulate or simulate M.U.G.E.N/IKEMEN."""
high,engine-authority,maintenance_core/honesty_claims/honesty_claims_audit.csv,106,"high,engine-authority,maintenance_core/honesty_claims/honesty_claims_audit.csv,12,""high,engine-authority,CHANGELOG.md,88,""""- Runtime readiness is an evidence aid, not engine-authoritative certification."""""""
info,honesty-negative,maintenance_core/honesty_claims/honesty_claims_audit.csv,107,"info,honesty-negative,maintenance_core/honesty_claims/honesty_claims_audit.csv,13,""info,honesty-negative,CHANGELOG.md,90,- Binary SFF/SND mutation remains candidate/backup-first and avoids blind overwrites."""
info,honesty-negative,maintenance_core/honesty_claims/honesty_claims_audit.csv,108,"info,honesty-negative,maintenance_core/honesty_claims/honesty_claims_audit.csv,14,""info,honesty-negative,CHANGELOG.md,97,""""- Decoded SFF2 export for PNG, raw indexed/truecolor, RLE8, RLE5, and LZ5 candidate paths."""""""
info,honesty-negative,maintenance_core/honesty_claims/honesty_claims_audit.csv,109,"info,honesty-negative,maintenance_core/honesty_claims/honesty_claims_audit.csv,15,""info,honesty-negative,CHANGELOG.md,98,- Standard SFF2 candidate builder from source manifests."""
info,honesty-negative,maintenance_core/honesty_claims/honesty_claims_audit.csv,110,"info,honesty-negative,maintenance_core/honesty_claims/honesty_claims_audit.csv,16,""info,honesty-negative,CHANGELOG.md,112,- Candidate SFF2/SND outputs still require target-engine testing."""
info,honesty-negative,maintenance_core/honesty_claims/honesty_claims_audit.csv,111,"info,honesty-negative,maintenance_core/honesty_claims/honesty_claims_audit.csv,17,""info,honesty-negative,CHANGELOG.md,122,- SFF2 edit workspace export/apply for supported axis/source-image edits and rebuilt candidate copies."""
medium,safety-claim,maintenance_core/honesty_claims/honesty_claims_audit.csv,112,"medium,safety-claim,maintenance_core/honesty_claims/honesty_claims_audit.csv,18,""medium,safety-claim,CHANGELOG.md,134,""""- Native SFF2 output is now a controlled table-backed writer path verified by MugenForge parser/export round trips, not the earlier private PNG-subset experiment."""""""
medium,safety-claim,maintenance_core/honesty_claims/honesty_claims_audit.csv,113,"medium,safety-claim,maintenance_core/honesty_claims/honesty_claims_audit.csv,19,""medium,safety-claim,CHANGELOG.md,137,### Verified"""
info,honesty-negative,maintenance_core/honesty_claims/honesty_claims_audit.csv,114,"info,honesty-negative,maintenance_core/honesty_claims/honesty_claims_audit.csv,20,""info,honesty-negative,CHANGELOG.md,145,- SND slot patch sheet export and copied patch candidate apply."""
medium,safety-claim,maintenance_core/honesty_claims/honesty_claims_audit.csv,115,"medium,safety-claim,maintenance_core/honesty_claims/honesty_claims_audit.csv,21,""medium,safety-claim,CHANGELOG.md,152,- v5.5 codec coverage is verified on controlled fixtures; broad real-world corpus validation remains necessary."""
info,honesty-negative,maintenance_core/honesty_claims/honesty_claims_audit.csv,116,"info,honesty-negative,maintenance_core/honesty_claims/honesty_claims_audit.csv,22,""info,honesty-negative,CHANGELOG.md,154,- Binary mutation workflows write candidate copies/backups first; blind overwrite is intentionally avoided."""
medium,safety-claim,maintenance_core/honesty_claims/honesty_claims_audit.csv,117,"medium,safety-claim,maintenance_core/honesty_claims/honesty_claims_audit.csv,23,""medium,safety-claim,CHANGELOG.md,165,""""- Supported SFF v1 payload extraction, conservative embedded PNG discovery, and MugenForge PNG-subset SFF2 payload extraction where records can be verified."""""""
info,honesty-negative,maintenance_core/honesty_claims/honesty_claims_audit.csv,118,"info,honesty-negative,maintenance_core/honesty_claims/honesty_claims_audit.csv,24,""info,honesty-negative,CHANGELOG.md,169,""""- Rebuilt SND candidate generation from WAV payloads, leaving the current SND untouched until manually installed/tested."""""""
medium,safety-claim,maintenance_core/honesty_claims/honesty_claims_audit.csv,119,"medium,safety-claim,maintenance_core/honesty_claims/honesty_claims_audit.csv,25,""medium,safety-claim,CHANGELOG.md,179,### Verified"""
info,honesty-negative,maintenance_core/honesty_claims/honesty_claims_audit.csv,120,"info,honesty-negative,maintenance_core/honesty_claims/honesty_claims_audit.csv,26,""info,honesty-negative,CHANGELOG.md,189,- SND bank sheet export and rebuilt-candidate apply."""
high,binary-fullness,maintenance_core/honesty_claims/honesty_claims_audit.csv,121,"high,binary-fullness,maintenance_core/honesty_claims/honesty_claims_audit.csv,27,""high,binary-fullness,CHANGELOG.md,196,- Full arbitrary mature SFF v2 extraction/rebuild/mutation is still not implemented."""
info,honesty-negative,maintenance_core/honesty_claims/honesty_claims_audit.csv,122,"info,honesty-negative,maintenance_core/honesty_claims/honesty_claims_audit.csv,28,""info,honesty-negative,CHANGELOG.md,198,- SFF axis apply creates patched copies; it does not blindly overwrite the original SFF."""
info,honesty-negative,maintenance_core/honesty_claims/honesty_claims_audit.csv,123,"info,honesty-negative,maintenance_core/honesty_claims/honesty_claims_audit.csv,29,""info,honesty-negative,CHANGELOG.md,200,- SFF2 release rebuild remains source/Sprmake2 based; the experimental MugenForge PNG-subset copy is for pipeline testing only."""
medium,safety-claim,maintenance_core/honesty_claims/honesty_claims_audit.csv,124,"medium,safety-claim,maintenance_core/honesty_claims/honesty_claims_audit.csv,30,""medium,safety-claim,CHANGELOG.md,224,### Verified"""
info,honesty-negative,maintenance_core/honesty_claims/honesty_claims_audit.csv,125,"info,honesty-negative,maintenance_core/honesty_claims/honesty_claims_audit.csv,31,""info,honesty-negative,CHANGELOG.md,231,- Move timeline sheet export and apply with AIR backup plus PlaySnd insertion."""
info,honesty-negative,maintenance_core/honesty_claims/honesty_claims_audit.csv,126,"info,honesty-negative,maintenance_core/honesty_claims/honesty_claims_audit.csv,32,""info,honesty-negative,CHANGELOG.md,232,- CLSN track sheet export and apply with AIR backup."""
info,honesty-negative,maintenance_core/honesty_claims/honesty_claims_audit.csv,127,"info,honesty-negative,maintenance_core/honesty_claims/honesty_claims_audit.csv,33,""info,honesty-negative,CHANGELOG.md,233,- HitDef track sheet export and apply with CNS backup."""
high,binary-fullness,maintenance_core/honesty_claims/honesty_claims_audit.csv,128,"high,binary-fullness,maintenance_core/honesty_claims/honesty_claims_audit.csv,34,""high,binary-fullness,CHANGELOG.md,243,- Full mature arbitrary SFF v2 extraction/rebuild/mutation is still not implemented."""
high,engine-authority,maintenance_core/honesty_claims/honesty_claims_audit.csv,129,"high,engine-authority,maintenance_core/honesty_claims/honesty_claims_audit.csv,35,""high,engine-authority,CHANGELOG.md,246,""""- Timeline, graph, palette, stage, frame-data, and dashboard reports are source-analysis aids, not engine-authoritative runtime telemetry."""""""
info,honesty-negative,maintenance_core/honesty_claims/honesty_claims_audit.csv,130,"info,honesty-negative,maintenance_core/honesty_claims/honesty_claims_audit.csv,36,""info,honesty-negative,CHANGELOG.md,247,- Sound cue insertion edits source code only; it does not mutate SND binary banks."""
info,honesty-negative,maintenance_core/honesty_claims/honesty_claims_audit.csv,131,"info,honesty-negative,maintenance_core/honesty_claims/honesty_claims_audit.csv,37,""info,honesty-negative,CHANGELOG.md,248,- Palette Studio writes ACT variants but does not patch SFF palette tables."""
high,engine-authority,maintenance_core/honesty_claims/honesty_claims_audit.csv,132,"high,engine-authority,maintenance_core/honesty_claims/honesty_claims_audit.csv,38,""high,engine-authority,CHANGELOG.md,249,""""- Stage Live Preview is approximate and does not emulate M.U.G.E.N rendering, parallax, or BGCtrl timing authoritatively."""""""
info,honesty-negative,maintenance_core/honesty_claims/honesty_claims_audit.csv,133,"info,honesty-negative,maintenance_core/honesty_claims/honesty_claims_audit.csv,39,""info,honesty-negative,CHANGELOG.md,258,""""- One-Click Polish Pass for dashboarding, sheet validation, sound cue sheet export, timeline preview, state graph artifacts, template validation, stage preview, backup history, and report bundling."""""""
medium,plugin-execution,maintenance_core/honesty_claims/honesty_claims_audit.csv,134,"medium,plugin-execution,maintenance_core/honesty_claims/honesty_claims_audit.csv,40,""medium,plugin-execution,CHANGELOG.md,264,- Data-only template/plugin validation and import workflow."""
info,honesty-negative,maintenance_core/honesty_claims/honesty_claims_audit.csv,135,"info,honesty-negative,maintenance_core/honesty_claims/honesty_claims_audit.csv,41,""info,honesty-negative,CHANGELOG.md,266,""""- Backup history browser, individual backup restore helper, and pre-restore guard copies."""""""
medium,safety-claim,maintenance_core/honesty_claims/honesty_claims_audit.csv,136,"medium,safety-claim,maintenance_core/honesty_claims/honesty_claims_audit.csv,42,""medium,safety-claim,CHANGELOG.md,275,### Verified"""
info,honesty-negative,maintenance_core/honesty_claims/honesty_claims_audit.csv,137,"info,honesty-negative,maintenance_core/honesty_claims/honesty_claims_audit.csv,43,""info,honesty-negative,CHANGELOG.md,283,- Editable sound cue sheet export/apply with backup creation."""
info,honesty-negative,maintenance_core/honesty_claims/honesty_claims_audit.csv,138,"info,honesty-negative,maintenance_core/honesty_claims/honesty_claims_audit.csv,44,""info,honesty-negative,CHANGELOG.md,288,- Backup history indexing."""
high,binary-fullness,maintenance_core/honesty_claims/honesty_claims_audit.csv,139,"high,binary-fullness,maintenance_core/honesty_claims/honesty_claims_audit.csv,45,""high,binary-fullness,CHANGELOG.md,295,- Full mature arbitrary SFF v2 extraction/rebuild is not implemented."""
high,engine-authority,maintenance_core/honesty_claims/honesty_claims_audit.csv,140,"high,engine-authority,maintenance_core/honesty_claims/honesty_claims_audit.csv,46,""high,engine-authority,CHANGELOG.md,299,""""- Balance/frame-data/graph/dashboard reports are estimates/source-analysis aids, not engine-authoritative runtime telemetry."""""""
info,honesty-negative,maintenance_core/honesty_claims/honesty_claims_audit.csv,141,"info,honesty-negative,maintenance_core/honesty_claims/honesty_claims_audit.csv,47,""info,honesty-negative,CHANGELOG.md,300,- Plugin/template support remains data/metadata based and does not run arbitrary downloaded Python code."""
medium,plugin-execution,maintenance_core/honesty_claims/honesty_claims_audit.csv,142,"medium,plugin-execution,maintenance_core/honesty_claims/honesty_claims_audit.csv,48,""medium,plugin-execution,CHANGELOG.md,316,- Metadata-only template/plugin foundation."""
medium,safety-claim,maintenance_core/honesty_claims/honesty_claims_audit.csv,143,"medium,safety-claim,maintenance_core/honesty_claims/honesty_claims_audit.csv,49,""medium,safety-claim,CHANGELOG.md,328,### Verified"""
high,binary-fullness,maintenance_core/honesty_claims/honesty_claims_audit.csv,144,"high,binary-fullness,maintenance_core/honesty_claims/honesty_claims_audit.csv,50,""high,binary-fullness,CHANGELOG.md,344,- Full mature arbitrary SFF v2 extraction/rebuild is not implemented."""
high,engine-authority,maintenance_core/honesty_claims/honesty_claims_audit.csv,145,"high,engine-authority,maintenance_core/honesty_claims/honesty_claims_audit.csv,51,""high,engine-authority,CHANGELOG.md,348,""""- Balance/frame-data/graph reports are estimates/source-analysis aids, not engine-authoritative runtime telemetry."""""""
info,honesty-negative,maintenance_core/honesty_claims/honesty_claims_audit.csv,146,"info,honesty-negative,maintenance_core/honesty_claims/honesty_claims_audit.csv,52,""info,honesty-negative,CHANGELOG.md,349,- Plugin/template support remains metadata/preset based and does not run arbitrary downloaded Python code."""
medium,safety-claim,maintenance_core/honesty_claims/honesty_claims_audit.csv,147,"medium,safety-claim,maintenance_core/honesty_claims/honesty_claims_audit.csv,53,""medium,safety-claim,CHANGELOG.md,371,- Added read-only SFF axis reference display where safe inspection is supported."""
high,binary-fullness,maintenance_core/honesty_claims/honesty_claims_audit.csv,148,"high,binary-fullness,maintenance_core/honesty_claims/honesty_claims_audit.csv,54,""high,binary-fullness,CHANGELOG.md,372,- Kept SFF2 binary axis mutation honest: arbitrary SFF2 binary axis patching is not implemented."""
medium,safety-claim,maintenance_core/honesty_claims/honesty_claims_audit.csv,149,"medium,safety-claim,maintenance_core/honesty_claims/honesty_claims_audit.csv,55,""medium,safety-claim,CHANGELOG.md,377,""""- Added StateDef discovery, PlaySnd cue insertion by AnimElem, and backup-safe code mutation."""""""
medium,safety-claim,maintenance_core/honesty_claims/honesty_claims_audit.csv,150,"medium,safety-claim,maintenance_core/honesty_claims/honesty_claims_audit.csv,56,""medium,safety-claim,CHANGELOG.md,384,- Added optional append-to-project behavior using existing backup-safe Move Wizard paths."""
medium,safety-claim,maintenance_core/honesty_claims/honesty_claims_audit.csv,151,"medium,safety-claim,maintenance_core/honesty_claims/honesty_claims_audit.csv,57,""medium,safety-claim,CHANGELOG.md,395,- Added one-click install for the existing safe debug overlay preset plus Visual Forge docs/config."""
medium,plugin-execution,maintenance_core/honesty_claims/honesty_claims_audit.csv,152,"medium,plugin-execution,maintenance_core/honesty_claims/honesty_claims_audit.csv,58,""medium,plugin-execution,CHANGELOG.md,397,### Plugin / Template Architecture"""
medium,plugin-execution,maintenance_core/honesty_claims/honesty_claims_audit.csv,153,"medium,plugin-execution,maintenance_core/honesty_claims/honesty_claims_audit.csv,59,""medium,plugin-execution,CHANGELOG.md,400,- Added data-only no-code template manifest and plugin manifest scaffolds."""
medium,plugin-execution,maintenance_core/honesty_claims/honesty_claims_audit.csv,154,"medium,plugin-execution,maintenance_core/honesty_claims/honesty_claims_audit.csv,60,""medium,plugin-execution,CHANGELOG.md,401,- Explicitly kept arbitrary third-party Python plugin execution disabled."""
high,binary-fullness,maintenance_core/honesty_claims/honesty_claims_audit.csv,155,"high,binary-fullness,maintenance_core/honesty_claims/honesty_claims_audit.csv,61,""high,binary-fullness,CHANGELOG.md,406,- Source-based Sprmake2 handoff remains the supported SFF2 path; full arbitrary SFF2 binary rebuilding is still not claimed."""
info,honesty-negative,maintenance_core/honesty_claims/honesty_claims_audit.csv,156,"info,honesty-negative,maintenance_core/honesty_claims/honesty_claims_audit.csv,62,""info,honesty-negative,CHANGELOG.md,408,### Central Backup / Undo / Error-Log System"""
medium,safety-claim,maintenance_core/honesty_claims/honesty_claims_audit.csv,157,"medium,safety-claim,maintenance_core/honesty_claims/honesty_claims_audit.csv,63,""medium,safety-claim,CHANGELOG.md,421,### Verified"""
medium,plugin-execution,maintenance_core/honesty_claims/honesty_claims_audit.csv,158,"medium,plugin-execution,maintenance_core/honesty_claims/honesty_claims_audit.csv,64,""medium,plugin-execution,CHANGELOG.md,432,- Template/plugin scaffold generation."""
info,honesty-negative,maintenance_core/honesty_claims/honesty_claims_audit.csv,159,"info,honesty-negative,maintenance_core/honesty_claims/honesty_claims_audit.csv,65,""info,honesty-negative,CHANGELOG.md,433,- Backup snapshot generation."""
high,binary-fullness,maintenance_core/honesty_claims/honesty_claims_audit.csv,160,"high,binary-fullness,maintenance_core/honesty_claims/honesty_claims_audit.csv,66,""high,binary-fullness,CHANGELOG.md,438,- Full mature arbitrary SFF v2 extraction/rebuild is not implemented."""
medium,safety-claim,maintenance_core/honesty_claims/honesty_claims_audit.csv,161,"medium,safety-claim,maintenance_core/honesty_claims/honesty_claims_audit.csv,67,""medium,safety-claim,CHANGELOG.md,439,- SFF2 Bridge creates source projects for external Sprmake2 use; it is not byte-perfect SFF2 binary mutation."""
high,binary-fullness,maintenance_core/honesty_claims/honesty_claims_audit.csv,162,"high,binary-fullness,maintenance_core/honesty_claims/honesty_claims_audit.csv,68,""high,binary-fullness,CHANGELOG.md,440,- Mature existing-SFF/SND binary mutation remains conservative."""
high,engine-authority,maintenance_core/honesty_claims/honesty_claims_audit.csv,163,"high,engine-authority,maintenance_core/honesty_claims/honesty_claims_audit.csv,69,""high,engine-authority,CHANGELOG.md,442,""""- Visual timeline and balance/frame reports are source-derived estimates, not engine-authoritative measurements."""""""
info,honesty-negative,maintenance_core/honesty_claims/honesty_claims_audit.csv,164,"info,honesty-negative,maintenance_core/honesty_claims/honesty_claims_audit.csv,70,""info,honesty-negative,CHANGELOG.md,451,- Embedded PNG/PCX/WAV scanning from unsupported or packed projects."""
medium,safety-claim,maintenance_core/honesty_claims/honesty_claims_audit.csv,165,"medium,safety-claim,maintenance_core/honesty_claims/honesty_claims_audit.csv,71,""medium,safety-claim,CHANGELOG.md,468,### Verified"""
high,binary-fullness,maintenance_core/honesty_claims/honesty_claims_audit.csv,166,"high,binary-fullness,maintenance_core/honesty_claims/honesty_claims_audit.csv,72,""high,binary-fullness,CHANGELOG.md,481,- Full mature arbitrary SFF v2 extraction/rebuild is not implemented."""
medium,safety-claim,maintenance_core/honesty_claims/honesty_claims_audit.csv,167,"medium,safety-claim,maintenance_core/honesty_claims/honesty_claims_audit.csv,73,""medium,safety-claim,CHANGELOG.md,482,- SFF2 Bridge creates source projects for external Sprmake2 use; it is not byte-perfect SFF2 binary mutation."""
medium,safety-claim,maintenance_core/honesty_claims/honesty_claims_audit.csv,168,"medium,safety-claim,maintenance_core/honesty_claims/honesty_claims_audit.csv,74,""medium,safety-claim,CHANGELOG.md,512,### Verified"""
high,binary-fullness,maintenance_core/honesty_claims/honesty_claims_audit.csv,169,"high,binary-fullness,maintenance_core/honesty_claims/honesty_claims_audit.csv,75,""high,binary-fullness,CHANGELOG.md,524,- Full mature SFF v2 extraction/rebuild is not implemented."""
high,binary-fullness,maintenance_core/honesty_claims/honesty_claims_audit.csv,170,"high,binary-fullness,maintenance_core/honesty_claims/honesty_claims_audit.csv,76,""high,binary-fullness,CHANGELOG.md,525,- Mature existing-SFF/SND binary mutation remains conservative."""
medium,safety-claim,maintenance_core/honesty_claims/honesty_claims_audit.csv,171,"medium,safety-claim,maintenance_core/honesty_claims/honesty_claims_audit.csv,77,""medium,safety-claim,CHANGELOG.md,535,### Verified"""
high,binary-fullness,maintenance_core/honesty_claims/honesty_claims_audit.csv,172,"high,binary-fullness,maintenance_core/honesty_claims/honesty_claims_audit.csv,78,""high,binary-fullness,CHANGELOG.md,578,- Full mature SFF v2 extraction/rebuild is not implemented."""
high,binary-fullness,maintenance_core/honesty_claims/honesty_claims_audit.csv,173,"high,binary-fullness,maintenance_core/honesty_claims/honesty_claims_audit.csv,79,""high,binary-fullness,CHANGELOG.md,617,- Full SFF v2 extraction/rebuild remains incomplete."""
high,binary-fullness,maintenance_core/honesty_claims/honesty_claims_audit.csv,174,"high,binary-fullness,maintenance_core/honesty_claims/honesty_claims_audit.csv,80,""high,binary-fullness,CHANGELOG.md,618,- Mature existing-SFF/SND binary mutation remains conservative."""
info,honesty-negative,maintenance_core/honesty_claims/honesty_claims_audit.csv,175,"info,honesty-negative,maintenance_core/honesty_claims/honesty_claims_audit.csv,81,""info,honesty-negative,handoff_core/HANDOFF_CORE_START_HERE.md,13,This system does not replace real tests or engine playtesting. It makes continuity safer and easier."""
medium,safety-claim,maintenance_core/honesty_claims/honesty_claims_audit.csv,176,"medium,safety-claim,maintenance_core/honesty_claims/honesty_claims_audit.csv,82,""medium,safety-claim,handoff_core/MUGENFORGE_DEVELOPMENT_HANDOFF_v7_5.md,29,## Safe run/test commands"""
medium,fighter-factory-reference,maintenance_core/honesty_claims/honesty_claims_audit.csv,177,"medium,fighter-factory-reference,maintenance_core/honesty_claims/honesty_claims_audit.csv,83,""medium,fighter-factory-reference,handoff_core/NEXT_CHAT_PROMPT_v7_5.md,15,- Clean-room only; do not use Fighter Factory / VirtualTek source code or assets."""
info,honesty-negative,maintenance_core/honesty_claims/honesty_claims_audit.csv,178,"info,honesty-negative,maintenance_core/honesty_claims/honesty_claims_audit.csv,84,""info,honesty-negative,handoff_core/NEXT_CHAT_PROMPT_v7_5.md,16,- Keep binary mutation backup/candidate-first and refuse unsafe unknown layouts."""
info,honesty-negative,maintenance_core/honesty_claims/honesty_claims_audit.csv,179,"info,honesty-negative,maintenance_core/honesty_claims/honesty_claims_audit.csv,85,""info,honesty-negative,handoff_core/NEXT_CHAT_PROMPT_v7_5.md,17,- External engine evidence is required for final runtime confidence."""
high,engine-authority,maintenance_core/honesty_claims/honesty_claims_audit.csv,180,"high,engine-authority,maintenance_core/honesty_claims/honesty_claims_audit.csv,86,""high,engine-authority,handoff_core/NEXT_CHAT_PROMPT_v7_5.md,18,""""- Static/source simulation reports are preflight aids, not engine-authoritative results."""""""
medium,safety-claim,maintenance_core/honesty_claims/honesty_claims_audit.csv,181,"medium,safety-claim,maintenance_core/honesty_claims/honesty_claims_audit.csv,87,""medium,safety-claim,maintenance_core/MAINTAINER_START_HERE.md,31,5. Keep binary claims tied to verified parser/rebuild paths and runtime claims tied to external evidence."""
medium,safety-claim,maintenance_core/honesty_claims/honesty_claims_audit.csv,182,"medium,safety-claim,maintenance_core/honesty_claims/honesty_claims_audit.csv,88,""medium,safety-claim,maintenance_core/module_catalog/module_api_catalog.csv,1232,""""mugenforge/creator_suite_visual.py,function,write_artist_handoff_pack,write_artist_handoff_pack(root: Path) -> SuiteResult,966,Create a beginner-safe art/sound handoff folder for replacing assets."""""""
info,honesty-negative,maintenance_core/honesty_claims/honesty_claims_audit.csv,183,"info,honesty-negative,maintenance_core/honesty_claims/honesty_claims_audit.csv,89,""info,honesty-negative,maintenance_core/module_catalog/module_api_catalog.csv,1332,""""mugenforge/evidence_core.py,function,probe_engine_profile,probe_engine_profile(root: Path) -> EvidenceCoreResult,1229,Validate and run a dry profile probe. This does not launch a match unless the profile arguments do so."""""""
info,honesty-negative,maintenance_core/honesty_claims/honesty_claims_audit.csv,184,"info,honesty-negative,maintenance_core/honesty_claims/honesty_claims_audit.csv,90,""info,honesty-negative,maintenance_core/module_catalog/module_api_catalog.csv,1354,""""mugenforge/evidence_core.py,function,ingest_engine_evidence,""""""""ingest_engine_evidence(root: Path, folder: Optional[Path]=None) -> EvidenceCoreResult"""""""",1464,UI compatibility alias for ingesting external engine evidence."""""""
info,honesty-negative,maintenance_core/honesty_claims/honesty_claims_audit.csv,185,"info,honesty-negative,maintenance_core/honesty_claims/honesty_claims_audit.csv,91,""info,honesty-negative,maintenance_core/module_catalog/module_api_catalog.csv,2248,""""mugenforge/sff2_codec.py,function,_try_decode_rle5_indices,""""""""_try_decode_rle5_indices(payload: bytes, width: int, height: int) -> Tuple[bytes, str]"""""""",468,Experimental RLE5 decoder."""""""
info,honesty-negative,maintenance_core/honesty_claims/honesty_claims_audit.csv,186,"info,honesty-negative,maintenance_core/honesty_claims/honesty_claims_audit.csv,92,""info,honesty-negative,maintenance_core/module_catalog/module_api_catalog.csv,2250,""""mugenforge/sff2_codec.py,function,_try_decode_lz5_indices,""""""""_try_decode_lz5_indices(payload: bytes, width: int, height: int) -> Tuple[bytes, str]"""""""",514,Experimental LZ5 probe decoder."""""""
high,binary-fullness,maintenance_core/honesty_claims/honesty_claims_audit.csv,187,"high,binary-fullness,maintenance_core/honesty_claims/honesty_claims_audit.csv,93,""high,binary-fullness,maintenance_core/module_catalog/module_api_catalog.csv,2269,""""mugenforge/sff_codec.py,function,_inspect_sff2_header,""""""""_inspect_sff2_header(data: bytes) -> Dict[str, Any]"""""""",189,Return conservative SFF v2-ish metadata without claiming full decode support."""""""
medium,safety-claim,maintenance_core/honesty_claims/honesty_claims_audit.csv,188,"medium,safety-claim,maintenance_core/honesty_claims/honesty_claims_audit.csv,94,""medium,safety-claim,maintenance_core/module_catalog/module_api_catalog.csv,2279,""""mugenforge/sff_codec.py,function,stage_sff_replacement_manifest,""""""""stage_sff_replacement_manifest(sff_path: Path, out_dir: Path) -> Path"""""""",413,Export supported sprites and create a replacement manifest for safe SFF v1 rebuilding."""""""
high,binary-fullness,maintenance_core/honesty_claims/honesty_claims_audit.csv,189,"high,binary-fullness,maintenance_core/honesty_claims/honesty_claims_audit.csv,95,""high,binary-fullness,maintenance_core/module_catalog/module_api_catalog.csv,2295,""""mugenforge/sff_codec.py,function,_mf_parse_sff2_standard,""""""""_mf_parse_sff2_standard(data: bytes) -> Tuple[Dict[str, Any], List[Sff2StandardRecord], List[Sff2PaletteRecord], List[str]]"""""""",684,"""""""
info,honesty-negative,maintenance_core/honesty_claims/honesty_claims_audit.csv,190,"info,honesty-negative,maintenance_core/honesty_claims/honesty_claims_audit.csv,96,""info,honesty-negative,maintenance_core/module_catalog/module_api_catalog.csv,2313,""""mugenforge/sff_codec.py,function,build_sff_v2_from_manifest,""""""""build_sff_v2_from_manifest(manifest_path: Path, out_path: Path, compression: str='raw') -> SffInfo"""""""",1199,Build a standard-table SFF2 candidate from a source sprite manifest."""""""
high,binary-fullness,maintenance_core/honesty_claims/honesty_claims_audit.csv,191,"high,binary-fullness,maintenance_core/honesty_claims/honesty_claims_audit.csv,97,""high,binary-fullness,maintenance_core/module_catalog/module_api_catalog.csv,2314,""""mugenforge/sff_codec.py,function,patch_sff2_axis_copy,""""""""patch_sff2_axis_copy(sff_path: Path, axis_rows: Iterable[Dict[str, Any]], out_path: Path) -> SffInfo"""""""",1319,Patch SFF1/SFF2 axis table fields into a copied file and return parsed info."""""""
high,binary-fullness,maintenance_core/honesty_claims/honesty_claims_audit.csv,192,"high,binary-fullness,maintenance_core/honesty_claims/honesty_claims_audit.csv,98,""high,binary-fullness,maintenance_core/module_catalog/module_api_catalog.csv,2347,""""mugenforge/sff_codec.py,function,build_sff2_standard_from_records,""""""""build_sff2_standard_from_records(records: Sequence[Dict[str, Any]], out_path: _Path, version_21: bool=True, default_strategy: str='png') -> Sff2StandardInfo"""""""",1942,Build a controlled standard SFF2 from record dictionaries."""""""
high,binary-fullness,maintenance_core/honesty_claims/honesty_claims_audit.csv,193,"high,binary-fullness,maintenance_core/honesty_claims/honesty_claims_audit.csv,99,""high,binary-fullness,maintenance_core/module_catalog/module_api_catalog.csv,2354,""""mugenforge/sff_codec.py,function,_mf_parse_sff2_standard,""""""""_mf_parse_sff2_standard(data: bytes) -> Tuple[Dict[str, Any], List[Sff2StandardRecord], List[Sff2PaletteRecord], List[str]]"""""""",2202,"""""""
info,honesty-negative,maintenance_core/honesty_claims/honesty_claims_audit.csv,194,"info,honesty-negative,maintenance_core/honesty_claims/honesty_claims_audit.csv,100,""info,honesty-negative,maintenance_core/module_catalog/module_api_catalog.csv,2366,""""mugenforge/sff_codec.py,function,build_sff_v2_from_manifest,""""""""build_sff_v2_from_manifest(manifest_path: Path, out_path: Path, compression: str='png32') -> SffInfo"""""""",2673,Build a common-table SFF2 v2.1 candidate from a MugenForge sprite manifest."""""""
high,binary-fullness,maintenance_core/honesty_claims/honesty_claims_audit.csv,195,"high,binary-fullness,maintenance_core/honesty_claims/honesty_claims_audit.csv,101,""high,binary-fullness,maintenance_core/module_catalog/module_api_catalog.csv,2372,""""mugenforge/sff_codec.py,function,_mf_parse_sff2_standard,""""""""_mf_parse_sff2_standard(data: bytes) -> Tuple[Dict[str, Any], List[Sff2StandardRecord], List[Sff2PaletteRecord], List[str]]"""""""",2941,"""""""
medium,safety-claim,maintenance_core/honesty_claims/honesty_claims_audit.csv,196,"medium,safety-claim,maintenance_core/honesty_claims/honesty_claims_audit.csv,102,""medium,safety-claim,maintenance_core/module_catalog/module_api_catalog.json,11033,""""""""""""doc"""""""": """"""""Create a beginner-safe art/sound handoff folder for replacing assets."""""""""""""""
info,honesty-negative,maintenance_core/honesty_claims/honesty_claims_audit.csv,197,"info,honesty-negative,maintenance_core/honesty_claims/honesty_claims_audit.csv,103,""info,honesty-negative,maintenance_core/module_catalog/module_api_catalog.json,11833,""""""""""""doc"""""""": """"""""Validate and run a dry profile probe. This does not launch a match unless the profile arguments do so."""""""""""""""
info,honesty-negative,maintenance_core/honesty_claims/honesty_claims_audit.csv,198,"info,honesty-negative,maintenance_core/honesty_claims/honesty_claims_audit.csv,104,""info,honesty-negative,maintenance_core/module_catalog/module_api_catalog.json,12009,""""""""""""doc"""""""": """"""""UI compatibility alias for ingesting external engine evidence."""""""""""""""
info,honesty-negative,maintenance_core/honesty_claims/honesty_claims_audit.csv,199,"info,honesty-negative,maintenance_core/honesty_claims/honesty_claims_audit.csv,105,""info,honesty-negative,maintenance_core/module_catalog/module_api_catalog.json,19161,""""""""""""doc"""""""": """"""""Experimental RLE5 decoder."""""""""""""""
info,honesty-negative,maintenance_core/honesty_claims/honesty_claims_audit.csv,200,"info,honesty-negative,maintenance_core/honesty_claims/honesty_claims_audit.csv,106,""info,honesty-negative,maintenance_core/module_catalog/module_api_catalog.json,19177,""""""""""""doc"""""""": """"""""Experimental LZ5 probe decoder."""""""""""""""
medium,safety-claim,maintenance_core/honesty_claims/honesty_claims_audit.csv,201,"medium,safety-claim,maintenance_core/honesty_claims/honesty_claims_audit.csv,107,""medium,safety-claim,maintenance_core/module_catalog/module_api_catalog.json,19409,""""""""""""doc"""""""": """"""""Export supported sprites and create a replacement manifest for safe SFF v1 rebuilding."""""""""""""""
high,binary-fullness,maintenance_core/honesty_claims/honesty_claims_audit.csv,202,"high,binary-fullness,maintenance_core/honesty_claims/honesty_claims_audit.csv,108,""high,binary-fullness,maintenance_core/module_catalog/module_api_catalog.json,19535,""""""""""""signature"""""""": """"""""_mf_parse_sff2_standard(data: bytes) -> Tuple[Dict[str, Any], List[Sff2StandardRecord], List[Sff2PaletteRecord], List[str]]"""""""","""""""
info,honesty-negative,maintenance_core/honesty_claims/honesty_claims_audit.csv,203,"info,honesty-negative,maintenance_core/honesty_claims/honesty_claims_audit.csv,109,""info,honesty-negative,maintenance_core/module_catalog/module_api_catalog.json,19681,""""""""""""doc"""""""": """"""""Build a standard-table SFF2 candidate from a source sprite manifest."""""""""""""""
high,binary-fullness,maintenance_core/honesty_claims/honesty_claims_audit.csv,204,"high,binary-fullness,maintenance_core/honesty_claims/honesty_claims_audit.csv,110,""high,binary-fullness,maintenance_core/module_catalog/module_api_catalog.json,19687,""""""""""""signature"""""""": """"""""patch_sff2_axis_copy(sff_path: Path, axis_rows: Iterable[Dict[str, Any]], out_path: Path) -> SffInfo"""""""","""""""
high,binary-fullness,maintenance_core/honesty_claims/honesty_claims_audit.csv,205,"high,binary-fullness,maintenance_core/honesty_claims/honesty_claims_audit.csv,111,""high,binary-fullness,maintenance_core/module_catalog/module_api_catalog.json,19951,""""""""""""signature"""""""": """"""""build_sff2_standard_from_records(records: Sequence[Dict[str, Any]], out_path: _Path, version_21: bool=True, default_strategy: str='png') -> Sff2StandardInfo"""""""","""""""
high,binary-fullness,maintenance_core/honesty_claims/honesty_claims_audit.csv,206,"high,binary-fullness,maintenance_core/honesty_claims/honesty_claims_audit.csv,112,""high,binary-fullness,maintenance_core/module_catalog/module_api_catalog.json,20007,""""""""""""signature"""""""": """"""""_mf_parse_sff2_standard(data: bytes) -> Tuple[Dict[str, Any], List[Sff2StandardRecord], List[Sff2PaletteRecord], List[str]]"""""""","""""""
info,honesty-negative,maintenance_core/honesty_claims/honesty_claims_audit.csv,207,"info,honesty-negative,maintenance_core/honesty_claims/honesty_claims_audit.csv,113,""info,honesty-negative,maintenance_core/module_catalog/module_api_catalog.json,20105,""""""""""""doc"""""""": """"""""Build a common-table SFF2 v2.1 candidate from a MugenForge sprite manifest."""""""""""""""
high,binary-fullness,maintenance_core/honesty_claims/honesty_claims_audit.csv,208,"high,binary-fullness,maintenance_core/honesty_claims/honesty_claims_audit.csv,114,""high,binary-fullness,maintenance_core/module_catalog/module_api_catalog.json,20151,""""""""""""signature"""""""": """"""""_mf_parse_sff2_standard(data: bytes) -> Tuple[Dict[str, Any], List[Sff2StandardRecord], List[Sff2PaletteRecord], List[str]]"""""""","""""""
medium,fighter-factory-reference,maintenance_core/honesty_claims/honesty_claims_audit.csv,209,"medium,fighter-factory-reference,maintenance_core/honesty_claims/honesty_claims_audit.csv,115,""medium,fighter-factory-reference,mugenforge/air_tools.py,98,""""issues.append(f'Box {i} {b.kind}: coordinates appear inverted; Fighter Factory-style boxes usually use x1,y1,x2,y2 ordering.')"""""""
info,honesty-negative,maintenance_core/honesty_claims/honesty_claims_audit.csv,210,"info,honesty-negative,maintenance_core/honesty_claims/honesty_claims_audit.csv,116,""info,honesty-negative,mugenforge/air_tools.py,107,This intentionally does not rewrite ClsnDefault blocks. It only changes explicit per-frame CLSN"""
medium,safety-claim,maintenance_core/honesty_claims/honesty_claims_audit.csv,211,"medium,safety-claim,maintenance_core/honesty_claims/honesty_claims_audit.csv,117,""medium,safety-claim,mugenforge/app.py,756,""""'This tab targets Fighter Factory-style production workflows plus heavier beginner automation: code-sense banks, state graphs, safe imports, auto CLSN, storyboards, screenpack starters, sound cue banks, release QA, and one-click project upgrades.'"""""""
medium,safety-claim,maintenance_core/honesty_claims/honesty_claims_audit.csv,212,"medium,safety-claim,maintenance_core/honesty_claims/honesty_claims_audit.csv,118,""medium,safety-claim,mugenforge/app.py,773,""""ttk.Button(code, text='Safe Import From Project', command=self.max_safe_import_ui).grid(row=3, column=0, sticky='ew', pady=2)"""""""
medium,safety-claim,maintenance_core/honesty_claims/honesty_claims_audit.csv,213,"medium,safety-claim,maintenance_core/honesty_claims/honesty_claims_audit.csv,119,""medium,safety-claim,mugenforge/app.py,847,""""tune = ttk.LabelFrame(left, text='Safe auto-tuning', padding=(6, 6))"""""""
medium,safety-claim,maintenance_core/honesty_claims/honesty_claims_audit.csv,214,"medium,safety-claim,maintenance_core/honesty_claims/honesty_claims_audit.csv,120,""medium,safety-claim,mugenforge/app.py,879,""""self.set_text(self.factory_ultra_output, 'Open/create a character folder, then run One-Click Factory Ultra Upgrade. This layer is built for non-coders: it writes reports, task queues, function maps, and safe scaffolds before you touch art/timing/hitboxes.')"""""""
info,honesty-negative,maintenance_core/honesty_claims/honesty_claims_audit.csv,215,"info,honesty-negative,maintenance_core/honesty_claims/honesty_claims_audit.csv,121,""info,honesty-negative,mugenforge/app.py,905,""""('complexity', self.creator_os_complexity_var, ('Beginner', 'Intermediate', 'Advanced', 'Boss/Experimental')),"""""""
medium,safety-claim,maintenance_core/honesty_claims/honesty_claims_audit.csv,216,"medium,safety-claim,maintenance_core/honesty_claims/honesty_claims_audit.csv,122,""medium,safety-claim,mugenforge/app.py,1014,""""header = ttk.LabelFrame(ql, text='Quality Lab: beginner-safe audit, polish, and asset handoff', padding=(8, 6))"""""""
info,honesty-negative,maintenance_core/honesty_claims/honesty_claims_audit.csv,217,"info,honesty-negative,maintenance_core/honesty_claims/honesty_claims_audit.csv,123,""info,honesty-negative,mugenforge/app.py,1050,""""ttk.Button(safety, text='Backup + Restore Bundle', command=self.quality_lab_backup_ui).grid(row=0, column=0, sticky='ew', pady=2)"""""""
medium,safety-claim,maintenance_core/honesty_claims/honesty_claims_audit.csv,218,"medium,safety-claim,maintenance_core/honesty_claims/honesty_claims_audit.csv,124,""medium,safety-claim,mugenforge/app.py,1055,""""self.set_text(self.quality_lab_note, 'The one-click pass is intentionally safe: it writes reports, copies, exports, and suggestions. It does not overwrite your main AIR with generated hitboxes unless you manually use the copy/replacement workflow.')"""""""
info,honesty-negative,maintenance_core/honesty_claims/honesty_claims_audit.csv,219,"info,honesty-negative,maintenance_core/honesty_claims/honesty_claims_audit.csv,125,""info,honesty-negative,mugenforge/app.py,1119,""""self._quality_lab_run('Backup/restore bundle created.', create_backup_restore_bundle)"""""""
info,honesty-negative,maintenance_core/honesty_claims/honesty_claims_audit.csv,220,"info,honesty-negative,maintenance_core/honesty_claims/honesty_claims_audit.csv,126,""info,honesty-negative,mugenforge/app.py,1301,""""'combo trials, controller maps, asset requests, patch macro bank, and a release website. It is report/export focused, so it does not silently rewrite core gameplay files.'"""""""
high,binary-fullness,maintenance_core/honesty_claims/honesty_claims_audit.csv,221,"high,binary-fullness,maintenance_core/honesty_claims/honesty_claims_audit.csv,127,""high,binary-fullness,mugenforge/app.py,1408,'It does not pretend to be full arbitrary SFF v2 binary mutation; it is a safer source-project bridge.'"""
high,binary-fullness,maintenance_core/honesty_claims/honesty_claims_audit.csv,222,"high,binary-fullness,maintenance_core/honesty_claims/honesty_claims_audit.csv,128,""high,binary-fullness,mugenforge/app.py,1470,""""self.set_text(self.sff2_bridge_output, 'Open/create a character folder, then use this tab to generate a Sprmake2 source project. This is source-based SFF2 support, not arbitrary SFF2 binary patching.')"""""""
info,honesty-negative,maintenance_core/honesty_claims/honesty_claims_audit.csv,223,"info,honesty-negative,maintenance_core/honesty_claims/honesty_claims_audit.csv,129,""info,honesty-negative,mugenforge/app.py,1603,""""header = ttk.LabelFrame(rescue, text=f'Rescue Lab: asset recovery for unsupported packed files v{RESCUE_LAB_VERSION}', padding=(8, 6))"""""""
info,honesty-negative,maintenance_core/honesty_claims/honesty_claims_audit.csv,224,"info,honesty-negative,maintenance_core/honesty_claims/honesty_claims_audit.csv,130,""info,honesty-negative,mugenforge/app.py,1607,""""'Use Rescue Lab when a character has packed assets, unsupported/unknown SFF/SND layouts, missing source folders, or asset files that need to be salvaged. '"""""""
medium,safety-claim,maintenance_core/honesty_claims/honesty_claims_audit.csv,225,"medium,safety-claim,maintenance_core/honesty_claims/honesty_claims_audit.csv,131,""medium,safety-claim,mugenforge/app.py,1629,""""self.set_text(self.rescue_lab_note, 'Best beginner route: One-Click Rescue Lab Pass → open rescue_lab/RECOVERY_CONTACT_SHEET.png → replace bad/missing extracted images → Build Recovery Manifest From AIR → Build Recovered SFF v1 → test in Animation Player and CLSN Editor. This is a rescue workflow, not byte-perfect SFF v2 rebuilding.')"""""""
medium,safety-claim,maintenance_core/honesty_claims/honesty_claims_audit.csv,226,"medium,safety-claim,maintenance_core/honesty_claims/honesty_claims_audit.csv,132,""medium,safety-claim,mugenforge/app.py,1743,""""self.set_text(self.image_factory_output, 'Choose a source folder of images. Output is always written to a separate folder so originals stay safe.')"""""""
medium,fighter-factory-reference,maintenance_core/honesty_claims/honesty_claims_audit.csv,227,"medium,fighter-factory-reference,maintenance_core/honesty_claims/honesty_claims_audit.csv,133,""medium,fighter-factory-reference,mugenforge/app.py,1788,""""header = ttk.LabelFrame(plus_frame, text='Studio Plus: Fighter Factory-style workflows, no-code first', padding=(8, 6))"""""""
info,honesty-negative,maintenance_core/honesty_claims/honesty_claims_audit.csv,228,"info,honesty-negative,maintenance_core/honesty_claims/honesty_claims_audit.csv,134,""info,honesty-negative,mugenforge/app.py,2080,""""ttk.Label(header, text='Store a local M.U.G.E.N executable path and launch it from the editor. This does not bundle M.U.G.E.N; it only points to your own install.', wraplength=1100, justify='left').grid(row=0, column=0, sticky='ew')"""""""
medium,safety-claim,maintenance_core/honesty_claims/honesty_claims_audit.csv,229,"medium,safety-claim,maintenance_core/honesty_claims/honesty_claims_audit.csv,135,""medium,safety-claim,mugenforge/app.py,2188,""""'Start here. Visual Forge turns MugenForge into a guided no-code workflow: create a project, scaffold moves, edit timing visually, align offsets, place sounds, import legacy characters, and keep safe backups.'"""""""
info,honesty-negative,maintenance_core/honesty_claims/honesty_claims_audit.csv,230,"info,honesty-negative,maintenance_core/honesty_claims/honesty_claims_audit.csv,136,""info,honesty-negative,mugenforge/app.py,2215,""""ttk.Button(tools, text='Create Backup Snapshot', command=self.vf_backup_snapshot_ui).grid(row=3, column=0, sticky='ew', pady=2)"""""""
high,binary-fullness,maintenance_core/honesty_claims/honesty_claims_audit.csv,231,"high,binary-fullness,maintenance_core/honesty_claims/honesty_claims_audit.csv,137,""high,binary-fullness,mugenforge/app.py,2256,""""'The wizard creates clean M.U.G.E.N starter files, writes a dashboard and beginner guide, prepares data-only templates/plugins, and optionally installs starter move scaffolds. It keeps SFF/SND work conservative and does not claim arbitrary SFF2 binary editing.'"""""""
high,binary-fullness,maintenance_core/honesty_claims/honesty_claims_audit.csv,232,"high,binary-fullness,maintenance_core/honesty_claims/honesty_claims_audit.csv,138,""high,binary-fullness,mugenforge/app.py,2322,""""4. Sprite Offset / Axis Editor: drag offsets into place. This edits AIR frame offsets, not arbitrary SFF2 binary axes."""""""
high,binary-fullness,maintenance_core/honesty_claims/honesty_claims_audit.csv,233,"high,binary-fullness,maintenance_core/honesty_claims/honesty_claims_audit.csv,139,""high,binary-fullness,mugenforge/app.py,2328,""""Honest limits stay in force: generated code is scaffolding, balance/frame reports are estimates, and full mature SFF2 extraction/rebuild is not implemented."""""""
info,honesty-negative,maintenance_core/honesty_claims/honesty_claims_audit.csv,234,"info,honesty-negative,maintenance_core/honesty_claims/honesty_claims_audit.csv,140,""info,honesty-negative,mugenforge/app.py,2356,""""'Source-backed AIR timeline. Drag a frame tile left/right to preview timing changes, then save to update the AIR frame ticks with a backup. Hitboxes and sound/HitDef events are drawn from parsed AIR/CNS/CMD data.'"""""""
high,binary-fullness,maintenance_core/honesty_claims/honesty_claims_audit.csv,235,"high,binary-fullness,maintenance_core/honesty_claims/honesty_claims_audit.csv,141,""high,binary-fullness,mugenforge/app.py,2578,'Drag the sprite preview to adjust AIR frame x/y offsets with coordinate display and snapping. Existing SFF axes are reference-only here; arbitrary SFF2 binary axis patching is not performed.'"""
info,honesty-negative,maintenance_core/honesty_claims/honesty_claims_audit.csv,236,"info,honesty-negative,maintenance_core/honesty_claims/honesty_claims_audit.csv,142,""info,honesty-negative,mugenforge/app.py,2693,""""info = [f""""""""Frame #{int(frame.get('index', 0))+1}"""""""", f""""""""Sprite: {key}"""""""", f""""""""AIR offset: {ox},{oy}"""""""", 'Drag the rectangle to preview; Save writes the AIR frame line with backup.']"""""""
info,honesty-negative,maintenance_core/honesty_claims/honesty_claims_audit.csv,237,"info,honesty-negative,maintenance_core/honesty_claims/honesty_claims_audit.csv,143,""info,honesty-negative,mugenforge/app.py,2697,""""info.append('No SFF axis reference found for this sprite, or SFF unsupported for extraction.')"""""""
medium,safety-claim,maintenance_core/honesty_claims/honesty_claims_audit.csv,238,"medium,safety-claim,maintenance_core/honesty_claims/honesty_claims_audit.csv,144,""medium,safety-claim,mugenforge/app.py,2738,""""ttk.Label(header, text='Assign and time PlaySnd cues to specific StateDefs/AnimElem frames. Inserts are text-based with backups and should be verified in M.U.G.E.N.', wraplength=1120, justify='left').grid(row=0, column=0, sticky='ew')"""""""
medium,plugin-execution,maintenance_core/honesty_claims/honesty_claims_audit.csv,239,"medium,plugin-execution,maintenance_core/honesty_claims/honesty_claims_audit.csv,145,""medium,plugin-execution,mugenforge/app.py,2988,""""header = ttk.LabelFrame(tab, text='Plugin / Template Architecture', padding=(8, 6))"""""""
medium,plugin-execution,maintenance_core/honesty_claims/honesty_claims_audit.csv,240,"medium,plugin-execution,maintenance_core/honesty_claims/honesty_claims_audit.csv,146,""medium,plugin-execution,mugenforge/app.py,2990,""""ttk.Label(header, text='Foundation for no-code presets, data-only community templates, and future plugins. Arbitrary third-party code execution is not enabled by default.', wraplength=1120, justify='left').grid(row=0, column=0, sticky='ew')"""""""
medium,plugin-execution,maintenance_core/honesty_claims/honesty_claims_audit.csv,241,"medium,plugin-execution,maintenance_core/honesty_claims/honesty_claims_audit.csv,147,""medium,plugin-execution,mugenforge/app.py,2993,""""ttk.Button(left, text='Install Template / Plugin Foundation', command=self.vf_install_templates_ui).grid(row=0, column=0, sticky='ew', pady=2)"""""""
medium,plugin-execution,maintenance_core/honesty_claims/honesty_claims_audit.csv,242,"medium,plugin-execution,maintenance_core/honesty_claims/honesty_claims_audit.csv,148,""medium,plugin-execution,mugenforge/app.py,3013,self.status_var.set('Template/plugin foundation installed')"""
medium,plugin-execution,maintenance_core/honesty_claims/honesty_claims_audit.csv,243,"medium,plugin-execution,maintenance_core/honesty_claims/honesty_claims_audit.csv,149,""medium,plugin-execution,mugenforge/app.py,3016,""""log_error(self.project_root, 'Template/plugin install', exc)"""""""
info,honesty-negative,maintenance_core/honesty_claims/honesty_claims_audit.csv,244,"info,honesty-negative,maintenance_core/honesty_claims/honesty_claims_audit.csv,150,""info,honesty-negative,mugenforge/app.py,3036,""""header = ttk.LabelFrame(tab, text='Central Backup / Undo / Error Log', padding=(8, 6))"""""""
info,honesty-negative,maintenance_core/honesty_claims/honesty_claims_audit.csv,245,"info,honesty-negative,maintenance_core/honesty_claims/honesty_claims_audit.csv,151,""info,honesty-negative,mugenforge/app.py,3038,""""ttk.Label(header, text='Create whole-project snapshots, restore the latest Visual Forge snapshot with a pre-restore guard backup, and inspect error logs.', wraplength=1120, justify='left').grid(row=0, column=0, sticky='ew')"""""""
info,honesty-negative,maintenance_core/honesty_claims/honesty_claims_audit.csv,246,"info,honesty-negative,maintenance_core/honesty_claims/honesty_claims_audit.csv,152,""info,honesty-negative,mugenforge/app.py,3066,self.status_var.set('Visual Forge backup snapshot created')"""
info,honesty-negative,maintenance_core/honesty_claims/honesty_claims_audit.csv,247,"info,honesty-negative,maintenance_core/honesty_claims/honesty_claims_audit.csv,153,""info,honesty-negative,mugenforge/app.py,3068,""""messagebox.showerror('Backup failed', str(exc))"""""""
info,honesty-negative,maintenance_core/honesty_claims/honesty_claims_audit.csv,248,"info,honesty-negative,maintenance_core/honesty_claims/honesty_claims_audit.csv,154,""info,honesty-negative,mugenforge/app.py,3069,""""log_error(self.project_root, 'Backup snapshot', exc)"""""""
info,honesty-negative,maintenance_core/honesty_claims/honesty_claims_audit.csv,249,"info,honesty-negative,maintenance_core/honesty_claims/honesty_claims_audit.csv,155,""info,honesty-negative,mugenforge/app.py,3340,""""self.set_text(self.run_output, f'Launch config written:\n{out}\n\nMugenForge does not include M.U.G.E.N. This only stores the path to your local executable.')"""""""
medium,safety-claim,maintenance_core/honesty_claims/honesty_claims_audit.csv,250,"medium,safety-claim,maintenance_core/honesty_claims/honesty_claims_audit.csv,156,""medium,safety-claim,mugenforge/app.py,3459,""""self._max_show_result(result, 'Safe project import complete')"""""""
medium,safety-claim,maintenance_core/honesty_claims/honesty_claims_audit.csv,251,"medium,safety-claim,maintenance_core/honesty_claims/honesty_claims_audit.csv,157,""medium,safety-claim,mugenforge/app.py,3461,""""messagebox.showerror('Safe import failed', str(exc))"""""""
info,honesty-negative,maintenance_core/honesty_claims/honesty_claims_audit.csv,252,"info,honesty-negative,maintenance_core/honesty_claims/honesty_claims_audit.csv,158,""info,honesty-negative,mugenforge/app.py,4345,sprite_status = 'missing or unsupported'"""
info,honesty-negative,maintenance_core/honesty_claims/honesty_claims_audit.csv,253,"info,honesty-negative,maintenance_core/honesty_claims/honesty_claims_audit.csv,159,""info,honesty-negative,mugenforge/app.py,4746,backup = self.current_path.with_suffix(self.current_path.suffix + '.bak')"""
info,honesty-negative,maintenance_core/honesty_claims/honesty_claims_audit.csv,254,"info,honesty-negative,maintenance_core/honesty_claims/honesty_claims_audit.csv,160,""info,honesty-negative,mugenforge/app.py,4748,""""backup.write_text(read_text_safely(self.current_path), encoding='utf-8')"""""""
info,honesty-negative,maintenance_core/honesty_claims/honesty_claims_audit.csv,255,"info,honesty-negative,maintenance_core/honesty_claims/honesty_claims_audit.csv,161,""info,honesty-negative,mugenforge/app.py,4751,self.status_var.set(f'Saved AIR with backup: {backup.name}')"""
info,honesty-negative,maintenance_core/honesty_claims/honesty_claims_audit.csv,256,"info,honesty-negative,maintenance_core/honesty_claims/honesty_claims_audit.csv,162,""info,honesty-negative,mugenforge/app.py,4752,""""messagebox.showinfo('Saved', f'Saved AIR file and wrote backup:\n{backup}')"""""""
info,honesty-negative,maintenance_core/honesty_claims/honesty_claims_audit.csv,257,"info,honesty-negative,maintenance_core/honesty_claims/honesty_claims_audit.csv,163,""info,honesty-negative,mugenforge/app.py,4918,""""'Important: this creates a fresh SFF v1-style PCX chain. It does not patch or preserve SFF v2 tables/compression.',"""""""
high,binary-fullness,maintenance_core/honesty_claims/honesty_claims_audit.csv,258,"high,binary-fullness,maintenance_core/honesty_claims/honesty_claims_audit.csv,164,""high,binary-fullness,mugenforge/app.py,5071,""""'Important: this is an SFF v1-style PCX builder for staged sprites. It is meant for starter characters and pipeline testing, not full SFF v2 parity yet.',"""""""
high,binary-fullness,maintenance_core/honesty_claims/honesty_claims_audit.csv,259,"high,binary-fullness,maintenance_core/honesty_claims/honesty_claims_audit.csv,165,""high,binary-fullness,mugenforge/app.py,5267,""""'Important: this is a simple RIFF/WAVE SND builder for starter characters and pipeline testing. Keep backups before replacing mature production SND files.',"""""""
info,honesty-negative,maintenance_core/honesty_claims/honesty_claims_audit.csv,260,"info,honesty-negative,maintenance_core/honesty_claims/honesty_claims_audit.csv,166,""info,honesty-negative,mugenforge/app.py,6024,""""append_air = messagebox.askyesno('Append AIR actions?', 'Append one AIR action per imported sprite group when that action does not already exist?')"""""""
info,honesty-negative,maintenance_core/honesty_claims/honesty_claims_audit.csv,261,"info,honesty-negative,maintenance_core/honesty_claims/honesty_claims_audit.csv,167,""info,honesty-negative,mugenforge/app.py,6207,""""if append and not messagebox.askyesno('Append AIR from SFF groups', 'This will append generated AIR actions to the project AIR file and create a backup first. Continue?'):"""""""
medium,safety-claim,maintenance_core/honesty_claims/honesty_claims_audit.csv,262,"medium,safety-claim,maintenance_core/honesty_claims/honesty_claims_audit.csv,168,""medium,safety-claim,mugenforge/app.py,6276,""""self.set_text(self.plus_output, f'Stage template created:\n\n{out}\n\nThis expands MugenForge beyond characters with a beginner-safe stage DEF starter. Add real stage art/SFF later.')"""""""
medium,plugin-execution,maintenance_core/honesty_claims/honesty_claims_audit.csv,263,"medium,plugin-execution,maintenance_core/honesty_claims/honesty_claims_audit.csv,169,""medium,plugin-execution,mugenforge/app.py,6302,""""'It creates project-wide indexes, command/AIR batch sheets, state graphs, variable maps, template/plugin foundations, stage authoring packs, and release bundles. '"""""""
high,binary-fullness,maintenance_core/honesty_claims/honesty_claims_audit.csv,264,"high,binary-fullness,maintenance_core/honesty_claims/honesty_claims_audit.csv,170,""high,binary-fullness,mugenforge/app.py,6303,""""'It stays honest: no proprietary source reuse, no arbitrary SFF2 binary patch claims, and generated gameplay still requires playtesting.'"""""""
medium,plugin-execution,maintenance_core/honesty_claims/honesty_claims_audit.csv,265,"medium,plugin-execution,maintenance_core/honesty_claims/honesty_claims_audit.csv,171,""medium,plugin-execution,mugenforge/app.py,6323,""""('Template / Plugin Foundation', self.forge_beyond_templates_ui),"""""""
info,honesty-negative,maintenance_core/honesty_claims/honesty_claims_audit.csv,266,"info,honesty-negative,maintenance_core/honesty_claims/honesty_claims_audit.csv,172,""info,honesty-negative,mugenforge/app.py,6461,""""if not messagebox.askyesno('Apply AIR batch sheet', 'Apply group/image/x/y/ticks/flags edits to the AIR file with a backup?'):"""""""
medium,plugin-execution,maintenance_core/honesty_claims/honesty_claims_audit.csv,267,"medium,plugin-execution,maintenance_core/honesty_claims/honesty_claims_audit.csv,173,""medium,plugin-execution,mugenforge/app.py,6477,""""self._forge_beyond_show_result(result, 'Forge Beyond template/plugin foundation written')"""""""
info,honesty-negative,maintenance_core/honesty_claims/honesty_claims_audit.csv,268,"info,honesty-negative,maintenance_core/honesty_claims/honesty_claims_audit.csv,174,""info,honesty-negative,mugenforge/app.py,6558,""""'Use this tab after Forge Beyond. It adds safer sheet validation previews, sprite-backed timeline contact sheets, an in-app state graph canvas, editable sound cue sheets, data-only template import, stage source-art preview, and backup history/restore helpers.'"""""""
info,honesty-negative,maintenance_core/honesty_claims/honesty_claims_audit.csv,269,"info,honesty-negative,maintenance_core/honesty_claims/honesty_claims_audit.csv,175,""info,honesty-negative,mugenforge/app.py,6574,""""('Backup History', self.forge_polish_backup_history_ui),"""""""
info,honesty-negative,maintenance_core/honesty_claims/honesty_claims_audit.csv,270,"info,honesty-negative,maintenance_core/honesty_claims/honesty_claims_audit.csv,176,""info,honesty-negative,mugenforge/app.py,6575,""""('Restore Selected Backup', self.forge_polish_restore_backup_ui),"""""""
info,honesty-negative,maintenance_core/honesty_claims/honesty_claims_audit.csv,271,"info,honesty-negative,maintenance_core/honesty_claims/honesty_claims_audit.csv,177,""info,honesty-negative,mugenforge/app.py,6598,""""backup_frame = ttk.LabelFrame(body, text='Backup History', padding=(4, 4))"""""""
info,honesty-negative,maintenance_core/honesty_claims/honesty_claims_audit.csv,272,"info,honesty-negative,maintenance_core/honesty_claims/honesty_claims_audit.csv,178,""info,honesty-negative,mugenforge/app.py,6602,""""for col, text, width in (('kind', 'Kind', 115), ('modified', 'Modified', 150), ('target', 'Restore target', 180), ('path', 'Backup path', 320)):"""""""
info,honesty-negative,maintenance_core/honesty_claims/honesty_claims_audit.csv,273,"info,honesty-negative,maintenance_core/honesty_claims/honesty_claims_audit.csv,179,""info,honesty-negative,mugenforge/app.py,6745,""""if not messagebox.askyesno('Apply sound cue sheet', 'Apply enabled sound cue rows now? A backup will be written before text-code changes.'):"""""""
info,honesty-negative,maintenance_core/honesty_claims/honesty_claims_audit.csv,274,"info,honesty-negative,maintenance_core/honesty_claims/honesty_claims_audit.csv,180,""info,honesty-negative,mugenforge/app.py,6832,""""self._forge_polish_show_result(result, 'Forge Polish backup history refreshed')"""""""
info,honesty-negative,maintenance_core/honesty_claims/honesty_claims_audit.csv,275,"info,honesty-negative,maintenance_core/honesty_claims/honesty_claims_audit.csv,181,""info,honesty-negative,mugenforge/app.py,6835,""""messagebox.showerror('Backup history failed', str(exc))"""""""
info,honesty-negative,maintenance_core/honesty_claims/honesty_claims_audit.csv,276,"info,honesty-negative,maintenance_core/honesty_claims/honesty_claims_audit.csv,182,""info,honesty-negative,mugenforge/app.py,6844,""""messagebox.showinfo('Restore backup', 'Select a backup row first. The list has been refreshed.')"""""""
info,honesty-negative,maintenance_core/honesty_claims/honesty_claims_audit.csv,277,"info,honesty-negative,maintenance_core/honesty_claims/honesty_claims_audit.csv,183,""info,honesty-negative,mugenforge/app.py,6854,""""if not messagebox.askyesno('Confirm restore', f'Restore backup:\n{backup_rel}\n\nTo:\n{target}\n\nA pre-restore guard copy will be created if the target exists.'):"""""""
info,honesty-negative,maintenance_core/honesty_claims/honesty_claims_audit.csv,278,"info,honesty-negative,maintenance_core/honesty_claims/honesty_claims_audit.csv,184,""info,honesty-negative,mugenforge/app.py,6859,""""self._forge_polish_show_result(result, 'Forge Polish backup restore complete')"""""""
info,honesty-negative,maintenance_core/honesty_claims/honesty_claims_audit.csv,279,"info,honesty-negative,maintenance_core/honesty_claims/honesty_claims_audit.csv,185,""info,honesty-negative,mugenforge/app.py,6862,""""messagebox.showerror('Backup restore failed', str(exc))"""""""
high,engine-authority,maintenance_core/honesty_claims/honesty_claims_audit.csv,280,"high,engine-authority,maintenance_core/honesty_claims/honesty_claims_audit.csv,186,""high,engine-authority,mugenforge/app.py,6889,'Binary SFF/SND mutation remains conservative; generated reports are not engine-authoritative runtime telemetry.'"""
high,binary-fullness,maintenance_core/honesty_claims/honesty_claims_audit.csv,281,"high,binary-fullness,maintenance_core/honesty_claims/honesty_claims_audit.csv,187,""high,binary-fullness,mugenforge/app.py,6946,'This is source/sheet-backed editing. It does not implement full arbitrary SFF v2 binary editing/rebuilding.'"""
medium,safety-claim,maintenance_core/honesty_claims/honesty_claims_audit.csv,282,"medium,safety-claim,maintenance_core/honesty_claims/honesty_claims_audit.csv,188,""medium,safety-claim,mugenforge/app.py,7182,""""# Binary Core v5.5 native binary inspection, safe SFF/SND workflows"""""""
medium,safety-claim,maintenance_core/honesty_claims/honesty_claims_audit.csv,283,"medium,safety-claim,maintenance_core/honesty_claims/honesty_claims_audit.csv,189,""medium,safety-claim,mugenforge/app.py,7189,""""header = ttk.LabelFrame(frame, text=f'Binary Core v{BINARY_CORE_VERSION} — SFF/SND inspection, safe rebuilds, backups, and roundtrip reports', padding=(8, 6))"""""""
high,binary-fullness,maintenance_core/honesty_claims/honesty_claims_audit.csv,284,"high,binary-fullness,maintenance_core/honesty_claims/honesty_claims_audit.csv,190,""high,binary-fullness,mugenforge/app.py,7195,'Unsupported arbitrary SFF2 mutation is refused instead of guessed.'"""
info,honesty-negative,maintenance_core/honesty_claims/honesty_claims_audit.csv,285,"info,honesty-negative,maintenance_core/honesty_claims/honesty_claims_audit.csv,191,""info,honesty-negative,mugenforge/app.py,7215,""""('Build Experimental SFF2 PNG Copy', self.binary_core_sff2_png_copy_ui),"""""""
high,binary-fullness,maintenance_core/honesty_claims/honesty_claims_audit.csv,286,"high,binary-fullness,maintenance_core/honesty_claims/honesty_claims_audit.csv,192,""high,binary-fullness,mugenforge/app.py,7257,""""messagebox.showinfo('Binary Core complete', 'v5.5 Binary Core pass completed. Open binary_core/BINARY_CORE_START_HERE.md to review next steps.')"""""""
info,honesty-negative,maintenance_core/honesty_claims/honesty_claims_audit.csv,287,"info,honesty-negative,maintenance_core/honesty_claims/honesty_claims_audit.csv,193,""info,honesty-negative,mugenforge/app.py,7349,""""if not messagebox.askyesno('Experimental SFF2 PNG Copy', 'Build the experimental MugenForge PNG-subset SFF2-style copy from the source workspace? This is for pipeline testing, not a full Sprmake2 replacement.'):"""""""
info,honesty-negative,maintenance_core/honesty_claims/honesty_claims_audit.csv,288,"info,honesty-negative,maintenance_core/honesty_claims/honesty_claims_audit.csv,194,""info,honesty-negative,mugenforge/app.py,7354,""""self._binary_core_show_result(result, 'Experimental SFF2 PNG copy built')"""""""
info,honesty-negative,maintenance_core/honesty_claims/honesty_claims_audit.csv,289,"info,honesty-negative,maintenance_core/honesty_claims/honesty_claims_audit.csv,195,""info,honesty-negative,mugenforge/app.py,7356,""""messagebox.showerror('Experimental SFF2 PNG copy failed', str(exc))"""""""
info,honesty-negative,maintenance_core/honesty_claims/honesty_claims_audit.csv,290,"info,honesty-negative,maintenance_core/honesty_claims/honesty_claims_audit.csv,196,""info,honesty-negative,mugenforge/app.py,7373,""""if not messagebox.askyesno('Apply SND Bank Sheet', 'Create a rebuilt SND candidate from binary_core/snd_editor/snd_bank_edit_sheet.csv? The current SND is not overwritten.'):"""""""
info,honesty-negative,maintenance_core/honesty_claims/honesty_claims_audit.csv,291,"info,honesty-negative,maintenance_core/honesty_claims/honesty_claims_audit.csv,197,""info,honesty-negative,mugenforge/app.py,7427,""""'Binary Deep is an experimental companion tab: broad SFF2 table discovery, PNG/PCX/zlib/raw/RLE8 recovery, diagnostic-only 5-bit/LZ-style probes, '"""""""
high,binary-fullness,maintenance_core/honesty_claims/honesty_claims_audit.csv,292,"high,binary-fullness,maintenance_core/honesty_claims/honesty_claims_audit.csv,198,""high,binary-fullness,mugenforge/app.py,7489,""""messagebox.showinfo('Binary Deep complete', 'v5.5 Binary Deep pass completed. Open binary_deep/BINARY_DEEP_START_HERE.md to review outputs.')"""""""
info,honesty-negative,maintenance_core/honesty_claims/honesty_claims_audit.csv,293,"info,honesty-negative,maintenance_core/honesty_claims/honesty_claims_audit.csv,199,""info,honesty-negative,mugenforge/app.py,7541,""""if not messagebox.askyesno('Apply SFF2 Mutation Sheet', 'Apply enabled rows from binary_deep/sff2_mutation/deep_sff2_mutation_sheet.csv? This creates candidate patched/rebuilt files first.'):"""""""
info,honesty-negative,maintenance_core/honesty_claims/honesty_claims_audit.csv,294,"info,honesty-negative,maintenance_core/honesty_claims/honesty_claims_audit.csv,200,""info,honesty-negative,mugenforge/app.py,7576,""""if not messagebox.askyesno('Apply SND Direct Patch Sheet', 'Apply enabled rows from binary_deep/snd_direct_patch/snd_direct_patch_sheet.csv? This creates a patched candidate copy first.'):"""""""
medium,safety-claim,maintenance_core/honesty_claims/honesty_claims_audit.csv,295,"medium,safety-claim,maintenance_core/honesty_claims/honesty_claims_audit.csv,201,""medium,safety-claim,mugenforge/app.py,7615,""""header = ttk.LabelFrame(frame, text=f'Binary Maturity v{BINARY_MATURITY_VERSION} — standard SFF2, safe rebuild candidates, SND slot patches, runtime harness', padding=(8, 6))"""""""
high,binary-fullness,maintenance_core/honesty_claims/honesty_claims_audit.csv,296,"high,binary-fullness,maintenance_core/honesty_claims/honesty_claims_audit.csv,202,""high,binary-fullness,mugenforge/app.py,7680,""""messagebox.showinfo('Binary Maturity complete', 'v5.5 Binary Maturity pass completed. Open binary_maturity/BINARY_MATURITY_START_HERE.md to review outputs.')"""""""
info,honesty-negative,maintenance_core/honesty_claims/honesty_claims_audit.csv,297,"info,honesty-negative,maintenance_core/honesty_claims/honesty_claims_audit.csv,203,""info,honesty-negative,mugenforge/app.py,7710,""""if not messagebox.askyesno('Apply SFF2 Edit Workspace', 'Build a new SFF2 candidate from binary_maturity/sff2_edit_workspace/sff2_sprite_edit_sheet.csv? The original SFF is not overwritten.'):"""""""
info,honesty-negative,maintenance_core/honesty_claims/honesty_claims_audit.csv,298,"info,honesty-negative,maintenance_core/honesty_claims/honesty_claims_audit.csv,204,""info,honesty-negative,mugenforge/app.py,7727,""""self._binary_maturity_show_result(result, 'SFF2 source build candidate written')"""""""
info,honesty-negative,maintenance_core/honesty_claims/honesty_claims_audit.csv,299,"info,honesty-negative,maintenance_core/honesty_claims/honesty_claims_audit.csv,205,""info,honesty-negative,mugenforge/app.py,7746,""""if not messagebox.askyesno('Apply SND Slot Patch Sheet', 'Apply enabled same-or-smaller WAV slot patches into a candidate SND copy? The original SND is not overwritten.'):"""""""
info,honesty-negative,maintenance_core/honesty_claims/honesty_claims_audit.csv,300,"info,honesty-negative,maintenance_core/honesty_claims/honesty_claims_audit.csv,206,""info,honesty-negative,mugenforge/app.py,7790,""""# Runtime Lab v6.1: external engine harnesses, runtime evidence, log parsing, and release readiness."""""""
high,engine-authority,maintenance_core/honesty_claims/honesty_claims_audit.csv,301,"high,engine-authority,maintenance_core/honesty_claims/honesty_claims_audit.csv,207,""high,engine-authority,mugenforge/app.py,7800,""""'Runtime Lab closes the external-playtest gap. It does not simulate M.U.G.E.N/IKEMEN; it writes editable launchers, '"""""""
info,honesty-negative,maintenance_core/honesty_claims/honesty_claims_audit.csv,302,"info,honesty-negative,maintenance_core/honesty_claims/honesty_claims_audit.csv,208,""info,honesty-negative,mugenforge/app.py,7825,'One-Click Runtime Lab Pass → edit runtime_config.json → review launcher scripts → run the external engine → '"""
high,engine-authority,maintenance_core/honesty_claims/honesty_claims_audit.csv,303,"high,engine-authority,maintenance_core/honesty_claims/honesty_claims_audit.csv,209,""high,engine-authority,mugenforge/app.py,7827,""""'Readiness is a release aid, not engine-authoritative proof.'"""""""
info,honesty-negative,maintenance_core/honesty_claims/honesty_claims_audit.csv,304,"info,honesty-negative,maintenance_core/honesty_claims/honesty_claims_audit.csv,210,""info,honesty-negative,mugenforge/app.py,7834,""""self.set_text(self.runtime_lab_output, f'Runtime Lab v{rt_lab.RUNTIME_LAB_VERSION} is ready. Generate configs and launchers, run the external engine, then feed logs/evidence back into MugenForge.')"""""""
info,honesty-negative,maintenance_core/honesty_claims/honesty_claims_audit.csv,305,"info,honesty-negative,maintenance_core/honesty_claims/honesty_claims_audit.csv,211,""info,honesty-negative,mugenforge/app.py,7899,""""if not messagebox.askyesno('Install Runtime Debug Overlay', 'Append a State -2 DisplayToClipboard helper to the project CNS/ST file? A backup is written first.'):"""""""
info,honesty-negative,maintenance_core/honesty_claims/honesty_claims_audit.csv,306,"info,honesty-negative,maintenance_core/honesty_claims/honesty_claims_audit.csv,212,""info,honesty-negative,mugenforge/app.py,8090,""""if not messagebox.askyesno('Run external engine?', 'This will run the configured external engine executable. Continue?'):"""""""
medium,safety-claim,maintenance_core/honesty_claims/honesty_claims_audit.csv,307,"medium,safety-claim,maintenance_core/honesty_claims/honesty_claims_audit.csv,213,""medium,safety-claim,mugenforge/app.py,8194,""""# Authority Core v7.0: engine-backed evidence, corpus validation, verified installs, and tuning feedback."""""""
medium,safety-claim,maintenance_core/honesty_claims/honesty_claims_audit.csv,308,"medium,safety-claim,maintenance_core/honesty_claims/honesty_claims_audit.csv,214,""medium,safety-claim,mugenforge/app.py,8201,""""header = ttk.LabelFrame(frame, text=f'Authority Core v{ac.AUTHORITY_CORE_VERSION} — engine evidence, corpus validation, verified installs, and tuning feedback', padding=(8, 6))"""""""
medium,safety-claim,maintenance_core/honesty_claims/honesty_claims_audit.csv,309,"medium,safety-claim,maintenance_core/honesty_claims/honesty_claims_audit.csv,215,""medium,safety-claim,mugenforge/app.py,8205,""""'validate SFF/SND corpora, triage unknown binaries, install verified binary candidates with backups, and apply gameplay tuning feedback from playtests.'"""""""
medium,safety-claim,maintenance_core/honesty_claims/honesty_claims_audit.csv,310,"medium,safety-claim,maintenance_core/honesty_claims/honesty_claims_audit.csv,216,""medium,safety-claim,mugenforge/app.py,8234,'validate binary corpus → install only verified candidates → apply tuning feedback → regenerate Authority Score.'"""
info,honesty-negative,maintenance_core/honesty_claims/honesty_claims_audit.csv,311,"info,honesty-negative,maintenance_core/honesty_claims/honesty_claims_audit.csv,217,""info,honesty-negative,mugenforge/app.py,8312,""""if not messagebox.askyesno('Run external engine', 'Launch the configured local engine now? MugenForge will capture stdout/stderr/result JSON and will not modify your engine install.'):"""""""
info,honesty-negative,maintenance_core/honesty_claims/honesty_claims_audit.csv,312,"info,honesty-negative,maintenance_core/honesty_claims/honesty_claims_audit.csv,218,""info,honesty-negative,mugenforge/app.py,8317,""""self._authority_core_show_result(ac.run_authoritative_engine_scenario(root, scenario_id=scenario, timeout_seconds=timeout, dry_run=False), 'External engine scenario attempted')"""""""
medium,safety-claim,maintenance_core/honesty_claims/honesty_claims_audit.csv,313,"medium,safety-claim,maintenance_core/honesty_claims/honesty_claims_audit.csv,219,""medium,safety-claim,mugenforge/app.py,8375,""""if not messagebox.askyesno('Install verified binary candidates', 'Install rows marked enabled=yes in authority_core/verified_binary_install/verified_binary_install_sheet.csv? Backups will be written first.'):"""""""
medium,safety-claim,maintenance_core/honesty_claims/honesty_claims_audit.csv,314,"medium,safety-claim,maintenance_core/honesty_claims/honesty_claims_audit.csv,220,""medium,safety-claim,mugenforge/app.py,8378,""""self._authority_core_show_result(ac.install_verified_binary_candidates(root), 'Verified binary candidates installed')"""""""
info,honesty-negative,maintenance_core/honesty_claims/honesty_claims_audit.csv,315,"info,honesty-negative,maintenance_core/honesty_claims/honesty_claims_audit.csv,221,""info,honesty-negative,mugenforge/app.py,8381,""""messagebox.showerror('Binary candidate install failed', str(exc))"""""""
medium,safety-claim,maintenance_core/honesty_claims/honesty_claims_audit.csv,316,"medium,safety-claim,maintenance_core/honesty_claims/honesty_claims_audit.csv,222,""medium,safety-claim,mugenforge/app.py,8422,""""# Authority Lab v7.0 — evidence-backed release gate, source-runtime simulation, corpus validation, and verified binary commit."""""""
medium,safety-claim,maintenance_core/honesty_claims/honesty_claims_audit.csv,317,"medium,safety-claim,maintenance_core/honesty_claims/honesty_claims_audit.csv,223,""medium,safety-claim,mugenforge/app.py,8429,""""header = ttk.LabelFrame(frame, text=f'Authority Lab v{auth_lab.AUTHORITY_LAB_VERSION} — close remaining gaps with evidence and verified commits', padding=(8, 6))"""""""
medium,safety-claim,maintenance_core/honesty_claims/honesty_claims_audit.csv,318,"medium,safety-claim,maintenance_core/honesty_claims/honesty_claims_audit.csv,224,""medium,safety-claim,mugenforge/app.py,8433,""""'source-runtime simulation, SFF2 corpus validation and fingerprinting, verified binary candidate promotion, '"""""""
medium,safety-claim,maintenance_core/honesty_claims/honesty_claims_audit.csv,319,"medium,safety-claim,maintenance_core/honesty_claims/honesty_claims_audit.csv,225,""medium,safety-claim,mugenforge/app.py,8510,""""self._authority_lab_show_result(auth_lab.verify_engine_profile(root, run_probe=False), 'Engine profile verified')"""""""
info,honesty-negative,maintenance_core/honesty_claims/honesty_claims_audit.csv,320,"info,honesty-negative,maintenance_core/honesty_claims/honesty_claims_audit.csv,226,""info,honesty-negative,mugenforge/app.py,8518,""""if not messagebox.askyesno('Probe engine', 'Run the configured external engine command briefly? This uses runtime_lab/runtime_config.json and captures stdout/stderr.'):"""""""
medium,safety-claim,maintenance_core/honesty_claims/honesty_claims_audit.csv,321,"medium,safety-claim,maintenance_core/honesty_claims/honesty_claims_audit.csv,227,""medium,safety-claim,mugenforge/app.py,8554,""""self._authority_lab_show_result(auth_lab.export_verified_binary_commit_sheet(root), 'Verified binary commit sheet written')"""""""
medium,safety-claim,maintenance_core/honesty_claims/honesty_claims_audit.csv,322,"medium,safety-claim,maintenance_core/honesty_claims/honesty_claims_audit.csv,228,""medium,safety-claim,mugenforge/app.py,8565,""""self._authority_lab_show_result(auth_lab.apply_verified_binary_commit_sheet(root), 'Verified binary commit sheet applied')"""""""
medium,safety-claim,maintenance_core/honesty_claims/honesty_claims_audit.csv,323,"medium,safety-claim,maintenance_core/honesty_claims/honesty_claims_audit.csv,229,""medium,safety-claim,mugenforge/app.py,8606,""""header = ttk.LabelFrame(frame, text=f'Closure Lab v{CLOSURE_LAB_VERSION} — runtime simulation, engine adapters, corpus validation, safe commit, tuning loop', padding=(8, 6))"""""""
high,engine-authority,maintenance_core/honesty_claims/honesty_claims_audit.csv,324,"high,engine-authority,maintenance_core/honesty_claims/honesty_claims_audit.csv,230,""high,engine-authority,mugenforge/app.py,8690,""""ticks = simpledialog.askinteger('Offline runtime', 'Ticks to simulate:', initialvalue=180, minvalue=1, maxvalue=10000) or 180"""""""
info,honesty-negative,maintenance_core/honesty_claims/honesty_claims_audit.csv,325,"info,honesty-negative,maintenance_core/honesty_claims/honesty_claims_audit.csv,231,""info,honesty-negative,mugenforge/app.py,8728,""""if not messagebox.askyesno('Run external engine', 'Run your configured local engine profile now? Configure and dry-run first. MugenForge captures stdout/stderr and result JSON.'):"""""""
medium,safety-claim,maintenance_core/honesty_claims/honesty_claims_audit.csv,326,"medium,safety-claim,maintenance_core/honesty_claims/honesty_claims_audit.csv,232,""medium,safety-claim,mugenforge/app.py,8827,""""# Evidence Core v7.0 — external engine evidence, corpus validation, verified candidate promotion, and runtime tuning."""""""
medium,safety-claim,maintenance_core/honesty_claims/honesty_claims_audit.csv,327,"medium,safety-claim,maintenance_core/honesty_claims/honesty_claims_audit.csv,233,""medium,safety-claim,mugenforge/app.py,8834,""""header = ttk.LabelFrame(frame, text=f'Evidence Core v{ev_core.EVIDENCE_CORE_VERSION} — engine-backed evidence, corpus validation, and verified promotion', padding=(8, 6))"""""""
info,honesty-negative,maintenance_core/honesty_claims/honesty_claims_audit.csv,328,"info,honesty-negative,maintenance_core/honesty_claims/honesty_claims_audit.csv,234,""info,honesty-negative,mugenforge/app.py,8837,""""'Evidence Core turns the remaining honest limitations into practical workflows: configure/probe an external engine, '"""""""
medium,safety-claim,maintenance_core/honesty_claims/honesty_claims_audit.csv,329,"medium,safety-claim,maintenance_core/honesty_claims/honesty_claims_audit.csv,235,""medium,safety-claim,mugenforge/app.py,8838,""""'build launch matrices, capture real stdout/stderr/log evidence, validate SFF2 files against a corpus, promote binary candidates only through a verified install sheet, '"""""""
high,engine-authority,maintenance_core/honesty_claims/honesty_claims_audit.csv,330,"high,engine-authority,maintenance_core/honesty_claims/honesty_claims_audit.csv,236,""high,engine-authority,mugenforge/app.py,8839,'and export/apply playtest-backed tuning sheets. It does not bundle or emulate M.U.G.E.N/IKEMEN.'"""
medium,safety-claim,maintenance_core/honesty_claims/honesty_claims_audit.csv,331,"medium,safety-claim,maintenance_core/honesty_claims/honesty_claims_audit.csv,237,""medium,safety-claim,mugenforge/app.py,8854,""""('Verified Install Sheet', self.evidence_core_candidate_sheet_ui),"""""""
medium,safety-claim,maintenance_core/honesty_claims/honesty_claims_audit.csv,332,"medium,safety-claim,maintenance_core/honesty_claims/honesty_claims_audit.csv,238,""medium,safety-claim,mugenforge/app.py,8855,""""('Apply Verified Install', self.evidence_core_apply_candidate_ui),"""""""
medium,safety-claim,maintenance_core/honesty_claims/honesty_claims_audit.csv,333,"medium,safety-claim,maintenance_core/honesty_claims/honesty_claims_audit.csv,239,""medium,safety-claim,mugenforge/app.py,8869,'Ingest Evidence → Authority Report → Corpus Validation → Verified Install Sheet → Runtime Tuning / Playtest Closure.'"""
info,honesty-negative,maintenance_core/honesty_claims/honesty_claims_audit.csv,334,"info,honesty-negative,maintenance_core/honesty_claims/honesty_claims_audit.csv,240,""info,honesty-negative,mugenforge/app.py,8960,""""if not messagebox.askyesno('Run external engine validation', 'Launch your configured local engine for enabled Evidence Core scenarios? Review the launch matrix first.'):"""""""
medium,safety-claim,maintenance_core/honesty_claims/honesty_claims_audit.csv,335,"medium,safety-claim,maintenance_core/honesty_claims/honesty_claims_audit.csv,241,""medium,safety-claim,mugenforge/app.py,9019,""""self._evidence_core_show_result(ev_core.export_verified_candidate_install_sheet(root), 'Verified candidate install sheet written')"""""""
medium,safety-claim,maintenance_core/honesty_claims/honesty_claims_audit.csv,336,"medium,safety-claim,maintenance_core/honesty_claims/honesty_claims_audit.csv,242,""medium,safety-claim,mugenforge/app.py,9021,""""messagebox.showerror('Verified candidate sheet failed', str(exc))"""""""
medium,safety-claim,maintenance_core/honesty_claims/honesty_claims_audit.csv,337,"medium,safety-claim,maintenance_core/honesty_claims/honesty_claims_audit.csv,243,""medium,safety-claim,mugenforge/app.py,9027,""""if not messagebox.askyesno('Apply verified candidate install sheet', 'Apply enabled rows from evidence_core/candidate_promotion/verified_candidate_install_sheet.csv? Current targets will be backed up first.'):"""""""
medium,safety-claim,maintenance_core/honesty_claims/honesty_claims_audit.csv,338,"medium,safety-claim,maintenance_core/honesty_claims/honesty_claims_audit.csv,244,""medium,safety-claim,mugenforge/app.py,9030,""""self._evidence_core_show_result(ev_core.apply_verified_candidate_install_sheet(root), 'Verified candidate install sheet applied')"""""""
medium,safety-claim,maintenance_core/honesty_claims/honesty_claims_audit.csv,339,"medium,safety-claim,maintenance_core/honesty_claims/honesty_claims_audit.csv,245,""medium,safety-claim,mugenforge/app.py,9032,""""messagebox.showerror('Apply verified candidate sheet failed', str(exc))"""""""
medium,safety-claim,maintenance_core/honesty_claims/honesty_claims_audit.csv,340,"medium,safety-claim,maintenance_core/honesty_claims/honesty_claims_audit.csv,246,""medium,safety-claim,mugenforge/app.py,9296,""""# Maintenance Core v7.5 — context-safe handoff, catalogs, UI inventory, smoke scripts, and claim audits."""""""
info,honesty-negative,maintenance_core/honesty_claims/honesty_claims_audit.csv,341,"info,honesty-negative,maintenance_core/honesty_claims/honesty_claims_audit.csv,247,""info,honesty-negative,mugenforge/app.py,9307,""""'release lineage, claim-risk audit, smoke scripts, backlog, and a maintenance bundle. It does not modify gameplay code or user binaries.'"""""""
medium,safety-claim,maintenance_core/honesty_claims/honesty_claims_audit.csv,342,"medium,safety-claim,maintenance_core/honesty_claims/honesty_claims_audit.csv,248,""medium,safety-claim,mugenforge/app.py,9337,""""self.set_text(self.maintenance_core_output, 'Maintenance Core v7.5 is ready. Open or create a project folder, then run One-Click Maintenance Pass for a context-safe handoff bundle.')"""""""
info,honesty-negative,maintenance_core/honesty_claims/honesty_claims_audit.csv,343,"info,honesty-negative,maintenance_core/honesty_claims/honesty_claims_audit.csv,249,""info,honesty-negative,mugenforge/authority_core.py,33,""""WARN_RE = re.compile(r'\b(warn(?:ing)?|missing|not found|invalid|cannot|could not|unable|unsupported)\b', re.I)"""""""
info,honesty-negative,maintenance_core/honesty_claims/honesty_claims_audit.csv,344,"info,honesty-negative,maintenance_core/honesty_claims/honesty_claims_audit.csv,250,""info,honesty-negative,mugenforge/authority_core.py,159,backup = path.with_name(path.name + f'.bak_authority_{_timestamp()}')"""
info,honesty-negative,maintenance_core/honesty_claims/honesty_claims_audit.csv,345,"info,honesty-negative,maintenance_core/honesty_claims/honesty_claims_audit.csv,251,""info,honesty-negative,mugenforge/authority_core.py,160,""""shutil.copy2(path, backup)"""""""
info,honesty-negative,maintenance_core/honesty_claims/honesty_claims_audit.csv,346,"info,honesty-negative,maintenance_core/honesty_claims/honesty_claims_audit.csv,252,""info,honesty-negative,mugenforge/authority_core.py,161,return backup"""
info,honesty-negative,maintenance_core/honesty_claims/honesty_claims_audit.csv,347,"info,honesty-negative,maintenance_core/honesty_claims/honesty_claims_audit.csv,253,""info,honesty-negative,mugenforge/authority_core.py,274,- External engine scenario runner with captured stdout/stderr/result JSON."""
medium,safety-claim,maintenance_core/honesty_claims/honesty_claims_audit.csv,348,"medium,safety-claim,maintenance_core/honesty_claims/honesty_claims_audit.csv,254,""medium,safety-claim,mugenforge/authority_core.py,279,""""- Verified binary candidate install workflow with hashes, backups, and parser checks."""""""
info,honesty-negative,maintenance_core/honesty_claims/honesty_claims_audit.csv,349,"info,honesty-negative,maintenance_core/honesty_claims/honesty_claims_audit.csv,255,""info,honesty-negative,mugenforge/authority_core.py,351,""""add('error', 'engine_executable', f'configured path does not exist: {exe}')"""""""
info,honesty-negative,maintenance_core/honesty_claims/honesty_claims_audit.csv,350,"info,honesty-negative,maintenance_core/honesty_claims/honesty_claims_audit.csv,256,""info,honesty-negative,mugenforge/authority_core.py,356,""""add('warning', 'working_directory', f'configured working directory does not exist: {cwd}')"""""""
info,honesty-negative,maintenance_core/honesty_claims/honesty_claims_audit.csv,351,"info,honesty-negative,maintenance_core/honesty_claims/honesty_claims_audit.csv,257,""info,honesty-negative,mugenforge/authority_core.py,442,result.add_note('Dry-run command generated; no external engine process was launched.')"""
info,honesty-negative,maintenance_core/honesty_claims/honesty_claims_audit.csv,352,"info,honesty-negative,maintenance_core/honesty_claims/honesty_claims_audit.csv,258,""info,honesty-negative,mugenforge/authority_core.py,450,result.add_warning(f'Engine executable does not exist: {cmd[0]}')"""
info,honesty-negative,maintenance_core/honesty_claims/honesty_claims_audit.csv,353,"info,honesty-negative,maintenance_core/honesty_claims/honesty_claims_audit.csv,259,""info,honesty-negative,mugenforge/authority_core.py,464,result.add_note('External engine process exited with code 0. This run is captured as runtime evidence.')"""
info,honesty-negative,maintenance_core/honesty_claims/honesty_claims_audit.csv,354,"info,honesty-negative,maintenance_core/honesty_claims/honesty_claims_audit.csv,260,""info,honesty-negative,mugenforge/authority_core.py,466,result.add_warning(f'External engine process exited with code {proc.returncode}.')"""
info,honesty-negative,maintenance_core/honesty_claims/honesty_claims_audit.csv,355,"info,honesty-negative,maintenance_core/honesty_claims/honesty_claims_audit.csv,261,""info,honesty-negative,mugenforge/authority_core.py,470,result.add_warning(f'External engine process timed out after {timeout} seconds.')"""
info,honesty-negative,maintenance_core/honesty_claims/honesty_claims_audit.csv,356,"info,honesty-negative,maintenance_core/honesty_claims/honesty_claims_audit.csv,262,""info,honesty-negative,mugenforge/authority_core.py,474,result.add_warning(f'External engine process failed: {exc}')"""
info,honesty-negative,maintenance_core/honesty_claims/honesty_claims_audit.csv,357,"info,honesty-negative,maintenance_core/honesty_claims/honesty_claims_audit.csv,263,""info,honesty-negative,mugenforge/authority_core.py,607,result.add_warning(f'Corpus folder does not exist: {corpus}')"""
info,honesty-negative,maintenance_core/honesty_claims/honesty_claims_audit.csv,358,"info,honesty-negative,maintenance_core/honesty_claims/honesty_claims_audit.csv,264,""info,honesty-negative,mugenforge/authority_core.py,664,""""if status in {'parse_failed', 'unknown'} or 'unsupported' in warnings or 'invalid' in warnings:"""""""
medium,safety-claim,maintenance_core/honesty_claims/honesty_claims_audit.csv,359,"medium,safety-claim,maintenance_core/honesty_claims/honesty_claims_audit.csv,265,""medium,safety-claim,mugenforge/authority_core.py,688,result = AuthorityCoreResult('Verified Binary Install Sheet')"""
medium,safety-claim,maintenance_core/honesty_claims/honesty_claims_audit.csv,360,"medium,safety-claim,maintenance_core/honesty_claims/honesty_claims_audit.csv,266,""medium,safety-claim,mugenforge/authority_core.py,708,status = 'verified' if info.variant != 'unknown' else 'needs_review'"""
medium,safety-claim,maintenance_core/honesty_claims/honesty_claims_audit.csv,361,"medium,safety-claim,maintenance_core/honesty_claims/honesty_claims_audit.csv,267,""medium,safety-claim,mugenforge/authority_core.py,712,status = 'verified' if info.sounds or info.has_signature else 'needs_review'"""
info,honesty-negative,maintenance_core/honesty_claims/honesty_claims_audit.csv,362,"info,honesty-negative,maintenance_core/honesty_claims/honesty_claims_audit.csv,268,""info,honesty-negative,mugenforge/authority_core.py,720,""""'install_mode': 'backup_then_replace', 'notes': 'Set enabled=yes only after verifying this candidate in your target engine.'"""""""
medium,safety-claim,maintenance_core/honesty_claims/honesty_claims_audit.csv,363,"medium,safety-claim,maintenance_core/honesty_claims/honesty_claims_audit.csv,269,""medium,safety-claim,mugenforge/authority_core.py,731,result = AuthorityCoreResult('Verified Binary Candidate Installer')"""
info,honesty-negative,maintenance_core/honesty_claims/honesty_claims_audit.csv,364,"info,honesty-negative,maintenance_core/honesty_claims/honesty_claims_audit.csv,270,""info,honesty-negative,mugenforge/authority_core.py,745,result.add_warning(f'Candidate missing: {cand}')"""
info,honesty-negative,maintenance_core/honesty_claims/honesty_claims_audit.csv,365,"info,honesty-negative,maintenance_core/honesty_claims/honesty_claims_audit.csv,271,""info,honesty-negative,mugenforge/authority_core.py,758,result.add_warning(f'Unsupported install kind: {kind}')"""
info,honesty-negative,maintenance_core/honesty_claims/honesty_claims_audit.csv,366,"info,honesty-negative,maintenance_core/honesty_claims/honesty_claims_audit.csv,272,""info,honesty-negative,mugenforge/authority_core.py,764,backup = _backup_file(target) if target.exists() else None"""
info,honesty-negative,maintenance_core/honesty_claims/honesty_claims_audit.csv,367,"info,honesty-negative,maintenance_core/honesty_claims/honesty_claims_audit.csv,273,""info,honesty-negative,mugenforge/authority_core.py,767,""""installed.append({'candidate': str(cand), 'target': str(target), 'candidate_sha256': actual_hash, 'backup': str(backup or '')})"""""""
medium,safety-claim,maintenance_core/honesty_claims/honesty_claims_audit.csv,368,"medium,safety-claim,maintenance_core/honesty_claims/honesty_claims_audit.csv,274,""medium,safety-claim,mugenforge/authority_core.py,769,result.add_note(f'Installed {len(installed)} verified candidate(s).')"""
info,honesty-negative,maintenance_core/honesty_claims/honesty_claims_audit.csv,369,"info,honesty-negative,maintenance_core/honesty_claims/honesty_claims_audit.csv,275,""info,honesty-negative,mugenforge/authority_core.py,969,""""lines.append(f'- External engine evidence present: {""""""""yes"""""""" if evidence_backed else """"""""no""""""""}')"""""""
info,honesty-negative,maintenance_core/honesty_claims/honesty_claims_audit.csv,370,"info,honesty-negative,maintenance_core/honesty_claims/honesty_claims_audit.csv,276,""info,honesty-negative,mugenforge/authority_core.py,1025,""""result.merge(run_authoritative_engine_scenario(root, dry_run=False), 'external engine auto-run')"""""""
medium,plugin-execution,maintenance_core/honesty_claims/honesty_claims_audit.csv,371,"medium,plugin-execution,maintenance_core/honesty_claims/honesty_claims_audit.csv,277,""medium,plugin-execution,mugenforge/authority_core.py,1026,""""result.merge(parse_engine_run_results(root), 'engine run parser after auto-run')"""""""
medium,plugin-execution,maintenance_core/honesty_claims/honesty_claims_audit.csv,372,"medium,plugin-execution,maintenance_core/honesty_claims/honesty_claims_audit.csv,278,""medium,plugin-execution,mugenforge/authority_core.py,1027,""""result.merge(write_authority_score(root), 'authority score after auto-run')"""""""
info,honesty-negative,maintenance_core/honesty_claims/honesty_claims_audit.csv,373,"info,honesty-negative,maintenance_core/honesty_claims/honesty_claims_audit.csv,279,""info,honesty-negative,mugenforge/authority_core.py,1029,result.add_warning(f'external engine auto-run failed: {exc}')"""
high,engine-authority,maintenance_core/honesty_claims/honesty_claims_audit.csv,374,"high,engine-authority,maintenance_core/honesty_claims/honesty_claims_audit.csv,280,""high,engine-authority,mugenforge/authority_lab.py,316,""""""""""""previous_limitation"""""""": """"""""Editor-side reports were not engine-authoritative."""""""","""""""
high,engine-authority,maintenance_core/honesty_claims/honesty_claims_audit.csv,375,"high,engine-authority,maintenance_core/honesty_claims/honesty_claims_audit.csv,281,""high,engine-authority,mugenforge/authority_lab.py,326,""""""""""""previous_limitation"""""""": """"""""MugenForge did not simulate runtime behavior."""""""","""""""
info,honesty-negative,maintenance_core/honesty_claims/honesty_claims_audit.csv,376,"info,honesty-negative,maintenance_core/honesty_claims/honesty_claims_audit.csv,282,""info,honesty-negative,mugenforge/authority_lab.py,341,""""""""""""previous_limitation"""""""": """"""""Binary mutation was candidate/backup-first only."""""""","""""""
medium,safety-claim,maintenance_core/honesty_claims/honesty_claims_audit.csv,377,"medium,safety-claim,maintenance_core/honesty_claims/honesty_claims_audit.csv,283,""medium,safety-claim,mugenforge/authority_lab.py,342,""""""""""""v7_feature"""""""": """"""""Verified Binary Commit Sheet promotes chosen candidate SFF/SND files to live DEF-referenced files after SHA verification and automatic backup."""""""","""""""
info,honesty-negative,maintenance_core/honesty_claims/honesty_claims_audit.csv,378,"info,honesty-negative,maintenance_core/honesty_claims/honesty_claims_audit.csv,284,""info,honesty-negative,mugenforge/authority_lab.py,363,""""""""""""No editor can make subjective move feel, balance, or player-fun decisions without playtesting. Authority Lab narrows the technical gaps by collecting evidence, verifying external engine setup, and making risky binary changes deliberate and reversible."""""""","""""""
info,honesty-negative,maintenance_core/honesty_claims/honesty_claims_audit.csv,379,"info,honesty-negative,maintenance_core/honesty_claims/honesty_claims_audit.csv,285,""info,honesty-negative,mugenforge/authority_lab.py,459,""""""""""""This verifies local engine configuration and optional startup behavior. It does not certify engine-specific command-line semantics for every build."""""""","""""""
medium,safety-claim,maintenance_core/honesty_claims/honesty_claims_audit.csv,380,"medium,safety-claim,maintenance_core/honesty_claims/honesty_claims_audit.csv,286,""medium,safety-claim,mugenforge/authority_lab.py,725,# Verified binary commit workflows"""
medium,safety-claim,maintenance_core/honesty_claims/honesty_claims_audit.csv,381,"medium,safety-claim,maintenance_core/honesty_claims/honesty_claims_audit.csv,287,""medium,safety-claim,mugenforge/authority_lab.py,753,""""res = AuthorityLabResult(""""""""Verified Binary Commit Sheet"""""""")"""""""
info,honesty-negative,maintenance_core/honesty_claims/honesty_claims_audit.csv,382,"info,honesty-negative,maintenance_core/honesty_claims/honesty_claims_audit.csv,288,""info,honesty-negative,mugenforge/authority_lab.py,770,""""""""""""notes"""""""": """"""""Set enabled=yes only after testing this candidate in your target engine."""""""","""""""
medium,safety-claim,maintenance_core/honesty_claims/honesty_claims_audit.csv,383,"medium,safety-claim,maintenance_core/honesty_claims/honesty_claims_audit.csv,289,""medium,safety-claim,mugenforge/authority_lab.py,776,""""""""""""# Verified Binary Commit Sheet"""""""","""""""
info,honesty-negative,maintenance_core/honesty_claims/honesty_claims_audit.csv,384,"info,honesty-negative,maintenance_core/honesty_claims/honesty_claims_audit.csv,290,""info,honesty-negative,mugenforge/authority_lab.py,778,""""""""""""This sheet promotes a tested candidate `.sff` or `.snd` into the live DEF-referenced file with a backup and SHA-256 verification."""""""","""""""
info,honesty-negative,maintenance_core/honesty_claims/honesty_claims_audit.csv,385,"info,honesty-negative,maintenance_core/honesty_claims/honesty_claims_audit.csv,291,""info,honesty-negative,mugenforge/authority_lab.py,780,""""""""""""1. Test the candidate in your target engine."""""""","""""""
info,honesty-negative,maintenance_core/honesty_claims/honesty_claims_audit.csv,386,"info,honesty-negative,maintenance_core/honesty_claims/honesty_claims_audit.csv,292,""info,honesty-negative,mugenforge/authority_lab.py,782,""""""""""""3. Set `enabled=yes` for the exact candidate to promote."""""""","""""""
info,honesty-negative,maintenance_core/honesty_claims/honesty_claims_audit.csv,387,"info,honesty-negative,maintenance_core/honesty_claims/honesty_claims_audit.csv,293,""info,honesty-negative,mugenforge/authority_lab.py,786,""""""""""""Blind overwrites are intentionally blocked. The app verifies the candidate hash before copying and writes a backup of the live file first."""""""","""""""
info,honesty-negative,maintenance_core/honesty_claims/honesty_claims_audit.csv,388,"info,honesty-negative,maintenance_core/honesty_claims/honesty_claims_audit.csv,294,""info,honesty-negative,mugenforge/authority_lab.py,788,""""res.add_note(f""""""""Exported {len(rows)} candidate row(s)."""""""")"""""""
medium,safety-claim,maintenance_core/honesty_claims/honesty_claims_audit.csv,389,"medium,safety-claim,maintenance_core/honesty_claims/honesty_claims_audit.csv,295,""medium,safety-claim,mugenforge/authority_lab.py,794,""""res = AuthorityLabResult(""""""""Apply Verified Binary Commit Sheet"""""""")"""""""
medium,safety-claim,maintenance_core/honesty_claims/honesty_claims_audit.csv,390,"medium,safety-claim,maintenance_core/honesty_claims/honesty_claims_audit.csv,296,""medium,safety-claim,mugenforge/authority_lab.py,800,""""res.add_warning(""""""""Verified binary commit sheet not found."""""""")"""""""
info,honesty-negative,maintenance_core/honesty_claims/honesty_claims_audit.csv,391,"info,honesty-negative,maintenance_core/honesty_claims/honesty_claims_audit.csv,297,""info,honesty-negative,mugenforge/authority_lab.py,809,""""res.add_warning(f""""""""Skipping unsupported kind: {kind}"""""""")"""""""
info,honesty-negative,maintenance_core/honesty_claims/honesty_claims_audit.csv,392,"info,honesty-negative,maintenance_core/honesty_claims/honesty_claims_audit.csv,298,""info,honesty-negative,mugenforge/authority_lab.py,815,""""res.add_warning(f""""""""Candidate does not exist: {cand}"""""""")"""""""
info,honesty-negative,maintenance_core/honesty_claims/honesty_claims_audit.csv,393,"info,honesty-negative,maintenance_core/honesty_claims/honesty_claims_audit.csv,299,""info,honesty-negative,mugenforge/authority_lab.py,820,""""res.add_warning(f""""""""Candidate SHA mismatch for {cand.name}; expected {expected}, got {actual}. Row skipped."""""""")"""""""
info,honesty-negative,maintenance_core/honesty_claims/honesty_claims_audit.csv,394,"info,honesty-negative,maintenance_core/honesty_claims/honesty_claims_audit.csv,300,""info,honesty-negative,mugenforge/authority_lab.py,827,""""backup = backup_dir / f""""""""{Path(live).name}.bak_authority_{_now()}"""""""""""""""
info,honesty-negative,maintenance_core/honesty_claims/honesty_claims_audit.csv,395,"info,honesty-negative,maintenance_core/honesty_claims/honesty_claims_audit.csv,301,""info,honesty-negative,mugenforge/authority_lab.py,828,""""shutil.copy2(live, backup)"""""""
info,honesty-negative,maintenance_core/honesty_claims/honesty_claims_audit.csv,396,"info,honesty-negative,maintenance_core/honesty_claims/honesty_claims_audit.csv,302,""info,honesty-negative,mugenforge/authority_lab.py,830,""""res.add_created(root, backup)"""""""
info,honesty-negative,maintenance_core/honesty_claims/honesty_claims_audit.csv,397,"info,honesty-negative,maintenance_core/honesty_claims/honesty_claims_audit.csv,303,""info,honesty-negative,mugenforge/authority_lab.py,835,""""""""""""candidate"""""""": _rel(root, cand),"""""""
info,honesty-negative,maintenance_core/honesty_claims/honesty_claims_audit.csv,398,"info,honesty-negative,maintenance_core/honesty_claims/honesty_claims_audit.csv,304,""info,honesty-negative,mugenforge/authority_lab.py,838,""""""""""""backup"""""""": _rel(root, backup),"""""""
medium,safety-claim,maintenance_core/honesty_claims/honesty_claims_audit.csv,399,"medium,safety-claim,maintenance_core/honesty_claims/honesty_claims_audit.csv,305,""medium,safety-claim,mugenforge/authority_lab.py,848,""""res.add_note(f""""""""Promoted {len(commit_log)} verified binary candidate(s) into live files."""""""")"""""""
info,honesty-negative,maintenance_core/honesty_claims/honesty_claims_audit.csv,400,"info,honesty-negative,maintenance_core/honesty_claims/honesty_claims_audit.csv,306,""info,honesty-negative,mugenforge/authority_lab.py,905,""""""""""""This workbench does not pretend generated gameplay code is finished. It turns generated scaffolding into testable tuning sheets."""""""","""""""
high,engine-authority,maintenance_core/honesty_claims/honesty_claims_audit.csv,401,"high,engine-authority,maintenance_core/honesty_claims/honesty_claims_audit.csv,307,""high,engine-authority,mugenforge/authority_lab.py,1006,""""""""""""Authority Gate is evidence-backed when it includes real external engine logs/probe output. Without real engine evidence, it remains a strong preflight check rather than runtime certification."""""""","""""""
medium,safety-claim,maintenance_core/honesty_claims/honesty_claims_audit.csv,402,"medium,safety-claim,maintenance_core/honesty_claims/honesty_claims_audit.csv,308,""medium,safety-claim,mugenforge/automation_bank.py,68,""""FeaturePreset(""""""""starter_basics"""""""", """"""""Starter basics / required actions"""""""", """"""""Setup"""""""", """"""""Beginner"""""""", """"""""Adds beginner-safe AIR placeholders for common required animations, plus basic CMD shortcuts and a clipboard/debug helper."""""""", (""""""""cmd"""""""", """"""""cns"""""""", """"""""air""""""""), (""""""""Use this first on a new character."""""""", """"""""It creates placeholders, no"
medium,safety-claim,maintenance_core/honesty_claims/honesty_claims_audit.csv,403,"medium,safety-claim,maintenance_core/honesty_claims/honesty_claims_audit.csv,309,""medium,safety-claim,mugenforge/automation_bank.py,81,""""FeaturePreset(""""""""taunt"""""""", """"""""Taunt"""""""", """"""""Personality"""""""", """"""""Beginner"""""""", """"""""Start-button taunt state with a safe non-attacking animation block."""""""", (""""""""cmd"""""""", """"""""cns"""""""", """"""""air""""""""), tags=(""""""""taunt"""""""", """"""""personality"""""""")),"""""""
info,honesty-negative,maintenance_core/honesty_claims/honesty_claims_audit.csv,404,"info,honesty-negative,maintenance_core/honesty_claims/honesty_claims_audit.csv,310,""info,honesty-negative,mugenforge/automation_bank.py,401,backup = _backup_path(path)"""
info,honesty-negative,maintenance_core/honesty_claims/honesty_claims_audit.csv,405,"info,honesty-negative,maintenance_core/honesty_claims/honesty_claims_audit.csv,311,""info,honesty-negative,mugenforge/automation_bank.py,402,""""backup.write_text(old, encoding=""""""""utf-8"""""""", errors=""""""""replace"""""""")"""""""
medium,safety-claim,maintenance_core/honesty_claims/honesty_claims_audit.csv,406,"medium,safety-claim,maintenance_core/honesty_claims/honesty_claims_audit.csv,312,""medium,safety-claim,mugenforge/automation_bank.py,666,""""FeaturePreset(""""""""counter_attack"""""""", """"""""Counter attack"""""""", """"""""Defense"""""""", """"""""Intermediate"""""""", """"""""Counter starter that uses a safe beginner skeleton with a delayed strike."""""""", (""""""""cmd"""""""", """"""""cns"""""""", """"""""air""""""""), tags=(""""""""defense"""""""", """"""""counter"""""""")),"""""""
medium,safety-claim,maintenance_core/honesty_claims/honesty_claims_audit.csv,407,"medium,safety-claim,maintenance_core/honesty_claims/honesty_claims_audit.csv,313,""medium,safety-claim,mugenforge/automation_bank.py,694,""""extras.append(f'''[State {state_no}, Beginner-safe invuln window]"""""""
medium,safety-claim,maintenance_core/honesty_claims/honesty_claims_audit.csv,408,"medium,safety-claim,maintenance_core/honesty_claims/honesty_claims_audit.csv,314,""medium,safety-claim,mugenforge/automation_bank.py,839,""""[State {state_no}, Safe recovery]"""""""
medium,safety-claim,maintenance_core/honesty_claims/honesty_claims_audit.csv,409,"medium,safety-claim,maintenance_core/honesty_claims/honesty_claims_audit.csv,315,""medium,safety-claim,mugenforge/automation_bank.py,1045,; This is intentionally conservative. It gives you safe examples rather than taking over your character."""
medium,safety-claim,maintenance_core/honesty_claims/honesty_claims_audit.csv,410,"medium,safety-claim,maintenance_core/honesty_claims/honesty_claims_audit.csv,316,""medium,safety-claim,mugenforge/automation_bank.py,1303,""""FeaturePreset(""""""""meter_charge"""""""", """"""""Meter charge"""""""", """"""""Supers / Meter"""""""", """"""""Beginner"""""""", """"""""Hold-button meter charge state with safe beginner limits."""""""", (""""""""cmd"""""""", """"""""cns"""""""", """"""""air""""""""), tags=(""""""""meter"""""""", """"""""utility"""""""")),"""""""
medium,safety-claim,maintenance_core/honesty_claims/honesty_claims_audit.csv,411,"medium,safety-claim,maintenance_core/honesty_claims/honesty_claims_audit.csv,317,""medium,safety-claim,mugenforge/automation_bank.py,1414,; These are safe examples. Move/copy the PlaySnd controllers into your actual intro/taunt/special/super/win/lose states."""
medium,fighter-factory-reference,maintenance_core/honesty_claims/honesty_claims_audit.csv,412,"medium,fighter-factory-reference,maintenance_core/honesty_claims/honesty_claims_audit.csv,318,""medium,fighter-factory-reference,mugenforge/automation_bank.py,2099,# v2.3 Fighter Factory+ no-code systems and polish bank"""
medium,safety-claim,maintenance_core/honesty_claims/honesty_claims_audit.csv,413,"medium,safety-claim,maintenance_core/honesty_claims/honesty_claims_audit.csv,319,""medium,safety-claim,mugenforge/automation_bank.py,2119,""""FeaturePreset(""""""""guardstun_tuning_bank"""""""", """"""""Guardstun tuning bank"""""""", """"""""FF+ Balance"""""""", """"""""Beginner"""""""", """"""""Adds commented guard timing examples for safe and unsafe moves."""""""", (""""""""cns"""""""",), tags=(""""""""balance"""""""", """"""""guard"""""""")),"""""""
medium,safety-claim,maintenance_core/honesty_claims/honesty_claims_audit.csv,414,"medium,safety-claim,maintenance_core/honesty_claims/honesty_claims_audit.csv,320,""medium,safety-claim,mugenforge/automation_bank.py,2135,""""FeaturePreset(""""""""training_dummy_guard_mode"""""""", """"""""Training dummy guard mode notes"""""""", """"""""FF+ Training"""""""", """"""""Advanced"""""""", """"""""Adds a safe commented starter for guard-mode testing hooks."""""""", (""""""""cns"""""""",), tags=(""""""""training"""""""", """"""""guard"""""""")),"""""""
medium,safety-claim,maintenance_core/honesty_claims/honesty_claims_audit.csv,415,"medium,safety-claim,maintenance_core/honesty_claims/honesty_claims_audit.csv,321,""medium,safety-claim,mugenforge/automation_bank.py,2193,""""- Is the move safe, unsafe, armored, projectile-based, or throw-based?"""""""
medium,safety-claim,maintenance_core/honesty_claims/honesty_claims_audit.csv,416,"medium,safety-claim,maintenance_core/honesty_claims/honesty_claims_audit.csv,322,""medium,safety-claim,mugenforge/automation_bank.py,2231,""""summary = """"""""Adds beginner-safe placeholders for many common required/round-flow actions. Replace art later."""""""""""""""
medium,safety-claim,maintenance_core/honesty_claims/honesty_claims_audit.csv,417,"medium,safety-claim,maintenance_core/honesty_claims/honesty_claims_audit.csv,323,""medium,safety-claim,mugenforge/automation_bank.py,2265,""""notes: List[str] = [""""""""Generated as a beginner-readable system skeleton. It is safe to install, but final tuning still needs in-game testing.""""""""]"""""""
medium,safety-claim,maintenance_core/honesty_claims/honesty_claims_audit.csv,418,"medium,safety-claim,maintenance_core/honesty_claims/honesty_claims_audit.csv,324,""medium,safety-claim,mugenforge/automation_bank.py,2368,""""""""""""guardstun_tuning_bank"""""""": """"""""""""""""""""""""; HitDef guardtime examples:\n; unsafe light guard.hittime = 8\n; safe special guard.hittime = 16\n; plus-frame super guard.hittime = 24\n[State -2, FF+ guardstun note]\ntype = Null\ntrigger1 = 1"""""""""""""""""""""""","""""""
info,honesty-negative,maintenance_core/honesty_claims/honesty_claims_audit.csv,419,"info,honesty-negative,maintenance_core/honesty_claims/honesty_claims_audit.csv,325,""info,honesty-negative,mugenforge/automation_bank.py,2372,""""""""""""training_hitbox_toggle"""""""": """"""""""""""""""""""""[State -2, FF+ CLSN note]\ntype = DisplayToClipboard\ntrigger1 = 0 ; set to 1 while tuning CLSN in-game\ntext = \""""""""Use MugenForge CLSN Editor for visual hitbox edits, then save AIR with backup.\""""""""\nignorehitpause = 1"""""""""""""""""""""""","""""""
medium,fighter-factory-reference,maintenance_core/honesty_claims/honesty_claims_audit.csv,420,"medium,fighter-factory-reference,maintenance_core/honesty_claims/honesty_claims_audit.csv,326,""medium,fighter-factory-reference,mugenforge/automation_bank.py,2438,""""""""""""FF+ Fighter Factory-Style Essentials"""""""": ["""""""
medium,fighter-factory-reference,maintenance_core/honesty_claims/honesty_claims_audit.csv,421,"medium,fighter-factory-reference,maintenance_core/honesty_claims/honesty_claims_audit.csv,327,""medium,fighter-factory-reference,mugenforge/automation_bank.py,2464,""""KIT_PRESETS[""""""""Full No-Code Creator Pack""""""""] = list(dict.fromkeys(KIT_PRESETS.get(""""""""Full No-Code Creator Pack"""""""", []) + KIT_PRESETS[""""""""FF+ Fighter Factory-Style Essentials""""""""] + KIT_PRESETS[""""""""FF+ Visual Polish Kit""""""""]))"""""""
medium,fighter-factory-reference,maintenance_core/honesty_claims/honesty_claims_audit.csv,422,"medium,fighter-factory-reference,maintenance_core/honesty_claims/honesty_claims_audit.csv,328,""medium,fighter-factory-reference,mugenforge/automation_bank.py,2471,# Fighter Factory-style editor parity docs/tools"""
medium,safety-claim,maintenance_core/honesty_claims/honesty_claims_audit.csv,423,"medium,safety-claim,maintenance_core/honesty_claims/honesty_claims_audit.csv,329,""medium,safety-claim,mugenforge/automation_bank.py,2472,""""FeaturePreset(""""""""max_sprite_organizer_docs"""""""", """"""""Sprite organizer workflow"""""""", """"""""Factory Max Editor Parity"""""""", """"""""Beginner"""""""", """"""""Plain-English sprite organizer workflow for group/image naming, axis notes, collision-safe imports, and contact sheets."""""""", (""""""""docs"""""""",), tags=(""""""""sprites"""""""", """"""""organizer"""""""", """"""""docs"""""""")),"""""""
medium,safety-claim,maintenance_core/honesty_claims/honesty_claims_audit.csv,424,"medium,safety-claim,maintenance_core/honesty_claims/honesty_claims_audit.csv,330,""medium,safety-claim,mugenforge/automation_bank.py,2479,""""FeaturePreset(""""""""max_import_resolver_docs"""""""", """"""""Project import resolver"""""""", """"""""Factory Max Editor Parity"""""""", """"""""Intermediate"""""""", """"""""Safe import/collision-resolution checklist for borrowing assets from your own projects without overwriting current files."""""""", (""""""""docs"""""""",), tags=(""""""""import"""""""", """"""""docs"""""""")),"""""""
info,honesty-negative,maintenance_core/honesty_claims/honesty_claims_audit.csv,425,"info,honesty-negative,maintenance_core/honesty_claims/honesty_claims_audit.csv,331,""info,honesty-negative,mugenforge/automation_bank.py,2484,""""FeaturePreset(""""""""max_code_history_safety_docs"""""""", """"""""Edit history / backup safety"""""""", """"""""Factory Max Editor Parity"""""""", """"""""Beginner"""""""", """"""""Backup/restore workflow for generated code blocks, binary assets, and release packaging."""""""", (""""""""docs"""""""",), tags=(""""""""safety"""""""", """"""""docs"""""""")),"""""""
medium,safety-claim,maintenance_core/honesty_claims/honesty_claims_audit.csv,426,"medium,safety-claim,maintenance_core/honesty_claims/honesty_claims_audit.csv,332,""medium,safety-claim,mugenforge/automation_bank.py,2496,""""FeaturePreset(""""""""max_pushback_router"""""""", """"""""Pushback tuning router"""""""", """"""""Factory Max Combat Lab"""""""", """"""""Intermediate"""""""", """"""""Central notes for pushback/vel tuning and safe/unsafe move review."""""""", (""""""""cns"""""""",), tags=(""""""""balance"""""""", """"""""pushback"""""""")),"""""""
info,honesty-negative,maintenance_core/honesty_claims/honesty_claims_audit.csv,427,"info,honesty-negative,maintenance_core/honesty_claims/honesty_claims_audit.csv,333,""info,honesty-negative,mugenforge/automation_bank.py,2506,""""FeaturePreset(""""""""max_tag_rules_router"""""""", """"""""Tag/assist prototype router"""""""", """"""""Factory Max Combat Lab"""""""", """"""""Advanced"""""""", """"""""Experimental tag-system planning skeleton for full-game creators."""""""", (""""""""cns"""""""",), tags=(""""""""tag"""""""", """"""""system"""""""")),"""""""
medium,safety-claim,maintenance_core/honesty_claims/honesty_claims_audit.csv,428,"medium,safety-claim,maintenance_core/honesty_claims/honesty_claims_audit.csv,334,""medium,safety-claim,mugenforge/automation_bank.py,2563,""""- Is it fast, slow, safe, risky, flashy, simple, or boss-level?"""""""
medium,safety-claim,maintenance_core/honesty_claims/honesty_claims_audit.csv,429,"medium,safety-claim,maintenance_core/honesty_claims/honesty_claims_audit.csv,335,""medium,safety-claim,mugenforge/automation_bank.py,2588,""""safe = re.sub(r""""""""[^A-Za-z0-9_\-]+"""""""", """"""""_"""""""", feature_id).upper()"""""""
medium,safety-claim,maintenance_core/honesty_claims/honesty_claims_audit.csv,430,"medium,safety-claim,maintenance_core/honesty_claims/honesty_claims_audit.csv,336,""medium,safety-claim,mugenforge/automation_bank.py,2589,""""rel = f""""""""docs/FACTORY_MAX_{safe}.md"""""""""""""""
medium,safety-claim,maintenance_core/honesty_claims/honesty_claims_audit.csv,431,"medium,safety-claim,maintenance_core/honesty_claims/honesty_claims_audit.csv,337,""medium,safety-claim,mugenforge/automation_bank.py,2650,""""notes=[""""""""This is a safe starter hook. Use the visual editors/reports to tune it instead of hand-coding from scratch.""""""""],"""""""
medium,fighter-factory-reference,maintenance_core/honesty_claims/honesty_claims_audit.csv,432,"medium,fighter-factory-reference,maintenance_core/honesty_claims/honesty_claims_audit.csv,338,""medium,fighter-factory-reference,mugenforge/automation_bank.py,2715,""""KIT_PRESETS.get(""""""""FF+ Fighter Factory-Style Essentials"""""""", []) +"""""""
medium,safety-claim,maintenance_core/honesty_claims/honesty_claims_audit.csv,433,"medium,safety-claim,maintenance_core/honesty_claims/honesty_claims_audit.csv,339,""medium,safety-claim,mugenforge/automation_bank.py,2737,""""FeaturePreset(""""""""ultra_snapshot_docs"""""""", """"""""Snapshot safety workflow"""""""", """"""""Factory Ultra Guides"""""""", """"""""Beginner"""""""", """"""""Teaches safe snapshot/backup habits before using generated code or batch edits."""""""", (""""""""docs"""""""",), tags=(""""""""backup"""""""", """"""""safety"""""""")),"""""""
medium,safety-claim,maintenance_core/honesty_claims/honesty_claims_audit.csv,434,"medium,safety-claim,maintenance_core/honesty_claims/honesty_claims_audit.csv,340,""medium,safety-claim,mugenforge/automation_bank.py,2749,""""FeaturePreset(""""""""ultra_random_color_intro"""""""", """"""""Random color intro hook"""""""", """"""""Factory Ultra Systems"""""""", """"""""Beginner"""""""", """"""""Intro/palette personality hook skeleton with safe comments."""""""", (""""""""cns"""""""", """"""""air""""""""), tags=(""""""""intro"""""""", """"""""palette"""""""")),"""""""
medium,safety-claim,maintenance_core/honesty_claims/honesty_claims_audit.csv,435,"medium,safety-claim,maintenance_core/honesty_claims/honesty_claims_audit.csv,341,""medium,safety-claim,mugenforge/automation_bank.py,2761,""""FeaturePreset(""""""""ultra_safe_special"""""""", """"""""Safe special starter"""""""", """"""""Factory Ultra Moves"""""""", """"""""Intermediate"""""""", """"""""Lower-risk special move starter with modest damage and pushback."""""""", (""""""""cmd"""""""", """"""""cns"""""""", """"""""air""""""""), tags=(""""""""special"""""""", """"""""safe"""""""")),"""""""
info,honesty-negative,maintenance_core/honesty_claims/honesty_claims_audit.csv,436,"info,honesty-negative,maintenance_core/honesty_claims/honesty_claims_audit.csv,342,""info,honesty-negative,mugenforge/automation_bank.py,2803,- Backup snapshots before risky edits."""
medium,safety-claim,maintenance_core/honesty_claims/honesty_claims_audit.csv,437,"medium,safety-claim,maintenance_core/honesty_claims/honesty_claims_audit.csv,343,""medium,safety-claim,mugenforge/automation_bank.py,2812,""""safe = re.sub(r""""""""[^A-Za-z0-9_\-]+"""""""", """"""""_"""""""", feature_id).upper()"""""""
medium,safety-claim,maintenance_core/honesty_claims/honesty_claims_audit.csv,438,"medium,safety-claim,maintenance_core/honesty_claims/honesty_claims_audit.csv,344,""medium,safety-claim,mugenforge/automation_bank.py,2816,""""extra_files={f""""""""docs/FACTORY_ULTRA_{safe}.md"""""""": _v26_doc_text(feature_id, preset.name)},"""""""
medium,safety-claim,maintenance_core/honesty_claims/honesty_claims_audit.csv,439,"medium,safety-claim,maintenance_core/honesty_claims/honesty_claims_audit.csv,345,""medium,safety-claim,mugenforge/automation_bank.py,2879,""""notes=[""""""""Safe starter hook. Use the Creator Cockpit, Task Board, and reports to tune without hand-coding.""""""""],"""""""
medium,safety-claim,maintenance_core/honesty_claims/honesty_claims_audit.csv,440,"medium,safety-claim,maintenance_core/honesty_claims/honesty_claims_audit.csv,346,""medium,safety-claim,mugenforge/automation_bank.py,2886,""""""""""""ultra_safe_special"""""""": _spec(""""""""Safe Special"""""""", """"""""ultra_safe_special"""""""", """"""""~D, DF, F, x"""""""", 4120, damage=52, frame_count=7, hit_frame=4, hit_box=(20, -72, 92, -30), sound=(5, 3), ground_velocity=(-2, 0)),"""""""
info,honesty-negative,maintenance_core/honesty_claims/honesty_claims_audit.csv,441,"info,honesty-negative,maintenance_core/honesty_claims/honesty_claims_audit.csv,347,""info,honesty-negative,mugenforge/automation_bank.py,2952,""""FeaturePreset(""""""""v26_time_machine_docs"""""""", """"""""Time Machine snapshot guide"""""""", """"""""Creator AutoPilot Docs"""""""", """"""""Beginner"""""""", """"""""Teaches the snapshot-before-big-edits safety workflow."""""""", (""""""""docs"""""""",), tags=(""""""""backup"""""""", """"""""docs"""""""")),"""""""
medium,safety-claim,maintenance_core/honesty_claims/honesty_claims_audit.csv,442,"medium,safety-claim,maintenance_core/honesty_claims/honesty_claims_audit.csv,348,""medium,safety-claim,mugenforge/automation_bank.py,2957,""""FeaturePreset(""""""""v26_beginner_tuning_docs"""""""", """"""""Beginner tuning guide"""""""", """"""""Creator AutoPilot Docs"""""""", """"""""Beginner"""""""", """"""""Explains safe damage/speed/hit-pause/pushback tuning knobs."""""""", (""""""""docs"""""""",), tags=(""""""""tuning"""""""", """"""""docs"""""""")),"""""""
medium,safety-claim,maintenance_core/honesty_claims/honesty_claims_audit.csv,443,"medium,safety-claim,maintenance_core/honesty_claims/honesty_claims_audit.csv,349,""medium,safety-claim,mugenforge/automation_bank.py,2969,""""FeaturePreset(""""""""v26_auto_combo_assist_router"""""""", """"""""Auto-combo assist router"""""""", """"""""Creator AutoPilot Systems"""""""", """"""""Intermediate"""""""", """"""""Safe starter hook for optional simplified combo routes."""""""", (""""""""cmd"""""""", """"""""cns""""""""), tags=(""""""""combo"""""""", """"""""assist"""""""")),"""""""
medium,safety-claim,maintenance_core/honesty_claims/honesty_claims_audit.csv,444,"medium,safety-claim,maintenance_core/honesty_claims/honesty_claims_audit.csv,350,""medium,safety-claim,mugenforge/automation_bank.py,2989,""""FeaturePreset(""""""""v26_safe_fireball"""""""", """"""""Safe test fireball"""""""", """"""""Creator AutoPilot Moves"""""""", """"""""Beginner"""""""", """"""""Projectile starter tuned for learning spacing rather than final balance."""""""", (""""""""cmd"""""""", """"""""cns"""""""", """"""""air""""""""), tags=(""""""""projectile"""""""", """"""""beginner"""""""")),"""""""
medium,safety-claim,maintenance_core/honesty_claims/honesty_claims_audit.csv,445,"medium,safety-claim,maintenance_core/honesty_claims/honesty_claims_audit.csv,351,""medium,safety-claim,mugenforge/automation_bank.py,3009,""""safe = re.sub(r""""""""[^A-Za-z0-9_\-]+"""""""", """"""""_"""""""", feature_id).upper()"""""""
medium,safety-claim,maintenance_core/honesty_claims/honesty_claims_audit.csv,446,"medium,safety-claim,maintenance_core/honesty_claims/honesty_claims_audit.csv,352,""medium,safety-claim,mugenforge/automation_bank.py,3010,""""rel = f""""""""docs/CREATOR_AUTOPILOT_{safe}.md"""""""""""""""
medium,safety-claim,maintenance_core/honesty_claims/honesty_claims_audit.csv,447,"medium,safety-claim,maintenance_core/honesty_claims/honesty_claims_audit.csv,353,""medium,safety-claim,mugenforge/automation_bank.py,3022,2. Let MugenForge generate safe starter scaffolding and reports."""
medium,safety-claim,maintenance_core/honesty_claims/honesty_claims_audit.csv,448,"medium,safety-claim,maintenance_core/honesty_claims/honesty_claims_audit.csv,354,""medium,safety-claim,mugenforge/automation_bank.py,3092,""""""""""""v26_safe_fireball"""""""": _spec(""""""""Safe Test Fireball"""""""", """"""""v26_safe_fireball"""""""", """"""""~D, DF, F, x"""""""", 1440, move_type=""""""""projectile"""""""", damage=48, frame_count=7, hit_frame=4, hit_box=(22, -72, 80, -32), sound=(5, 3), ground_velocity=(-3, 0)),"""""""
medium,safety-claim,maintenance_core/honesty_claims/honesty_claims_audit.csv,449,"medium,safety-claim,maintenance_core/honesty_claims/honesty_claims_audit.csv,355,""medium,safety-claim,mugenforge/automation_bank.py,3150,""""safe = re.sub(r""""""""[^A-Za-z0-9_\-]+"""""""", """"""""_"""""""", feature_id).upper()"""""""
medium,safety-claim,maintenance_core/honesty_claims/honesty_claims_audit.csv,450,"medium,safety-claim,maintenance_core/honesty_claims/honesty_claims_audit.csv,356,""medium,safety-claim,mugenforge/automation_bank.py,3169,""""return FeaturePackage(feature_id=feature_id, name=preset.name, extra_files={f""""""""docs/FACTORY_ULTRA_{safe}.md"""""""": text}, summary=f""""""""Writes Factory Ultra guide: {preset.name}."""""""", notes=[""""""""No-code documentation helper.""""""""])"""""""
medium,safety-claim,maintenance_core/honesty_claims/honesty_claims_audit.csv,451,"medium,safety-claim,maintenance_core/honesty_claims/honesty_claims_audit.csv,357,""medium,safety-claim,mugenforge/automation_bank.py,3203,""""return FeaturePackage(feature_id=feature_id, name=preset.name, cmd_block=_wrap(feature_id, preset.name, cmd), cns_block=_wrap(feature_id, preset.name, cns), air_block=_wrap(feature_id, preset.name, air), summary=f""""""""Adds Factory Ultra no-code scaffold: {preset.name}."""""""", notes=[""""""""Safe starter hook; use visual reports to tune.""""""""])"""""""
info,honesty-negative,maintenance_core/honesty_claims/honesty_claims_audit.csv,452,"info,honesty-negative,maintenance_core/honesty_claims/honesty_claims_audit.csv,358,""info,honesty-negative,mugenforge/automation_bank.py,3252,""""FeaturePreset('ql_backup_restore_docs', 'Backup / restore safety guide', 'Quality Lab', 'Beginner', 'Adds a safety guide for creating restore bundles before big no-code passes.', ('docs',), tags=('backup', 'safety')),"""""""
medium,fighter-factory-reference,maintenance_core/honesty_claims/honesty_claims_audit.csv,453,"medium,fighter-factory-reference,maintenance_core/honesty_claims/honesty_claims_audit.csv,359,""medium,fighter-factory-reference,mugenforge/automation_bank.py,3264,""""FeaturePreset('ql_ff_parity_migration_docs', 'Fighter Factory migration checklist', 'Quality Lab', 'Beginner', 'Adds a workflow checklist for creators coming from Fighter Factory-style tools into MugenForge no-code workflows.', ('docs',), tags=('migration', 'workflow')),"""""""
medium,safety-claim,maintenance_core/honesty_claims/honesty_claims_audit.csv,454,"medium,safety-claim,maintenance_core/honesty_claims/honesty_claims_audit.csv,360,""medium,safety-claim,mugenforge/automation_bank.py,3269,""""FeaturePreset('ql_ai_test_router', 'AI smoke-test router', 'Quality Lab Systems', 'Intermediate', 'Adds a conservative AI smoke-test router that randomly chooses safe existing-ish states when AILevel is active.', ('cns',), tags=('ai', 'testing')),"""""""
medium,safety-claim,maintenance_core/honesty_claims/honesty_claims_audit.csv,455,"medium,safety-claim,maintenance_core/honesty_claims/honesty_claims_audit.csv,361,""medium,safety-claim,mugenforge/automation_bank.py,3275,""""FeaturePreset('ql_credits_license_docs', 'Credits/license release guide', 'Quality Lab', 'Beginner', 'Adds a release-safe credits, permission, and source-art checklist.', ('docs',), tags=('license', 'credits')),"""""""
info,honesty-negative,maintenance_core/honesty_claims/honesty_claims_audit.csv,456,"info,honesty-negative,maintenance_core/honesty_claims/honesty_claims_audit.csv,362,""info,honesty-negative,mugenforge/automation_bank.py,3276,""""FeaturePreset('ql_rc_smoke_test_docs', 'Release candidate smoke-test guide', 'Quality Lab', 'Beginner', 'Adds a short QA script for checking select.def entry, arcade launch, moves, hits, blocks, sounds, and no missing sprites.', ('docs',), tags=('release', 'qa')),"""""""
info,honesty-negative,maintenance_core/honesty_claims/honesty_claims_audit.csv,457,"info,honesty-negative,maintenance_core/honesty_claims/honesty_claims_audit.csv,363,""info,honesty-negative,mugenforge/automation_bank.py,3308,5. Make a backup before generated-code or asset rebuild passes."""
medium,safety-claim,maintenance_core/honesty_claims/honesty_claims_audit.csv,458,"medium,safety-claim,maintenance_core/honesty_claims/honesty_claims_audit.csv,364,""medium,safety-claim,mugenforge/automation_bank.py,3326,notes=['Safe for beginners: this preset writes documentation/checklists only.']"""
info,honesty-negative,maintenance_core/honesty_claims/honesty_claims_audit.csv,459,"info,honesty-negative,maintenance_core/honesty_claims/honesty_claims_audit.csv,365,""info,honesty-negative,mugenforge/automation_bank.py,3444,""""FeaturePreset('rescue_embedded_scan_docs', 'Embedded asset scanner guide', 'Rescue Lab', 'Beginner', 'Explains how to scan unsupported SFF/SND/binary files for embedded PNG, PCX, and WAV payloads without writing code.', ('docs',), tags=('rescue', 'assets', 'sff', 'snd')),"""""""
medium,safety-claim,maintenance_core/honesty_claims/honesty_claims_audit.csv,460,"medium,safety-claim,maintenance_core/honesty_claims/honesty_claims_audit.csv,366,""medium,safety-claim,mugenforge/automation_bank.py,3447,""""FeaturePreset('rescue_sff_rebuild_docs', 'Recovered SFF v1 rebuild guide', 'Rescue Lab', 'Beginner', 'Explains the safe difference between rebuilding a fresh starter SFF v1 and byte-perfect SFF v2 editing.', ('docs',), tags=('rescue', 'sff')),"""""""
info,honesty-negative,maintenance_core/honesty_claims/honesty_claims_audit.csv,461,"info,honesty-negative,maintenance_core/honesty_claims/honesty_claims_audit.csv,367,""info,honesty-negative,mugenforge/automation_bank.py,3452,""""FeaturePreset('factory_complete_safety_docs', 'Factory Complete safety rules', 'Factory Complete', 'Beginner', 'Writes simple backup, restore, and generated-code safety rules for non-coders.', ('docs',), tags=('safety', 'backup')),"""""""
medium,safety-claim,maintenance_core/honesty_claims/honesty_claims_audit.csv,462,"medium,safety-claim,maintenance_core/honesty_claims/honesty_claims_audit.csv,368,""medium,safety-claim,mugenforge/automation_bank.py,3454,""""FeaturePreset('factory_complete_beginner_debug_hook', 'Beginner debug hook', 'Factory Complete Systems', 'Beginner', 'Adds a safe clipboard overlay that points the creator to the current state/action/frame while testing.', ('cns',), tags=('debug', 'testing')),"""""""
info,honesty-negative,maintenance_core/honesty_claims/honesty_claims_audit.csv,463,"info,honesty-negative,maintenance_core/honesty_claims/honesty_claims_audit.csv,369,""info,honesty-negative,mugenforge/automation_bank.py,3479,1. Make a backup or restore bundle before heavy edits."""
info,honesty-negative,maintenance_core/honesty_claims/honesty_claims_audit.csv,464,"info,honesty-negative,maintenance_core/honesty_claims/honesty_claims_audit.csv,370,""info,honesty-negative,mugenforge/automation_bank.py,3482,4. Use Rescue Lab only when packed assets or unsupported binaries block progress."""
medium,safety-claim,maintenance_core/honesty_claims/honesty_claims_audit.csv,465,"medium,safety-claim,maintenance_core/honesty_claims/honesty_claims_audit.csv,371,""medium,safety-claim,mugenforge/automation_bank.py,3494,Recovery tools are practical creator helpers. They do not claim byte-perfect SFF v2 mutation or ownership/permission over recovered assets."""
medium,safety-claim,maintenance_core/honesty_claims/honesty_claims_audit.csv,466,"medium,safety-claim,maintenance_core/honesty_claims/honesty_claims_audit.csv,372,""medium,safety-claim,mugenforge/automation_bank.py,3496,""""return FeaturePackage(feature_id=feature_id, name=preset.name, extra_files={f'docs/RESCUE_LAB_{stem}.md': body}, summary=f'Writes Rescue/Factory Complete guide: {preset.name}.', notes=['Documentation-only preset; safe for beginners.'])"""""""
medium,safety-claim,maintenance_core/honesty_claims/honesty_claims_audit.csv,467,"medium,safety-claim,maintenance_core/honesty_claims/honesty_claims_audit.csv,373,""medium,safety-claim,mugenforge/automation_bank.py,3563,# These are intentionally safe defaults. Many write docs/checklists; selected"""
medium,safety-claim,maintenance_core/honesty_claims/honesty_claims_audit.csv,468,"medium,safety-claim,maintenance_core/honesty_claims/honesty_claims_audit.csv,374,""medium,safety-claim,mugenforge/automation_bank.py,3580,""""('ch_palette_plan_docs', 'Palette/costume plan', 'Production', 'Beginner', 'Plan palette variants, costume naming, and accessibility-safe color contrast.'),"""""""
info,honesty-negative,maintenance_core/honesty_claims/honesty_claims_audit.csv,469,"info,honesty-negative,maintenance_core/honesty_claims/honesty_claims_audit.csv,375,""info,honesty-negative,mugenforge/automation_bank.py,3607,""""('ch_release_candidate_overlay', 'Creator Hub release-candidate overlay', 'Testing Helpers', 'Beginner', 'Adds final QA clipboard hints for release-candidate testing.'),"""""""
info,honesty-negative,maintenance_core/honesty_claims/honesty_claims_audit.csv,470,"info,honesty-negative,maintenance_core/honesty_claims/honesty_claims_audit.csv,376,""info,honesty-negative,mugenforge/automation_bank.py,3641,This doc preset writes files only. It does not mutate gameplay code."""
medium,safety-claim,maintenance_core/honesty_claims/honesty_claims_audit.csv,471,"medium,safety-claim,maintenance_core/honesty_claims/honesty_claims_audit.csv,377,""medium,safety-claim,mugenforge/automation_bank.py,3643,""""return FeaturePackage(feature_id=feature_id, name=preset.name, extra_files={f'creator_hub/feature_guides/{stem}.md': body}, summary=f'Writes Creator Hub guide: {preset.name}.', notes=['Safe documentation preset.'])"""""""
info,honesty-negative,maintenance_core/honesty_claims/honesty_claims_audit.csv,472,"info,honesty-negative,maintenance_core/honesty_claims/honesty_claims_audit.csv,378,""info,honesty-negative,mugenforge/automation_bank.py,3738,cns = '''; Creator Hub release-candidate overlay"""
medium,safety-claim,maintenance_core/honesty_claims/honesty_claims_audit.csv,473,"medium,safety-claim,maintenance_core/honesty_claims/honesty_claims_audit.csv,379,""medium,safety-claim,mugenforge/binary_core.py,32,""""'Binary Core is conservative. It performs native metadata inspection, safe extraction for supported payloads, '"""""""
high,binary-fullness,maintenance_core/honesty_claims/honesty_claims_audit.csv,474,"high,binary-fullness,maintenance_core/honesty_claims/honesty_claims_audit.csv,380,""high,binary-fullness,mugenforge/binary_core.py,34,'It refuses unsupported arbitrary SFF2 mutation instead of guessing.'"""
high,binary-fullness,maintenance_core/honesty_claims/honesty_claims_audit.csv,475,"high,binary-fullness,maintenance_core/honesty_claims/honesty_claims_audit.csv,381,""high,binary-fullness,mugenforge/binary_core.py,269,""""'- Full arbitrary mature SFF v2 extraction/rebuild/mutation is still not implemented.',"""""""
info,honesty-negative,maintenance_core/honesty_claims/honesty_claims_audit.csv,476,"info,honesty-negative,maintenance_core/honesty_claims/honesty_claims_audit.csv,382,""info,honesty-negative,mugenforge/binary_core.py,271,""""'- Unsupported SFF2 compression/layouts are reported and refused, not guessed.',"""""""
info,honesty-negative,maintenance_core/honesty_claims/honesty_claims_audit.csv,477,"info,honesty-negative,maintenance_core/honesty_claims/honesty_claims_audit.csv,383,""info,honesty-negative,mugenforge/binary_core.py,373,warnings.append('Candidate SFF2 record table runs beyond EOF; metadata-only.')"""
info,honesty-negative,maintenance_core/honesty_claims/honesty_claims_audit.csv,478,"info,honesty-negative,maintenance_core/honesty_claims/honesty_claims_audit.csv,384,""info,honesty-negative,mugenforge/binary_core.py,390,warnings.append(f'Could not parse candidate SFF2 record {idx}: {exc}')"""
info,honesty-negative,maintenance_core/honesty_claims/honesty_claims_audit.csv,479,"info,honesty-negative,maintenance_core/honesty_claims/honesty_claims_audit.csv,385,""info,honesty-negative,mugenforge/binary_core.py,423,warnings.append('Some candidate SFF2 records had invalid payload ranges.')"""
info,honesty-negative,maintenance_core/honesty_claims/honesty_claims_audit.csv,480,"info,honesty-negative,maintenance_core/honesty_claims/honesty_claims_audit.csv,386,""info,honesty-negative,mugenforge/binary_core.py,506,""""lines.append('Supported path: this file matches the MugenForge experimental PNG-subset table, so payload extraction and axis patch-copy are available for that subset.')"""""""
high,binary-fullness,maintenance_core/honesty_claims/honesty_claims_audit.csv,481,"high,binary-fullness,maintenance_core/honesty_claims/honesty_claims_audit.csv,387,""high,binary-fullness,mugenforge/binary_core.py,508,lines.append('Supported path: metadata and embedded payload discovery only. Full arbitrary SFF2 mutation/rebuild is refused in this release.')"""
info,honesty-negative,maintenance_core/honesty_claims/honesty_claims_audit.csv,482,"info,honesty-negative,maintenance_core/honesty_claims/honesty_claims_audit.csv,388,""info,honesty-negative,mugenforge/binary_core.py,580,res.add_warning('No supported extractable payloads found. Unsupported compressed SFF2 layouts remain metadata-only.')"""
info,honesty-negative,maintenance_core/honesty_claims/honesty_claims_audit.csv,483,"info,honesty-negative,maintenance_core/honesty_claims/honesty_claims_audit.csv,389,""info,honesty-negative,mugenforge/binary_core.py,637,""""'note': 'Supported only for MugenForge experimental PNG-subset SFF2 tables. Apply creates a patched copy.',"""""""
info,honesty-negative,maintenance_core/honesty_claims/honesty_claims_audit.csv,484,"info,honesty-negative,maintenance_core/honesty_claims/honesty_claims_audit.csv,390,""info,honesty-negative,mugenforge/binary_core.py,656,res.add_warning('No patchable SFF axis records were found. General SFF2 axis mutation remains unsupported.')"""
info,honesty-negative,maintenance_core/honesty_claims/honesty_claims_audit.csv,485,"info,honesty-negative,maintenance_core/honesty_claims/honesty_claims_audit.csv,391,""info,honesty-negative,mugenforge/binary_core.py,709,""""errors.append(f""""""""Unsupported record_type for row {row.get('index')}: {rec_type or 'blank'}"""""""")"""""""
info,honesty-negative,maintenance_core/honesty_claims/honesty_claims_audit.csv,486,"info,honesty-negative,maintenance_core/honesty_claims/honesty_claims_audit.csv,392,""info,honesty-negative,mugenforge/binary_core.py,736,# SFF2 source workspace and experimental PNG-subset copy"""
info,honesty-negative,maintenance_core/honesty_claims/honesty_claims_audit.csv,487,"info,honesty-negative,maintenance_core/honesty_claims/honesty_claims_audit.csv,393,""info,honesty-negative,mugenforge/binary_core.py,796,""""'note': 'This workspace is source-based. For release-grade SFF2 builds, use Elecbyte Sprmake2 with this source set. The experimental PNG copy builder is not a full Sprmake2 replacement.',"""""""
high,binary-fullness,maintenance_core/honesty_claims/honesty_claims_audit.csv,488,"high,binary-fullness,maintenance_core/honesty_claims/honesty_claims_audit.csv,394,""high,binary-fullness,mugenforge/binary_core.py,823,""""'For release-grade SFF2 output, use Elecbyte Sprmake2 or another documented external pipeline. MugenForge v5.0 does not claim full arbitrary SFF2 rebuild parity.',"""""""
info,honesty-negative,maintenance_core/honesty_claims/honesty_claims_audit.csv,489,"info,honesty-negative,maintenance_core/honesty_claims/honesty_claims_audit.csv,395,""info,honesty-negative,mugenforge/binary_core.py,845,raise RuntimeError('Pillow is required for the experimental PNG-subset SFF copy builder.') from exc"""
info,honesty-negative,maintenance_core/honesty_claims/honesty_claims_audit.csv,490,"info,honesty-negative,maintenance_core/honesty_claims/honesty_claims_audit.csv,396,""info,honesty-negative,mugenforge/binary_core.py,855,res = BinaryCoreResult('Experimental SFF2 PNG Workspace Copy')"""
info,honesty-negative,maintenance_core/honesty_claims/honesty_claims_audit.csv,491,"info,honesty-negative,maintenance_core/honesty_claims/honesty_claims_audit.csv,397,""info,honesty-negative,mugenforge/binary_core.py,861,res.add_warning('SFF2 workspace manifest not found; cannot build experimental copy.')"""
info,honesty-negative,maintenance_core/honesty_claims/honesty_claims_audit.csv,492,"info,honesty-negative,maintenance_core/honesty_claims/honesty_claims_audit.csv,398,""info,honesty-negative,mugenforge/binary_core.py,894,res.add_warning('No valid PNG payloads were available for the experimental copy.')"""
info,honesty-negative,maintenance_core/honesty_claims/honesty_claims_audit.csv,493,"info,honesty-negative,maintenance_core/honesty_claims/honesty_claims_audit.csv,399,""info,honesty-negative,mugenforge/binary_core.py,927,out_dir = work / 'experimental'"""
info,honesty-negative,maintenance_core/honesty_claims/honesty_claims_audit.csv,494,"info,honesty-negative,maintenance_core/honesty_claims/honesty_claims_audit.csv,400,""info,honesty-negative,mugenforge/binary_core.py,934,res.notes.append('Built an experimental MugenForge PNG-subset SFF2-style copy for inspection/pipeline testing. Use Sprmake2 for release-grade SFF2 builds.')"""
info,honesty-negative,maintenance_core/honesty_claims/honesty_claims_audit.csv,495,"info,honesty-negative,maintenance_core/honesty_claims/honesty_claims_audit.csv,401,""info,honesty-negative,mugenforge/binary_core.py,977,""""'note': 'Use action=delete to omit, action=keep/replace/add to include. Rebuild creates a candidate SND first.',"""""""
info,honesty-negative,maintenance_core/honesty_claims/honesty_claims_audit.csv,496,"info,honesty-negative,maintenance_core/honesty_claims/honesty_claims_audit.csv,402,""info,honesty-negative,mugenforge/binary_core.py,994,""""'- `enabled=yes` includes a row in the rebuilt candidate unless `action=delete`.',"""""""
info,honesty-negative,maintenance_core/honesty_claims/honesty_claims_audit.csv,497,"info,honesty-negative,maintenance_core/honesty_claims/honesty_claims_audit.csv,403,""info,honesty-negative,mugenforge/binary_core.py,998,""""'- Optional install writes a backup before replacing the original SND.',"""""""
info,honesty-negative,maintenance_core/honesty_claims/honesty_claims_audit.csv,498,"info,honesty-negative,maintenance_core/honesty_claims/honesty_claims_audit.csv,404,""info,honesty-negative,mugenforge/binary_core.py,1023,res.add_warning('No original SND found. A rebuilt candidate can still be created only if the sheet references valid WAV files.')"""
info,honesty-negative,maintenance_core/honesty_claims/honesty_claims_audit.csv,499,"info,honesty-negative,maintenance_core/honesty_claims/honesty_claims_audit.csv,405,""info,honesty-negative,mugenforge/binary_core.py,1088,res.notes.append(f'Built rebuilt SND candidate with {len(records)} sounds.')"""
info,honesty-negative,maintenance_core/honesty_claims/honesty_claims_audit.csv,500,"info,honesty-negative,maintenance_core/honesty_claims/honesty_claims_audit.csv,406,""info,honesty-negative,mugenforge/binary_core.py,1100,""""res.notes.append(f'Original SND backup written: {_rel(root, bak)}')"""""""
info,honesty-negative,maintenance_core/honesty_claims/honesty_claims_audit.csv,501,"info,honesty-negative,maintenance_core/honesty_claims/honesty_claims_audit.csv,407,""info,honesty-negative,mugenforge/binary_core.py,1251,""""'5. Export the SND bank sheet, edit WAV IDs/order, and build a rebuilt candidate before optional install.',"""""""
info,honesty-negative,maintenance_core/honesty_claims/honesty_claims_audit.csv,502,"info,honesty-negative,maintenance_core/honesty_claims/honesty_claims_audit.csv,408,""info,honesty-negative,mugenforge/binary_core.py,1335,res.add_warning('binary_core folder does not exist yet. Run a Binary Core report first.')"""
medium,safety-claim,maintenance_core/honesty_claims/honesty_claims_audit.csv,503,"medium,safety-claim,maintenance_core/honesty_claims/honesty_claims_audit.csv,409,""medium,safety-claim,mugenforge/binary_core.py,1345,res.notes.append('Bundled Binary Core reports and safe workspaces.')"""
info,honesty-negative,maintenance_core/honesty_claims/honesty_claims_audit.csv,504,"info,honesty-negative,maintenance_core/honesty_claims/honesty_claims_audit.csv,410,""info,honesty-negative,mugenforge/binary_core.py,1431,""""'decodable raw/RLE8/RLE5/LZ5-style payload export for supported records, standard-table SFF2 candidate rebuilds, '"""""""
info,honesty-negative,maintenance_core/honesty_claims/honesty_claims_audit.csv,505,"info,honesty-negative,maintenance_core/honesty_claims/honesty_claims_audit.csv,411,""info,honesty-negative,mugenforge/binary_core.py,1441,""""'- SFF2 rebuilds create standard-table candidate files from source manifests; unknown third-party codec variants are detected and refused rather than guessed.',"""""""
medium,safety-claim,maintenance_core/honesty_claims/honesty_claims_audit.csv,506,"medium,safety-claim,maintenance_core/honesty_claims/honesty_claims_audit.csv,412,""medium,safety-claim,mugenforge/binary_core.py,1442,""""'- Axis mutation writes a verified patched copy first; optional installation remains a deliberate user action outside the sheet export step.',"""""""
info,honesty-negative,maintenance_core/honesty_claims/honesty_claims_audit.csv,507,"info,honesty-negative,maintenance_core/honesty_claims/honesty_claims_audit.csv,413,""info,honesty-negative,mugenforge/binary_core.py,1820,""""'note': 'This workspace can build standard-table SFF2 candidate files with raw/rle8/rle5/lz5 payloads. Test in target engine before release.',"""""""
info,honesty-negative,maintenance_core/honesty_claims/honesty_claims_audit.csv,508,"info,honesty-negative,maintenance_core/honesty_claims/honesty_claims_audit.csv,414,""info,honesty-negative,mugenforge/binary_core.py,1849,""""'The builder creates a candidate SFF2 under `experimental/`; verify in the target engine before replacing a release file.',"""""""
info,honesty-negative,maintenance_core/honesty_claims/honesty_claims_audit.csv,509,"info,honesty-negative,maintenance_core/honesty_claims/honesty_claims_audit.csv,415,""info,honesty-negative,mugenforge/binary_core.py,1870,res = BinaryCoreResult('Build Standard SFF2 Candidate')"""
info,honesty-negative,maintenance_core/honesty_claims/honesty_claims_audit.csv,510,"info,honesty-negative,maintenance_core/honesty_claims/honesty_claims_audit.csv,416,""info,honesty-negative,mugenforge/binary_core.py,1878,out_dir = work / 'experimental'"""
info,honesty-negative,maintenance_core/honesty_claims/honesty_claims_audit.csv,511,"info,honesty-negative,maintenance_core/honesty_claims/honesty_claims_audit.csv,417,""info,honesty-negative,mugenforge/binary_core.py,1902,res.notes.append(f'Built standard-table SFF2 candidate with {len(rows)} parsed sprite record(s).')"""
info,honesty-negative,maintenance_core/honesty_claims/honesty_claims_audit.csv,512,"info,honesty-negative,maintenance_core/honesty_claims/honesty_claims_audit.csv,418,""info,honesty-negative,mugenforge/binary_core.py,2005,""""res.notes.append(f'Original SND backup written: {_rel(root, bak)}')"""""""
info,honesty-negative,maintenance_core/honesty_claims/honesty_claims_audit.csv,513,"info,honesty-negative,maintenance_core/honesty_claims/honesty_claims_audit.csv,419,""info,honesty-negative,mugenforge/binary_core.py,2161,""""'5. Use **SFF2 Standard Rebuild Workspace** and **Build Standard SFF2 Candidate** for source-based candidate output.',"""""""
info,honesty-negative,maintenance_core/honesty_claims/honesty_claims_audit.csv,514,"info,honesty-negative,maintenance_core/honesty_claims/honesty_claims_audit.csv,420,""info,honesty-negative,mugenforge/binary_core.py,2194,built = _bc(root) / 'sff2_rebuild_workspace' / 'experimental' / f'{root.name}_standard_table.sff'"""
info,honesty-negative,maintenance_core/honesty_claims/honesty_claims_audit.csv,515,"info,honesty-negative,maintenance_core/honesty_claims/honesty_claims_audit.csv,421,""info,honesty-negative,mugenforge/binary_core.py,2287,""""'standard SFF2 candidate rebuilds from manifests, SFF1/SFF2 copied axis mutation, guarded SND slot patch candidates, '"""""""
info,honesty-negative,maintenance_core/honesty_claims/honesty_claims_audit.csv,516,"info,honesty-negative,maintenance_core/honesty_claims/honesty_claims_audit.csv,422,""info,honesty-negative,mugenforge/binary_core.py,2299,""""'- Native SFF2 rebuilds are candidate files built from explicit source manifests; engine testing is still required before release.',"""""""
info,honesty-negative,maintenance_core/honesty_claims/honesty_claims_audit.csv,517,"info,honesty-negative,maintenance_core/honesty_claims/honesty_claims_audit.csv,423,""info,honesty-negative,mugenforge/binary_core.py,2301,""""'- Generated gameplay code still requires real playtesting. Runtime Lab can capture configured external engine evidence, but static reports remain source-analysis aids.',"""""""
medium,safety-claim,maintenance_core/honesty_claims/honesty_claims_audit.csv,518,"medium,safety-claim,maintenance_core/honesty_claims/honesty_claims_audit.csv,424,""medium,safety-claim,mugenforge/binary_core.py,2427,res.add_warning('Embedded PNG scan exported raw images without guaranteed group/image/axis mapping.')"""
info,honesty-negative,maintenance_core/honesty_claims/honesty_claims_audit.csv,519,"info,honesty-negative,maintenance_core/honesty_claims/honesty_claims_audit.csv,425,""info,honesty-negative,mugenforge/binary_core.py,2512,res = BinaryCoreResult('Standard SFF2 Build Candidate')"""
info,honesty-negative,maintenance_core/honesty_claims/honesty_claims_audit.csv,520,"info,honesty-negative,maintenance_core/honesty_claims/honesty_claims_audit.csv,426,""info,honesty-negative,mugenforge/binary_core.py,2518,res.add_warning('SFF2 workspace manifest not found; cannot build candidate.')"""
info,honesty-negative,maintenance_core/honesty_claims/honesty_claims_audit.csv,521,"info,honesty-negative,maintenance_core/honesty_claims/honesty_claims_audit.csv,427,""info,honesty-negative,mugenforge/binary_core.py,2531,res.notes.append(f'Built standard-table SFF2 PNG32 candidate with {len(info.sprites)} sprite record(s).')"""
info,honesty-negative,maintenance_core/honesty_claims/honesty_claims_audit.csv,522,"info,honesty-negative,maintenance_core/honesty_claims/honesty_claims_audit.csv,428,""info,honesty-negative,mugenforge/binary_core.py,2534,res.add_warning(f'SFF2 build candidate failed: {exc}')"""
info,honesty-negative,maintenance_core/honesty_claims/honesty_claims_audit.csv,523,"info,honesty-negative,maintenance_core/honesty_claims/honesty_claims_audit.csv,429,""info,honesty-negative,mugenforge/binary_core.py,2599,errors.append(f'Row {idx} WAV is larger than original slot ({len(blob)} > {sound.length}); use rebuild candidate instead.')"""
info,honesty-negative,maintenance_core/honesty_claims/honesty_claims_audit.csv,524,"info,honesty-negative,maintenance_core/honesty_claims/honesty_claims_audit.csv,430,""info,honesty-negative,mugenforge/binary_core.py,2631,""""res.notes.append(f'Original SND backup written: {_rel(root, bak)}')"""""""
high,engine-authority,maintenance_core/honesty_claims/honesty_claims_audit.csv,525,"high,engine-authority,maintenance_core/honesty_claims/honesty_claims_audit.csv,431,""high,engine-authority,mugenforge/binary_core.py,2670,""""'This folder is for external engine evidence. Static source reports are useful, but not engine-authoritative.',"""""""
info,honesty-negative,maintenance_core/honesty_claims/honesty_claims_audit.csv,526,"info,honesty-negative,maintenance_core/honesty_claims/honesty_claims_audit.csv,432,""info,honesty-negative,mugenforge/binary_core.py,2674,res.notes.append('Created runtime validation scaffolding for external engine log/evidence capture.')"""
info,honesty-negative,maintenance_core/honesty_claims/honesty_claims_audit.csv,527,"info,honesty-negative,maintenance_core/honesty_claims/honesty_claims_audit.csv,433,""info,honesty-negative,mugenforge/binary_core.py,2688,""""('standard sff2 candidate build', build_sff2_png_workspace_copy),"""""""
info,honesty-negative,maintenance_core/honesty_claims/honesty_claims_audit.csv,528,"info,honesty-negative,maintenance_core/honesty_claims/honesty_claims_audit.csv,434,""info,honesty-negative,mugenforge/binary_deep.py,58,""""'Binary Deep is an experimental companion to Binary Maturity. It adds table-driven SFF2 discovery, direct PNG/PCX/zlib export, '"""""""
medium,safety-claim,maintenance_core/honesty_claims/honesty_claims_audit.csv,529,"medium,safety-claim,maintenance_core/honesty_claims/honesty_claims_audit.csv,435,""medium,safety-claim,mugenforge/binary_deep.py,348,# PCX does not contain a guaranteed EOF marker. Use header sanity plus next common marker/EOF."""
info,honesty-negative,maintenance_core/honesty_claims/honesty_claims_audit.csv,530,"info,honesty-negative,maintenance_core/honesty_claims/honesty_claims_audit.csv,436,""info,honesty-negative,mugenforge/binary_deep.py,518,warnings.append(f'{bad} candidate records were rejected while scanning this table.')"""
high,binary-fullness,maintenance_core/honesty_claims/honesty_claims_audit.csv,531,"high,binary-fullness,maintenance_core/honesty_claims/honesty_claims_audit.csv,437,""high,binary-fullness,mugenforge/binary_deep.py,605,# Full SFF2 palette-table discovery is format-variant-sensitive. Use embedded ACT-like"""
info,honesty-negative,maintenance_core/honesty_claims/honesty_claims_audit.csv,532,"info,honesty-negative,maintenance_core/honesty_claims/honesty_claims_audit.csv,438,""info,honesty-negative,mugenforge/binary_deep.py,898,""""'## Candidate SFF2 tables', '',"""""""
info,honesty-negative,maintenance_core/honesty_claims/honesty_claims_audit.csv,533,"info,honesty-negative,maintenance_core/honesty_claims/honesty_claims_audit.csv,439,""info,honesty-negative,mugenforge/binary_deep.py,903,""""f'### Candidate {n}',"""""""
info,honesty-negative,maintenance_core/honesty_claims/honesty_claims_audit.csv,534,"info,honesty-negative,maintenance_core/honesty_claims/honesty_claims_audit.csv,440,""info,honesty-negative,mugenforge/binary_deep.py,923,res.notes.append(f'Deep SFF2 discovery found {len(tables)} candidate table(s).')"""
info,honesty-negative,maintenance_core/honesty_claims/honesty_claims_audit.csv,535,"info,honesty-negative,maintenance_core/honesty_claims/honesty_claims_audit.csv,441,""info,honesty-negative,mugenforge/binary_deep.py,949,res.notes.append(f'Exported/recovered {len(exports)} payload(s) from best SFF2 table candidate.')"""
info,honesty-negative,maintenance_core/honesty_claims/honesty_claims_audit.csv,536,"info,honesty-negative,maintenance_core/honesty_claims/honesty_claims_audit.csv,442,""info,honesty-negative,mugenforge/binary_deep.py,1026,""""'note': 'action=axis patches coordinates in a candidate copy. action=replace rebuilds a native SFF2 PNG copy using replace_image when set.',"""""""
info,honesty-negative,maintenance_core/honesty_claims/honesty_claims_audit.csv,537,"info,honesty-negative,maintenance_core/honesty_claims/honesty_claims_audit.csv,443,""info,honesty-negative,mugenforge/binary_deep.py,1036,""""'- `action=axis` changes `new_axis_x` / `new_axis_y` in a patched candidate copy.',"""""""
medium,safety-claim,maintenance_core/honesty_claims/honesty_claims_audit.csv,538,"medium,safety-claim,maintenance_core/honesty_claims/honesty_claims_audit.csv,444,""medium,safety-claim,mugenforge/binary_deep.py,1181,res.notes.append(f'Built native table-backed SFF2 PNG file with {len(normalized)} sprites and verified it with the deep parser.')"""
info,honesty-negative,maintenance_core/honesty_claims/honesty_claims_audit.csv,539,"info,honesty-negative,maintenance_core/honesty_claims/honesty_claims_audit.csv,445,""info,honesty-negative,mugenforge/binary_deep.py,1203,res.add_skipped('No rows have enabled=yes; no SFF2 mutation candidate was created.')"""
info,honesty-negative,maintenance_core/honesty_claims/honesty_claims_audit.csv,540,"info,honesty-negative,maintenance_core/honesty_claims/honesty_claims_audit.csv,446,""info,honesty-negative,mugenforge/binary_deep.py,1255,""""res.notes.append(f'Backup before SFF install: {_rel(root, bak)}')"""""""
info,honesty-negative,maintenance_core/honesty_claims/honesty_claims_audit.csv,541,"info,honesty-negative,maintenance_core/honesty_claims/honesty_claims_audit.csv,447,""info,honesty-negative,mugenforge/binary_deep.py,1315,""""'This sheet creates a patched candidate copy of the original SND.',"""""""
info,honesty-negative,maintenance_core/honesty_claims/honesty_claims_audit.csv,542,"info,honesty-negative,maintenance_core/honesty_claims/honesty_claims_audit.csv,448,""info,honesty-negative,mugenforge/binary_deep.py,1319,""""'- Larger replacements are intentionally sent to the rebuilt-candidate workflow, not shoved into arbitrary bytes.',"""""""
info,honesty-negative,maintenance_core/honesty_claims/honesty_claims_audit.csv,543,"info,honesty-negative,maintenance_core/honesty_claims/honesty_claims_audit.csv,449,""info,honesty-negative,mugenforge/binary_deep.py,1320,""""'- Optional install always writes a backup first.',"""""""
info,honesty-negative,maintenance_core/honesty_claims/honesty_claims_audit.csv,544,"info,honesty-negative,maintenance_core/honesty_claims/honesty_claims_audit.csv,450,""info,honesty-negative,mugenforge/binary_deep.py,1343,res.add_skipped('No rows have enabled=yes; no SND direct patch candidate was created.')"""
info,honesty-negative,maintenance_core/honesty_claims/honesty_claims_audit.csv,545,"info,honesty-negative,maintenance_core/honesty_claims/honesty_claims_audit.csv,451,""info,honesty-negative,mugenforge/binary_deep.py,1395,""""res.notes.append(f'Backup before SND install: {_rel(root, bak)}')"""""""
info,honesty-negative,maintenance_core/honesty_claims/honesty_claims_audit.csv,546,"info,honesty-negative,maintenance_core/honesty_claims/honesty_claims_audit.csv,452,""info,honesty-negative,mugenforge/binary_deep.py,1413,res.warnings.append(f'{len(rebuild_needed)} WAV replacement(s) require rebuilt-candidate workflow because they do not fit in place.')"""
info,honesty-negative,maintenance_core/honesty_claims/honesty_claims_audit.csv,547,"info,honesty-negative,maintenance_core/honesty_claims/honesty_claims_audit.csv,453,""info,honesty-negative,mugenforge/binary_deep.py,1414,""""res.notes.append(f'Patched candidate SND IDs={patched_ids}, in-place WAVs={patched_wavs}.')"""""""
info,honesty-negative,maintenance_core/honesty_claims/honesty_claims_audit.csv,548,"info,honesty-negative,maintenance_core/honesty_claims/honesty_claims_audit.csv,454,""info,honesty-negative,mugenforge/binary_deep.py,1499,""""sff_line = f'{_rel(root, sff)} — deep candidate tables={len(tables)}; best records={len(tables[0].records) if tables else 0}; warnings={len(warns)}'"""""""
info,honesty-negative,maintenance_core/honesty_claims/honesty_claims_audit.csv,549,"info,honesty-negative,maintenance_core/honesty_claims/honesty_claims_audit.csv,455,""info,honesty-negative,mugenforge/binary_deep.py,1514,""""'- Adds direct export/decode attempts for PNG, PCX, zlib-wrapped images, raw indexed/RGB/RGBA and RLE8 payloads, plus diagnostic-only 5-bit/LZ-style probes for unsupported records.',"""""""
medium,safety-claim,maintenance_core/honesty_claims/honesty_claims_audit.csv,550,"medium,safety-claim,maintenance_core/honesty_claims/honesty_claims_audit.csv,456,""medium,safety-claim,mugenforge/binary_deep.py,1519,""""'Unknown, corrupt, encrypted, or tool-specific binary variants can still require manual review. MugenForge now attempts more formats and writes candidates, but it will still warn/refuse when a record cannot be proven safe.',"""""""
info,honesty-negative,maintenance_core/honesty_claims/honesty_claims_audit.csv,551,"info,honesty-negative,maintenance_core/honesty_claims/honesty_claims_audit.csv,457,""info,honesty-negative,mugenforge/binary_deep.py,1532,res.add_warning('binary_deep folder does not exist yet. Run a Binary Deep report first.')"""
info,honesty-negative,maintenance_core/honesty_claims/honesty_claims_audit.csv,552,"info,honesty-negative,maintenance_core/honesty_claims/honesty_claims_audit.csv,458,""info,honesty-negative,mugenforge/binary_deep.py,1555,""""('native sff2 build manifest/candidate', build_native_sff2_from_manifest),"""""""
info,honesty-negative,maintenance_core/honesty_claims/honesty_claims_audit.csv,553,"info,honesty-negative,maintenance_core/honesty_claims/honesty_claims_audit.csv,459,""info,honesty-negative,mugenforge/binary_deep.py,1661,This does not prove every third-party SFF2 in the wild; it proves that the native"""
medium,plugin-execution,maintenance_core/honesty_claims/honesty_claims_audit.csv,554,"medium,plugin-execution,maintenance_core/honesty_claims/honesty_claims_audit.csv,460,""medium,plugin-execution,mugenforge/binary_deep.py,1713,""""'This proves the decoder paths execute on controlled fixtures. Third-party files with different table layouts or compression variants may still require manual review.',"""""""
high,binary-fullness,maintenance_core/honesty_claims/honesty_claims_audit.csv,555,"high,binary-fullness,maintenance_core/honesty_claims/honesty_claims_audit.csv,461,""high,binary-fullness,mugenforge/binary_deep.py,1718,res.notes.append('All controlled SFF2 codec probe fixtures decoded successfully.')"""
info,honesty-negative,maintenance_core/honesty_claims/honesty_claims_audit.csv,556,"info,honesty-negative,maintenance_core/honesty_claims/honesty_claims_audit.csv,462,""info,honesty-negative,mugenforge/binary_deep.py,1751,""""('native sff2 build manifest/candidate', build_native_sff2_from_manifest),"""""""
info,honesty-negative,maintenance_core/honesty_claims/honesty_claims_audit.csv,557,"info,honesty-negative,maintenance_core/honesty_claims/honesty_claims_audit.csv,463,""info,honesty-negative,mugenforge/binary_maturity.py,39,""""'controlled SFF2 rebuilds, payload-preserving mutation for unsupported compression rows, in-place-copy SND WAV patching, '"""""""
info,honesty-negative,maintenance_core/honesty_claims/honesty_claims_audit.csv,558,"info,honesty-negative,maintenance_core/honesty_claims/honesty_claims_audit.csv,464,""info,honesty-negative,mugenforge/binary_maturity.py,183,""""'SFF2 mutation writes a rebuilt candidate or patched copy; original files are not overwritten unless a separate install step is added by the user.',"""""""
info,honesty-negative,maintenance_core/honesty_claims/honesty_claims_audit.csv,559,"info,honesty-negative,maintenance_core/honesty_claims/honesty_claims_audit.csv,465,""info,honesty-negative,mugenforge/binary_maturity.py,184,""""'SND in-place patching is copy-based and only patches replacement WAVs that fit inside the original payload slot; larger changes use rebuilt candidate SND files.',"""""""
info,honesty-negative,maintenance_core/honesty_claims/honesty_claims_audit.csv,560,"info,honesty-negative,maintenance_core/honesty_claims/honesty_claims_audit.csv,466,""info,honesty-negative,mugenforge/binary_maturity.py,278,""""note = 'Unsupported compression payload preserved. Leave as keep, or provide replacement image_file.'"""""""
info,honesty-negative,maintenance_core/honesty_claims/honesty_claims_audit.csv,561,"info,honesty-negative,maintenance_core/honesty_claims/honesty_claims_audit.csv,467,""info,honesty-negative,mugenforge/binary_maturity.py,317,""""'- `enabled=yes` includes the row in the rebuilt candidate.',"""""""
info,honesty-negative,maintenance_core/honesty_claims/honesty_claims_audit.csv,562,"info,honesty-negative,maintenance_core/honesty_claims/honesty_claims_audit.csv,468,""info,honesty-negative,mugenforge/binary_maturity.py,322,""""'- Applying creates a new SFF2 candidate under `binary_maturity/sff2_rebuilt/`.', '',"""""""
info,honesty-negative,maintenance_core/honesty_claims/honesty_claims_audit.csv,563,"info,honesty-negative,maintenance_core/honesty_claims/honesty_claims_audit.csv,469,""info,honesty-negative,mugenforge/binary_maturity.py,412,res.notes.append(f'Built standard SFF2 candidate with {len(records)} row(s).')"""
info,honesty-negative,maintenance_core/honesty_claims/honesty_claims_audit.csv,564,"info,honesty-negative,maintenance_core/honesty_claims/honesty_claims_audit.csv,470,""info,honesty-negative,mugenforge/binary_maturity.py,647,res.add_warning(f'engine_executable does not exist: {exe}')"""
info,honesty-negative,maintenance_core/honesty_claims/honesty_claims_audit.csv,565,"info,honesty-negative,maintenance_core/honesty_claims/honesty_claims_audit.csv,471,""info,honesty-negative,mugenforge/binary_maturity.py,681,res.add_warning('binary_maturity folder does not exist yet.')"""
info,honesty-negative,maintenance_core/honesty_claims/honesty_claims_audit.csv,566,"info,honesty-negative,maintenance_core/honesty_claims/honesty_claims_audit.csv,472,""info,honesty-negative,mugenforge/closure_core.py,260,""""('Runtime behavior', 'Source-level micro-runtime plus external engine probe/evidence gate.'),"""""""
info,honesty-negative,maintenance_core/honesty_claims/honesty_claims_audit.csv,567,"info,honesty-negative,maintenance_core/honesty_claims/honesty_claims_audit.csv,473,""info,honesty-negative,mugenforge/closure_core.py,276,""""'Closure Core is the gap-closing layer for the previous honest limitations list. It does not blindly claim universal behavior; it adds executable workflows, source-level simulation, corpus probes, forensic recovery, and explicit transactional publishing so each limitation has a concrete tool path.',"""""""
high,binary-fullness,maintenance_core/honesty_claims/honesty_claims_audit.csv,568,"high,binary-fullness,maintenance_core/honesty_claims/honesty_claims_audit.csv,474,""high,binary-fullness,mugenforge/closure_core.py,291,""""'4. Use **Transactional Publish Sheet** for any candidate SFF/SND replacement.',"""""""
info,honesty-negative,maintenance_core/honesty_claims/honesty_claims_audit.csv,569,"info,honesty-negative,maintenance_core/honesty_claims/honesty_claims_audit.csv,475,""info,honesty-negative,mugenforge/closure_core.py,583,warnings.append(f'{scenario.scenario_id}: start state {current_state} does not exist.')"""
info,honesty-negative,maintenance_core/honesty_claims/honesty_claims_audit.csv,570,"info,honesty-negative,maintenance_core/honesty_claims/honesty_claims_audit.csv,476,""info,honesty-negative,mugenforge/closure_core.py,633,warnings.append(f'{scenario.scenario_id}: ChangeState target {target} does not exist.')"""
info,honesty-negative,maintenance_core/honesty_claims/honesty_claims_audit.csv,571,"info,honesty-negative,maintenance_core/honesty_claims/honesty_claims_audit.csv,477,""info,honesty-negative,mugenforge/closure_core.py,694,warnings.append(f'{scenario.scenario_id}: unsupported triggers skipped: ' + '; '.join(unknown_triggers[:20]))"""
info,honesty-negative,maintenance_core/honesty_claims/honesty_claims_audit.csv,572,"info,honesty-negative,maintenance_core/honesty_claims/honesty_claims_audit.csv,478,""info,honesty-negative,mugenforge/closure_core.py,798,result.add_warning(f'Configured engine executable does not exist: {exe}')"""
info,honesty-negative,maintenance_core/honesty_claims/honesty_claims_audit.csv,573,"info,honesty-negative,maintenance_core/honesty_claims/honesty_claims_audit.csv,479,""info,honesty-negative,mugenforge/closure_core.py,800,result.add_warning('runtime_lab/runtime_config.json does not contain engine_executable yet.')"""
info,honesty-negative,maintenance_core/honesty_claims/honesty_claims_audit.csv,574,"info,honesty-negative,maintenance_core/honesty_claims/honesty_claims_audit.csv,480,""info,honesty-negative,mugenforge/closure_core.py,909,""""ding(20, 'external engine executable has not been successfully probed')"""""""
info,honesty-negative,maintenance_core/honesty_claims/honesty_claims_audit.csv,575,"info,honesty-negative,maintenance_core/honesty_claims/honesty_claims_audit.csv,481,""info,honesty-negative,mugenforge/closure_core.py,926,""""'interpretation': 'evidence-backed readiness score; strongest when external engine logs and screenshots/videos are present',"""""""
info,honesty-negative,maintenance_core/honesty_claims/honesty_claims_audit.csv,576,"info,honesty-negative,maintenance_core/honesty_claims/honesty_claims_audit.csv,482,""info,honesty-negative,mugenforge/closure_core.py,1149,""""'This implements the unknown/corrupt/tool-specific binary review path. Instead of stopping at “manual review,” Closure Core maps signatures, entropy blocks, recoverable embedded PNG/WAV assets, and hashes so unsupported files can be triaged or salvaged systematically.',"""""""
info,honesty-negative,maintenance_core/honesty_claims/honesty_claims_audit.csv,577,"info,honesty-negative,maintenance_core/honesty_claims/honesty_claims_audit.csv,483,""info,honesty-negative,mugenforge/closure_core.py,1199,""""'publish_note': 'Set enabled=yes only after verifying the candidate in Binary/Runtime Lab.',"""""""
info,honesty-negative,maintenance_core/honesty_claims/honesty_claims_audit.csv,578,"info,honesty-negative,maintenance_core/honesty_claims/honesty_claims_audit.csv,484,""info,honesty-negative,mugenforge/closure_core.py,1203,result.add_warning('No candidate SFF/SND outputs were found under generated tool folders.')"""
info,honesty-negative,maintenance_core/honesty_claims/honesty_claims_audit.csv,579,"info,honesty-negative,maintenance_core/honesty_claims/honesty_claims_audit.csv,485,""info,honesty-negative,mugenforge/closure_core.py,1210,""""'This implements the old “candidate/backup-first” limitation as an explicit publish system. Generated binary candidates are not silently promoted. To publish one:',"""""""
info,honesty-negative,maintenance_core/honesty_claims/honesty_claims_audit.csv,580,"info,honesty-negative,maintenance_core/honesty_claims/honesty_claims_audit.csv,486,""info,honesty-negative,mugenforge/closure_core.py,1212,""""'1. Verify the candidate with Binary Core/Deep/Maturity and Runtime Lab.',"""""""
info,honesty-negative,maintenance_core/honesty_claims/honesty_claims_audit.csv,581,"info,honesty-negative,maintenance_core/honesty_claims/honesty_claims_audit.csv,487,""info,honesty-negative,mugenforge/closure_core.py,1218,""""'Apply writes a backup, checks hashes, overwrites the target atomically, and records a rollback manifest.',"""""""
info,honesty-negative,maintenance_core/honesty_claims/honesty_claims_audit.csv,582,"info,honesty-negative,maintenance_core/honesty_claims/honesty_claims_audit.csv,488,""info,honesty-negative,mugenforge/closure_core.py,1241,result.add_warning(f'Skipped missing candidate: {cand}')"""
info,honesty-negative,maintenance_core/honesty_claims/honesty_claims_audit.csv,583,"info,honesty-negative,maintenance_core/honesty_claims/honesty_claims_audit.csv,489,""info,honesty-negative,mugenforge/closure_core.py,1244,result.add_warning(f'Skipped target with unsupported extension: {target}')"""
info,honesty-negative,maintenance_core/honesty_claims/honesty_claims_audit.csv,584,"info,honesty-negative,maintenance_core/honesty_claims/honesty_claims_audit.csv,490,""info,honesty-negative,mugenforge/closure_core.py,1249,result.add_warning(f'Skipped {cand}: candidate hash changed since sheet export.')"""
info,honesty-negative,maintenance_core/honesty_claims/honesty_claims_audit.csv,585,"info,honesty-negative,maintenance_core/honesty_claims/honesty_claims_audit.csv,491,""info,honesty-negative,mugenforge/closure_core.py,1255,backup = None"""
info,honesty-negative,maintenance_core/honesty_claims/honesty_claims_audit.csv,586,"info,honesty-negative,maintenance_core/honesty_claims/honesty_claims_audit.csv,492,""info,honesty-negative,mugenforge/closure_core.py,1259,backup = backup_dir / f'{target.name}.bak_{_now()}'"""
info,honesty-negative,maintenance_core/honesty_claims/honesty_claims_audit.csv,587,"info,honesty-negative,maintenance_core/honesty_claims/honesty_claims_audit.csv,493,""info,honesty-negative,mugenforge/closure_core.py,1260,""""shutil.copy2(target, backup)"""""""
info,honesty-negative,maintenance_core/honesty_claims/honesty_claims_audit.csv,588,"info,honesty-negative,maintenance_core/honesty_claims/honesty_claims_audit.csv,494,""info,honesty-negative,mugenforge/closure_core.py,1269,""""'candidate': _rel(root, cand),"""""""
info,honesty-negative,maintenance_core/honesty_claims/honesty_claims_audit.csv,589,"info,honesty-negative,maintenance_core/honesty_claims/honesty_claims_audit.csv,495,""info,honesty-negative,mugenforge/closure_core.py,1273,""""'backup': _rel(root, backup) if backup else '',"""""""
info,honesty-negative,maintenance_core/honesty_claims/honesty_claims_audit.csv,590,"info,honesty-negative,maintenance_core/honesty_claims/honesty_claims_audit.csv,496,""info,honesty-negative,mugenforge/closure_core.py,1283,result.add_note(f'Published {changed} candidate binary file(s) with backups and rollback manifest.')"""
info,honesty-negative,maintenance_core/honesty_claims/honesty_claims_audit.csv,591,"info,honesty-negative,maintenance_core/honesty_claims/honesty_claims_audit.csv,497,""info,honesty-negative,mugenforge/closure_core.py,1404,""""'The estimates help prioritize testing; the external engine is still the authority for final feel.',"""""""
info,honesty-negative,maintenance_core/honesty_claims/honesty_claims_audit.csv,592,"info,honesty-negative,maintenance_core/honesty_claims/honesty_claims_audit.csv,498,""info,honesty-negative,mugenforge/closure_core.py,1424,result.add_warning('closure_core folder does not exist yet. Run other Closure Core tools first.')"""
info,honesty-negative,maintenance_core/honesty_claims/honesty_claims_audit.csv,593,"info,honesty-negative,maintenance_core/honesty_claims/honesty_claims_audit.csv,499,""info,honesty-negative,mugenforge/closure_lab.py,384,ChangeState/SelfState transitions. Unsupported trigger expressions are logged as"""
info,honesty-negative,maintenance_core/honesty_claims/honesty_claims_audit.csv,594,"info,honesty-negative,maintenance_core/honesty_claims/honesty_claims_audit.csv,500,""info,honesty-negative,mugenforge/closure_lab.py,414,unsupported: List[str] = []"""
info,honesty-negative,maintenance_core/honesty_claims/honesty_claims_audit.csv,595,"info,honesty-negative,maintenance_core/honesty_claims/honesty_claims_audit.csv,501,""info,honesty-negative,mugenforge/closure_lab.py,449,""""unsupported.append(f""""""""{st_rec.get('rel')} line {getattr(ctrl_obj, 'line', '?')}: trigger eval failed: {exc}"""""""")"""""""
info,honesty-negative,maintenance_core/honesty_claims/honesty_claims_audit.csv,596,"info,honesty-negative,maintenance_core/honesty_claims/honesty_claims_audit.csv,502,""info,honesty-negative,mugenforge/closure_lab.py,490,""""unsupported.append(f""""""""{st_rec.get('rel')} line {getattr(ctrl_obj, 'line', '?')}: dynamic ChangeState value not simulated: {val}"""""""")"""""""
medium,plugin-execution,maintenance_core/honesty_claims/honesty_claims_audit.csv,597,"medium,plugin-execution,maintenance_core/honesty_claims/honesty_claims_audit.csv,503,""medium,plugin-execution,mugenforge/closure_lab.py,507,# Keep unknown controllers visible without pretending to execute them."""
info,honesty-negative,maintenance_core/honesty_claims/honesty_claims_audit.csv,598,"info,honesty-negative,maintenance_core/honesty_claims/honesty_claims_audit.csv,504,""info,honesty-negative,mugenforge/closure_lab.py,560,""""""""""""Does not model opponent collision/contact or engine physics exactly"""""""","""""""
info,honesty-negative,maintenance_core/honesty_claims/honesty_claims_audit.csv,599,"info,honesty-negative,maintenance_core/honesty_claims/honesty_claims_audit.csv,505,""info,honesty-negative,mugenforge/closure_lab.py,561,""""""""""""Unsupported trigger expressions are reported rather than guessed"""""""","""""""
info,honesty-negative,maintenance_core/honesty_claims/honesty_claims_audit.csv,600,"info,honesty-negative,maintenance_core/honesty_claims/honesty_claims_audit.csv,506,""info,honesty-negative,mugenforge/closure_lab.py,564,""""""""""""unsupported"""""""": unsupported[:500],"""""""
info,honesty-negative,maintenance_core/honesty_claims/honesty_claims_audit.csv,601,"info,honesty-negative,maintenance_core/honesty_claims/honesty_claims_audit.csv,507,""info,honesty-negative,mugenforge/closure_lab.py,577,<p>This is a source-level mini-runtime for common controller patterns. Use the external engine harness for authoritative runtime evidence.</p>"""
info,honesty-negative,maintenance_core/honesty_claims/honesty_claims_audit.csv,602,"info,honesty-negative,maintenance_core/honesty_claims/honesty_claims_audit.csv,508,""info,honesty-negative,mugenforge/closure_lab.py,578,<p>Rows: {len(rows)}. Events: {len(events)}. Warnings: {len(warnings)}. Unsupported expressions/controllers: {len(unsupported)}.</p>"""
info,honesty-negative,maintenance_core/honesty_claims/honesty_claims_audit.csv,603,"info,honesty-negative,maintenance_core/honesty_claims/honesty_claims_audit.csv,509,""info,honesty-negative,mugenforge/closure_lab.py,583,if unsupported:"""
info,honesty-negative,maintenance_core/honesty_claims/honesty_claims_audit.csv,604,"info,honesty-negative,maintenance_core/honesty_claims/honesty_claims_audit.csv,510,""info,honesty-negative,mugenforge/closure_lab.py,584,""""result.add_note(f""""""""Unsupported expressions/controllers recorded: {len(unsupported)}"""""""")"""""""
medium,plugin-execution,maintenance_core/honesty_claims/honesty_claims_audit.csv,605,"medium,plugin-execution,maintenance_core/honesty_claims/honesty_claims_audit.csv,511,""medium,plugin-execution,mugenforge/closure_lab.py,661,print('Dry run only. Add --run to execute.')"""
info,honesty-negative,maintenance_core/honesty_claims/honesty_claims_audit.csv,606,"info,honesty-negative,maintenance_core/honesty_claims/honesty_claims_audit.csv,512,""info,honesty-negative,mugenforge/closure_lab.py,930,""""""""""""notes"""""""": """"""""Set enabled=yes, action=commit, and confirm_phrase=I_UNDERSTAND_BACKUP_COMMIT to overwrite target with backup/rollback."""""""","""""""
info,honesty-negative,maintenance_core/honesty_claims/honesty_claims_audit.csv,607,"info,honesty-negative,maintenance_core/honesty_claims/honesty_claims_audit.csv,513,""info,honesty-negative,mugenforge/closure_lab.py,937,This is the opt-in path for committing a vetted binary candidate over the live project SFF/SND."""
info,honesty-negative,maintenance_core/honesty_claims/honesty_claims_audit.csv,608,"info,honesty-negative,maintenance_core/honesty_claims/honesty_claims_audit.csv,514,""info,honesty-negative,mugenforge/closure_lab.py,946,This replaces the old candidate-only workflow with a controlled commit/rollback system. It still avoids blind overwrites."""
info,honesty-negative,maintenance_core/honesty_claims/honesty_claims_audit.csv,609,"info,honesty-negative,maintenance_core/honesty_claims/honesty_claims_audit.csv,515,""info,honesty-negative,mugenforge/closure_lab.py,948,""""result.add_note(f""""""""Candidate rows: {len(rows)}"""""""")"""""""
info,honesty-negative,maintenance_core/honesty_claims/honesty_claims_audit.csv,610,"info,honesty-negative,maintenance_core/honesty_claims/honesty_claims_audit.csv,516,""info,honesty-negative,mugenforge/closure_lab.py,982,""""result.add_warning(f""""""""Row {idx}: candidate/target must be inside project folder; skipped."""""""")"""""""
info,honesty-negative,maintenance_core/honesty_claims/honesty_claims_audit.csv,611,"info,honesty-negative,maintenance_core/honesty_claims/honesty_claims_audit.csv,517,""info,honesty-negative,mugenforge/closure_lab.py,985,""""result.add_warning(f""""""""Row {idx}: candidate or target missing; skipped."""""""")"""""""
info,honesty-negative,maintenance_core/honesty_claims/honesty_claims_audit.csv,612,"info,honesty-negative,maintenance_core/honesty_claims/honesty_claims_audit.csv,518,""info,honesty-negative,mugenforge/closure_lab.py,988,""""result.add_warning(f""""""""Row {idx}: extension mismatch or unsupported binary type; skipped."""""""")"""""""
info,honesty-negative,maintenance_core/honesty_claims/honesty_claims_audit.csv,613,"info,honesty-negative,maintenance_core/honesty_claims/honesty_claims_audit.csv,519,""info,honesty-negative,mugenforge/closure_lab.py,994,""""z.write(cand, f""""""""candidate/{cand.name}"""""""")"""""""
info,honesty-negative,maintenance_core/honesty_claims/honesty_claims_audit.csv,614,"info,honesty-negative,maintenance_core/honesty_claims/honesty_claims_audit.csv,520,""info,honesty-negative,mugenforge/closure_lab.py,997,""""""""""""candidate"""""""": str(cand),"""""""
info,honesty-negative,maintenance_core/honesty_claims/honesty_claims_audit.csv,615,"info,honesty-negative,maintenance_core/honesty_claims/honesty_claims_audit.csv,521,""info,honesty-negative,mugenforge/closure_lab.py,1006,""""""""""""candidate"""""""": str(cand),"""""""
info,honesty-negative,maintenance_core/honesty_claims/honesty_claims_audit.csv,616,"info,honesty-negative,maintenance_core/honesty_claims/honesty_claims_audit.csv,522,""info,honesty-negative,mugenforge/closure_lab.py,1018,""""result.add_note(f""""""""Committed {len(commits)} binary candidate(s) with rollback snapshots."""""""")"""""""
info,honesty-negative,maintenance_core/honesty_claims/honesty_claims_audit.csv,617,"info,honesty-negative,maintenance_core/honesty_claims/honesty_claims_audit.csv,523,""info,honesty-negative,mugenforge/closure_lab.py,1040,""""result.add_warning(""""""""Snapshot does not contain a before/ file."""""""")"""""""
info,honesty-negative,maintenance_core/honesty_claims/honesty_claims_audit.csv,618,"info,honesty-negative,maintenance_core/honesty_claims/honesty_claims_audit.csv,524,""info,honesty-negative,mugenforge/closure_lab.py,1090,2. Run the external Engine Adapter smoke/scenario tests if your engine is configured."""
info,honesty-negative,maintenance_core/honesty_claims/honesty_claims_audit.csv,619,"info,honesty-negative,maintenance_core/honesty_claims/honesty_claims_audit.csv,525,""info,honesty-negative,mugenforge/closure_lab.py,1212,This does not remove the need for engine testing; it makes the difference visible and machine-readable."""
info,honesty-negative,maintenance_core/honesty_claims/honesty_claims_audit.csv,620,"info,honesty-negative,maintenance_core/honesty_claims/honesty_claims_audit.csv,526,""info,honesty-negative,mugenforge/closure_lab.py,1247,""""f""""""""| Static readiness is not authoritative | Evidence contract and runtime-evidence index | {status_map['report_evidence_contract']} |"""""""","""""""
info,honesty-negative,maintenance_core/honesty_claims/honesty_claims_audit.csv,621,"info,honesty-negative,maintenance_core/honesty_claims/honesty_claims_audit.csv,527,""info,honesty-negative,mugenforge/closure_lab.py,1250,""""f""""""""| Candidate-only binary mutation | Opt-in commit/rollback sheet | {status_map['mutation_commit_sheet']} |"""""""","""""""
medium,safety-claim,maintenance_core/honesty_claims/honesty_claims_audit.csv,622,"medium,safety-claim,maintenance_core/honesty_claims/honesty_claims_audit.csv,528,""medium,safety-claim,mugenforge/code_authoring.py,156,# Negative common states and 0 are engine/common-state safe enough to ignore."""
info,honesty-negative,maintenance_core/honesty_claims/honesty_claims_audit.csv,623,"info,honesty-negative,maintenance_core/honesty_claims/honesty_claims_audit.csv,529,""info,honesty-negative,mugenforge/codec_core.py,54,""""'- Native SFF2 candidate builds from source manifests.',"""""""
info,honesty-negative,maintenance_core/honesty_claims/honesty_claims_audit.csv,624,"info,honesty-negative,maintenance_core/honesty_claims/honesty_claims_audit.csv,530,""info,honesty-negative,mugenforge/creator_hub.py,249,return 'release-candidate'"""
info,honesty-negative,maintenance_core/honesty_claims/honesty_claims_audit.csv,625,"info,honesty-negative,maintenance_core/honesty_claims/honesty_claims_audit.csv,531,""info,honesty-negative,mugenforge/creator_hub.py,310,""""body{{font-family:Arial,sans-serif;margin:24px;background:#f7f7fb;color:#20242a}}a{{color:#0b5cab}}.score{{display:inline-flex;gap:18px;align-items:baseline;border-radius:14px;padding:18px 22px;background:white;box-shadow:0 2px 10px #0001;margin-bottom:18px}}.score b{{font-size:42px}}.score span{{font-size:18px;text-transform:uppercase;letter-spacing:.08em}}.r"
info,honesty-negative,maintenance_core/honesty_claims/honesty_claims_audit.csv,626,"info,honesty-negative,maintenance_core/honesty_claims/honesty_claims_audit.csv,532,""info,honesty-negative,mugenforge/creator_hub.py,343,""""add('High', 'Animations', f'Code references missing AIR action {a}', 'ChangeAnim expects an animation that does not exist.', 'Create that AIR action or change the code to an existing animation.')"""""""
medium,safety-claim,maintenance_core/honesty_claims/honesty_claims_audit.csv,627,"medium,safety-claim,maintenance_core/honesty_claims/honesty_claims_audit.csv,533,""medium,safety-claim,mugenforge/creator_hub.py,439,""""'This is a safe plan, not a destructive auto-patch. It tells a non-coder which values to inspect first.', '']"""""""
medium,safety-claim,maintenance_core/honesty_claims/honesty_claims_audit.csv,628,"medium,safety-claim,maintenance_core/honesty_claims/honesty_claims_audit.csv,534,""medium,safety-claim,mugenforge/creator_hub.py,448,""""'- Light normals should be quick, low damage, and safe-ish only if range is short.',"""""""
medium,safety-claim,maintenance_core/honesty_claims/honesty_claims_audit.csv,629,"medium,safety-claim,maintenance_core/honesty_claims/honesty_claims_audit.csv,535,""medium,safety-claim,mugenforge/creator_hub.py,676,""""{'name': 'Add beginner debug overlay', 'safe': True, 'writes': ['CNS State -2 DisplayToClipboard'], 'user_choice': 'Enable only while testing.'},"""""""
medium,safety-claim,maintenance_core/honesty_claims/honesty_claims_audit.csv,630,"medium,safety-claim,maintenance_core/honesty_claims/honesty_claims_audit.csv,536,""medium,safety-claim,mugenforge/creator_hub.py,677,""""{'name': 'Add missing command', 'safe': True, 'writes': ['CMD [Command]', 'Statedef -1 route'], 'user_choice': 'Pick input and target state.'},"""""""
medium,safety-claim,maintenance_core/honesty_claims/honesty_claims_audit.csv,631,"medium,safety-claim,maintenance_core/honesty_claims/honesty_claims_audit.csv,537,""medium,safety-claim,mugenforge/creator_hub.py,678,""""{'name': 'Create attack move', 'safe': True, 'writes': ['CMD', 'CNS StateDef', 'AIR action', 'CLSN boxes'], 'user_choice': 'Move name, damage, frames, hitbox.'},"""""""
medium,safety-claim,maintenance_core/honesty_claims/honesty_claims_audit.csv,632,"medium,safety-claim,maintenance_core/honesty_claims/honesty_claims_audit.csv,538,""medium,safety-claim,mugenforge/creator_hub.py,679,""""{'name': 'Create projectile move', 'safe': True, 'writes': ['CMD', 'CNS Projectile controller', 'AIR action'], 'user_choice': 'Input, speed, damage, sprite group.'},"""""""
medium,safety-claim,maintenance_core/honesty_claims/honesty_claims_audit.csv,633,"medium,safety-claim,maintenance_core/honesty_claims/honesty_claims_audit.csv,539,""medium,safety-claim,mugenforge/creator_hub.py,680,""""{'name': 'Repair missing AIR action', 'safe': True, 'writes': ['AIR placeholder action'], 'user_choice': 'Animation number and frame count.'},"""""""
medium,safety-claim,maintenance_core/honesty_claims/honesty_claims_audit.csv,634,"medium,safety-claim,maintenance_core/honesty_claims/honesty_claims_audit.csv,540,""medium,safety-claim,mugenforge/creator_hub.py,681,""""{'name': 'Generate placeholder SFF', 'safe': True, 'writes': ['SFF v1 from AIR refs'], 'user_choice': 'Use placeholders until final art is ready.'},"""""""
medium,safety-claim,maintenance_core/honesty_claims/honesty_claims_audit.csv,635,"medium,safety-claim,maintenance_core/honesty_claims/honesty_claims_audit.csv,541,""medium,safety-claim,mugenforge/creator_hub.py,682,""""{'name': 'Build SND placeholder bank', 'safe': True, 'writes': ['WAV placeholders', 'SND bank'], 'user_choice': 'Replace WAVs later.'},"""""""
medium,safety-claim,maintenance_core/honesty_claims/honesty_claims_audit.csv,636,"medium,safety-claim,maintenance_core/honesty_claims/honesty_claims_audit.csv,542,""medium,safety-claim,mugenforge/creator_hub.py,683,""""{'name': 'Run release QA pass', 'safe': True, 'writes': ['reports only'], 'user_choice': 'Review high-priority cards.'},"""""""
medium,safety-claim,maintenance_core/honesty_claims/honesty_claims_audit.csv,637,"medium,safety-claim,maintenance_core/honesty_claims/honesty_claims_audit.csv,543,""medium,safety-claim,mugenforge/creator_hub.py,686,""""md = ['# Patch Macro Bank', '', 'This is the non-coder action library concept: each macro explains what the app will change behind the scenes.', '', '| Macro | Safe? | Writes | User handles |', '|---|---|---|---|']"""""""
medium,safety-claim,maintenance_core/honesty_claims/honesty_claims_audit.csv,638,"medium,safety-claim,maintenance_core/honesty_claims/honesty_claims_audit.csv,544,""medium,safety-claim,mugenforge/creator_hub.py,688,""""md.append(f""""""""| {m['name']} | {m['safe']} | {', '.join(m['writes'])} | {m['user_choice']} |"""""""")"""""""
medium,safety-claim,maintenance_core/honesty_claims/honesty_claims_audit.csv,639,"medium,safety-claim,maintenance_core/honesty_claims/honesty_claims_audit.csv,545,""medium,safety-claim,mugenforge/creator_hub.py,692,result.notes.append('Documented safe high-level patch macros for non-coders.')"""
medium,safety-claim,maintenance_core/honesty_claims/honesty_claims_audit.csv,640,"medium,safety-claim,maintenance_core/honesty_claims/honesty_claims_audit.csv,546,""medium,safety-claim,mugenforge/creator_os.py,297,""""lines.append(""""""""- Run Auto-Fix Missing StateDefs. It appends safe fallback states with backups."""""""")"""""""
medium,safety-claim,maintenance_core/honesty_claims/honesty_claims_audit.csv,641,"medium,safety-claim,maintenance_core/honesty_claims/honesty_claims_audit.csv,547,""medium,safety-claim,mugenforge/creator_os.py,379,""""""""""""plain_english"""""""": """"""""Adds safe ChangeState links between moves so a beginner can build chains without writing triggers manually."""""""","""""""
medium,safety-claim,maintenance_core/honesty_claims/honesty_claims_audit.csv,642,"medium,safety-claim,maintenance_core/honesty_claims/honesty_claims_audit.csv,548,""medium,safety-claim,mugenforge/creator_os.py,650,""""""""""""instructions"""""""": """"""""Edit routes, set enabled true, then use Apply Combo Routes. This appends beginner-safe ChangeState cancel controllers with backups."""""""","""""""
medium,safety-claim,maintenance_core/honesty_claims/honesty_claims_audit.csv,643,"medium,safety-claim,maintenance_core/honesty_claims/honesty_claims_audit.csv,549,""medium,safety-claim,mugenforge/creator_os.py,753,""""result.add_changed(f""""""""{_rel(root, cns)} appended {len(missing)} safe placeholder StateDefs"""""""")"""""""
medium,safety-claim,maintenance_core/honesty_claims/honesty_claims_audit.csv,644,"medium,safety-claim,maintenance_core/honesty_claims/honesty_claims_audit.csv,550,""medium,safety-claim,mugenforge/creator_os.py,798,""""""""""""Beginner Safe"""""""": {""""""""factor"""""""": 0.85, """"""""cap"""""""": 120, """"""""note"""""""": """"""""Safer prototype values while testing feel.""""""""},"""""""
medium,safety-claim,maintenance_core/honesty_claims/honesty_claims_audit.csv,645,"medium,safety-claim,maintenance_core/honesty_claims/honesty_claims_audit.csv,551,""medium,safety-claim,mugenforge/creator_os.py,811,""""preset = _BALANCE_PRESETS.get(preset_name) or _BALANCE_PRESETS[""""""""Beginner Safe""""""""]"""""""
medium,safety-claim,maintenance_core/honesty_claims/honesty_claims_audit.csv,646,"medium,safety-claim,maintenance_core/honesty_claims/honesty_claims_audit.csv,552,""medium,safety-claim,mugenforge/creator_suite.py,128,""""""""""""Balanced Starter"""""""": [""""""""clean basics"""""""", """"""""safe six-button kit"""""""", """"""""easy testing""""""""],"""""""
high,binary-fullness,maintenance_core/honesty_claims/honesty_claims_audit.csv,647,"high,binary-fullness,maintenance_core/honesty_claims/honesty_claims_audit.csv,553,""high,binary-fullness,mugenforge/creator_suite_visual.py,214,""""result.add_warning('Current SFF looks like SFF v2/non-v1. This version generates SFF2 build projects, but does not extract mature SFF2 sprite tables.')"""""""
high,binary-fullness,maintenance_core/honesty_claims/honesty_claims_audit.csv,648,"high,binary-fullness,maintenance_core/honesty_claims/honesty_claims_audit.csv,554,""high,binary-fullness,mugenforge/creator_suite_visual.py,307,This folder is a safe SFF v2 build handoff. MugenForge writes the source image folder and Sprmake2 definition file; it does not pretend to safely patch unknown mature SFF v2 binary tables."""
info,honesty-negative,maintenance_core/honesty_claims/honesty_claims_audit.csv,649,"info,honesty-negative,maintenance_core/honesty_claims/honesty_claims_audit.csv,555,""info,honesty-negative,mugenforge/creator_suite_visual.py,451,result.add_warning('No onion-skin previews could be made. SFF payloads may be unsupported or actions may be empty.')"""
medium,safety-claim,maintenance_core/honesty_claims/honesty_claims_audit.csv,650,"medium,safety-claim,maintenance_core/honesty_claims/honesty_claims_audit.csv,556,""medium,safety-claim,mugenforge/creator_suite_visual.py,713,""""'beginner_tip': 'Do not make every super full-screen safe. Decide what the player is paying meter for.',"""""""
medium,safety-claim,maintenance_core/honesty_claims/honesty_claims_audit.csv,651,"medium,safety-claim,maintenance_core/honesty_claims/honesty_claims_audit.csv,557,""medium,safety-claim,mugenforge/creator_suite_visual.py,809,""""('Sprites/SFF v2', 'Source-project generator for Sprmake2', 'Available as safe source workflow'),"""""""
high,binary-fullness,maintenance_core/honesty_claims/honesty_claims_audit.csv,652,"high,binary-fullness,maintenance_core/honesty_claims/honesty_claims_audit.csv,558,""high,binary-fullness,mugenforge/creator_suite_visual.py,816,""""('Mature SFF v2 mutation', 'Direct binary patch/rebuild of arbitrary SFF2 tables', 'Not implemented; use source-project handoff'),"""""""
high,binary-fullness,maintenance_core/honesty_claims/honesty_claims_audit.csv,653,"high,binary-fullness,maintenance_core/honesty_claims/honesty_claims_audit.csv,559,""high,binary-fullness,mugenforge/creator_suite_visual.py,820,""""md += ['', '## Tell-it-like-it-is note', '', 'MugenForge is strongest when the project is source-organized: loose sprites, generated manifests, AIR/CMD/CNS text, WAVs, and repeatable build steps. It is intentionally conservative about patching mature SFF v2 binaries because corrupting sprite tables would be worse than forcing a rebuild from source.']"""""""
medium,safety-claim,maintenance_core/honesty_claims/honesty_claims_audit.csv,654,"medium,safety-claim,maintenance_core/honesty_claims/honesty_claims_audit.csv,560,""medium,safety-claim,mugenforge/creator_suite_visual.py,967,""""""""""""""""""""""""""""Create a beginner-safe art/sound handoff folder for replacing assets."""""""""""""""""""""""""""""""
high,engine-authority,maintenance_core/honesty_claims/honesty_claims_audit.csv,655,"high,engine-authority,maintenance_core/honesty_claims/honesty_claims_audit.csv,561,""high,engine-authority,mugenforge/engine_authority.py,392,""""""""""""Use Runtime Evidence Certification to reconcile this model with actual M.U.G.E.N/IKEMEN sessions."""""""","""""""
info,honesty-negative,maintenance_core/honesty_claims/honesty_claims_audit.csv,656,"info,honesty-negative,maintenance_core/honesty_claims/honesty_claims_audit.csv,562,""info,honesty-negative,mugenforge/engine_authority.py,417,""""res = AuthorityResult(""""""""External Engine Validator"""""""")"""""""
info,honesty-negative,maintenance_core/honesty_claims/honesty_claims_audit.csv,657,"info,honesty-negative,maintenance_core/honesty_claims/honesty_claims_audit.csv,563,""info,honesty-negative,mugenforge/engine_authority.py,452,""""""""""""note"""""""": """"""""This validates local launch configuration before running the external engine. It does not bundle or modify M.U.G.E.N/IKEMEN."""""""","""""""
info,honesty-negative,maintenance_core/honesty_claims/honesty_claims_audit.csv,658,"info,honesty-negative,maintenance_core/honesty_claims/honesty_claims_audit.csv,564,""info,honesty-negative,mugenforge/engine_authority.py,463,""""res.add_note(""""""""Validated the configured external engine profile and wrote launch readiness artifacts."""""""")"""""""
info,honesty-negative,maintenance_core/honesty_claims/honesty_claims_audit.csv,659,"info,honesty-negative,maintenance_core/honesty_claims/honesty_claims_audit.csv,565,""info,honesty-negative,mugenforge/engine_authority.py,465,""""res.add_warning(""""""""External engine profile is not fully launch-ready; configure runtime_lab/runtime_config.json."""""""")"""""""
info,honesty-negative,maintenance_core/honesty_claims/honesty_claims_audit.csv,660,"info,honesty-negative,maintenance_core/honesty_claims/honesty_claims_audit.csv,566,""info,honesty-negative,mugenforge/engine_authority.py,517,""""(""""""""warning"""""""", re.compile(r""""""""\b(warn|deprecated|fallback|unsupported)\b"""""""", re.I)),"""""""
high,engine-authority,maintenance_core/honesty_claims/honesty_claims_audit.csv,661,"high,engine-authority,maintenance_core/honesty_claims/honesty_claims_audit.csv,567,""high,engine-authority,mugenforge/engine_authority.py,569,""""""""""""note"""""""": """"""""Certification is local/evidence-based. It means the configured evidence set passed MugenForge checks; it is not an official M.U.G.E.N/IKEMEN guarantee."""""""","""""""
medium,plugin-execution,maintenance_core/honesty_claims/honesty_claims_audit.csv,662,"medium,plugin-execution,maintenance_core/honesty_claims/honesty_claims_audit.csv,568,""medium,plugin-execution,mugenforge/engine_authority.py,651,""""md = [""""""""# Binary Corpus Validator"""""""", """""""""""""""", f""""""""Files tested: **{len(rows)}**"""""""", """""""""""""""", f""""""""Corpus folder: `{corpus}`"""""""", """""""""""""""", """"""""Put third-party test files in `binary_corpus/` and rerun this tool to expand compatibility evidence."""""""", """""""""""""""", """"""""## Status counts"""""""", """"""""""""""""]"""""""
info,honesty-negative,maintenance_core/honesty_claims/honesty_claims_audit.csv,663,"info,honesty-negative,maintenance_core/honesty_claims/honesty_claims_audit.csv,569,""info,honesty-negative,mugenforge/engine_authority.py,710,# Candidate table windows: look for repeated 28-byte rows with plausible group/image/width/height/data offsets."""
info,honesty-negative,maintenance_core/honesty_claims/honesty_claims_audit.csv,664,"info,honesty-negative,maintenance_core/honesty_claims/honesty_claims_audit.csv,570,""info,honesty-negative,mugenforge/engine_authority.py,754,""""res.add_note(""""""""Wrote SFF2 forensic payload/table candidate reports and carved recognizable PNG payloads."""""""")"""""""
info,honesty-negative,maintenance_core/honesty_claims/honesty_claims_audit.csv,665,"info,honesty-negative,maintenance_core/honesty_claims/honesty_claims_audit.csv,571,""info,honesty-negative,mugenforge/engine_authority.py,786,""""""""""""notes"""""""": """"""""Set enabled=yes only after reviewing parser reports and testing candidate in target engine."""""""","""""""
info,honesty-negative,maintenance_core/honesty_claims/honesty_claims_audit.csv,666,"info,honesty-negative,maintenance_core/honesty_claims/honesty_claims_audit.csv,572,""info,honesty-negative,mugenforge/engine_authority.py,790,""""res.add_note(f""""""""Exported {len(rows)} candidate rows for guarded SFF/SND promotion."""""""")"""""""
info,honesty-negative,maintenance_core/honesty_claims/honesty_claims_audit.csv,667,"info,honesty-negative,maintenance_core/honesty_claims/honesty_claims_audit.csv,573,""info,honesty-negative,mugenforge/engine_authority.py,792,""""res.add_warning(""""""""No binary candidate files were found under binary_* or engine_authority outputs."""""""")"""""""
medium,safety-claim,maintenance_core/honesty_claims/honesty_claims_audit.csv,668,"medium,safety-claim,maintenance_core/honesty_claims/honesty_claims_audit.csv,574,""medium,safety-claim,mugenforge/engine_authority.py,798,""""res = AuthorityResult(""""""""Apply Verified Binary Promotions"""""""")"""""""
info,honesty-negative,maintenance_core/honesty_claims/honesty_claims_audit.csv,669,"info,honesty-negative,maintenance_core/honesty_claims/honesty_claims_audit.csv,575,""info,honesty-negative,mugenforge/engine_authority.py,811,""""candidate = (root / str(row.get(""""""""candidate_file"""""""") or """""""""""""""")).resolve()"""""""
info,honesty-negative,maintenance_core/honesty_claims/honesty_claims_audit.csv,670,"info,honesty-negative,maintenance_core/honesty_claims/honesty_claims_audit.csv,576,""info,honesty-negative,mugenforge/engine_authority.py,812,""""kind = str(row.get(""""""""target_kind"""""""") or candidate.suffix.lower().lstrip(""""""""."""""""")).lower().strip()"""""""
info,honesty-negative,maintenance_core/honesty_claims/honesty_claims_audit.csv,671,"info,honesty-negative,maintenance_core/honesty_claims/honesty_claims_audit.csv,577,""info,honesty-negative,mugenforge/engine_authority.py,814,""""res.add_warning(f""""""""Skipped unsupported promotion kind: {kind}"""""""")"""""""
info,honesty-negative,maintenance_core/honesty_claims/honesty_claims_audit.csv,672,"info,honesty-negative,maintenance_core/honesty_claims/honesty_claims_audit.csv,578,""info,honesty-negative,mugenforge/engine_authority.py,816,if not candidate.exists():"""
info,honesty-negative,maintenance_core/honesty_claims/honesty_claims_audit.csv,673,"info,honesty-negative,maintenance_core/honesty_claims/honesty_claims_audit.csv,579,""info,honesty-negative,mugenforge/engine_authority.py,817,""""res.add_warning(f""""""""Candidate does not exist: {candidate}"""""""")"""""""
info,honesty-negative,maintenance_core/honesty_claims/honesty_claims_audit.csv,674,"info,honesty-negative,maintenance_core/honesty_claims/honesty_claims_audit.csv,580,""info,honesty-negative,mugenforge/engine_authority.py,819,# Verify candidate parses before promotion."""
info,honesty-negative,maintenance_core/honesty_claims/honesty_claims_audit.csv,675,"info,honesty-negative,maintenance_core/honesty_claims/honesty_claims_audit.csv,581,""info,honesty-negative,mugenforge/engine_authority.py,823,info = read_sff(candidate)"""
info,honesty-negative,maintenance_core/honesty_claims/honesty_claims_audit.csv,676,"info,honesty-negative,maintenance_core/honesty_claims/honesty_claims_audit.csv,582,""info,honesty-negative,mugenforge/engine_authority.py,826,""""res.add_warning(f""""""""SFF candidate did not parse strongly; skipped: {candidate}"""""""")"""""""
info,honesty-negative,maintenance_core/honesty_claims/honesty_claims_audit.csv,677,"info,honesty-negative,maintenance_core/honesty_claims/honesty_claims_audit.csv,583,""info,honesty-negative,mugenforge/engine_authority.py,829,info = read_snd(candidate)"""
info,honesty-negative,maintenance_core/honesty_claims/honesty_claims_audit.csv,678,"info,honesty-negative,maintenance_core/honesty_claims/honesty_claims_audit.csv,584,""info,honesty-negative,mugenforge/engine_authority.py,832,""""res.add_warning(f""""""""SND candidate did not expose any sounds; skipped: {candidate}"""""""")"""""""
info,honesty-negative,maintenance_core/honesty_claims/honesty_claims_audit.csv,679,"info,honesty-negative,maintenance_core/honesty_claims/honesty_claims_audit.csv,585,""info,honesty-negative,mugenforge/engine_authority.py,835,""""res.add_warning(f""""""""Candidate verification failed for {candidate}: {exc}"""""""")"""""""
info,honesty-negative,maintenance_core/honesty_claims/honesty_claims_audit.csv,680,"info,honesty-negative,maintenance_core/honesty_claims/honesty_claims_audit.csv,586,""info,honesty-negative,mugenforge/engine_authority.py,840,backup = None"""
info,honesty-negative,maintenance_core/honesty_claims/honesty_claims_audit.csv,681,"info,honesty-negative,maintenance_core/honesty_claims/honesty_claims_audit.csv,587,""info,honesty-negative,mugenforge/engine_authority.py,842,""""backup = target.with_name(target.name + f"""""""".bak_engine_authority_{_now()}"""""""")"""""""
info,honesty-negative,maintenance_core/honesty_claims/honesty_claims_audit.csv,682,"info,honesty-negative,maintenance_core/honesty_claims/honesty_claims_audit.csv,588,""info,honesty-negative,mugenforge/engine_authority.py,843,""""shutil.copy2(target, backup)"""""""
info,honesty-negative,maintenance_core/honesty_claims/honesty_claims_audit.csv,683,"info,honesty-negative,maintenance_core/honesty_claims/honesty_claims_audit.csv,589,""info,honesty-negative,mugenforge/engine_authority.py,844,""""res.add_created(root, backup)"""""""
info,honesty-negative,maintenance_core/honesty_claims/honesty_claims_audit.csv,684,"info,honesty-negative,maintenance_core/honesty_claims/honesty_claims_audit.csv,590,""info,honesty-negative,mugenforge/engine_authority.py,846,""""shutil.copy2(candidate, target)"""""""
info,honesty-negative,maintenance_core/honesty_claims/honesty_claims_audit.csv,685,"info,honesty-negative,maintenance_core/honesty_claims/honesty_claims_audit.csv,591,""info,honesty-negative,mugenforge/engine_authority.py,849,""""""""""""candidate"""""""": _rel(root, candidate), """"""""target"""""""": _rel(root, target), """"""""backup"""""""": _rel(root, backup) if backup else """""""""""""""","""""""
info,honesty-negative,maintenance_core/honesty_claims/honesty_claims_audit.csv,686,"info,honesty-negative,maintenance_core/honesty_claims/honesty_claims_audit.csv,592,""info,honesty-negative,mugenforge/engine_authority.py,850,""""""""""""kind"""""""": kind, """"""""candidate_sha256"""""""": _hash_file(candidate), """"""""target_sha256"""""""": _hash_file(target), """"""""verify_status"""""""": verify_status,"""""""
info,honesty-negative,maintenance_core/honesty_claims/honesty_claims_audit.csv,687,"info,honesty-negative,maintenance_core/honesty_claims/honesty_claims_audit.csv,593,""info,honesty-negative,mugenforge/engine_authority.py,855,""""_write_csv(out / f""""""""binary_promotion_apply_log_{_now()}.csv"""""""", applied, [""""""""candidate"""""""", """"""""target"""""""", """"""""backup"""""""", """"""""kind"""""""", """"""""candidate_sha256"""""""", """"""""target_sha256"""""""", """"""""verify_status"""""""", """"""""applied_at""""""""], res, root)"""""""
medium,safety-claim,maintenance_core/honesty_claims/honesty_claims_audit.csv,688,"medium,safety-claim,maintenance_core/honesty_claims/honesty_claims_audit.csv,594,""medium,safety-claim,mugenforge/engine_authority.py,857,""""res.add_note(f""""""""Promoted {len(applied)} verified binary candidate(s) with backups."""""""")"""""""
medium,safety-claim,maintenance_core/honesty_claims/honesty_claims_audit.csv,689,"medium,safety-claim,maintenance_core/honesty_claims/honesty_claims_audit.csv,595,""medium,safety-claim,mugenforge/engine_authority.py,912,""""md = [""""""""# Gameplay Closure Pack"""""""", """""""""""""""", f""""""""Findings: **{len(problems)}**"""""""", """""""""""""""", """"""""This pack moves generated gameplay from loose starter scaffolding toward verified source/runtime tasks. Use the CSV patch plan plus Runtime Evidence Certificate before release."""""""", """"""""""""""""]"""""""
high,engine-authority,maintenance_core/honesty_claims/honesty_claims_audit.csv,690,"high,engine-authority,maintenance_core/honesty_claims/honesty_claims_audit.csv,596,""high,engine-authority,mugenforge/engine_authority.py,975,""""{""""""""former_limitation"""""""": """"""""MugenForge did not emulate/simulate runtime behavior"""""""", """"""""v7_implementation"""""""": """"""""Supported Runtime Model builds a deterministic source-level mirror for common AIR/StateDef/controller timing and reconciles it with real evidence."""""""", """"""""remaining_truth"""""""": """"""""Not a full engine emulator; target engine evidence is s"
info,honesty-negative,maintenance_core/honesty_claims/honesty_claims_audit.csv,691,"info,honesty-negative,maintenance_core/honesty_claims/honesty_claims_audit.csv,597,""info,honesty-negative,mugenforge/engine_authority.py,976,""""{""""""""former_limitation"""""""": """"""""Runtime launcher scripts required manual review"""""""", """"""""v7_implementation"""""""": """"""""External Engine Validator checks configured executable, working directory, scenario sheet, and project DEF before launch."""""""", """"""""remaining_truth"""""""": """"""""Engine command-line flags still vary, but bad local profiles are now caught before la"
high,engine-authority,maintenance_core/honesty_claims/honesty_claims_audit.csv,692,"high,engine-authority,maintenance_core/honesty_claims/honesty_claims_audit.csv,598,""high,engine-authority,mugenforge/engine_authority.py,977,""""{""""""""former_limitation"""""""": """"""""Readiness scores were only evidence aids"""""""", """"""""v7_implementation"""""""": """"""""Runtime Evidence Certificate hashes evidence, reads scenario status, counts errors/fatals, and issues local certification statuses."""""""", """"""""remaining_truth"""""""": """"""""Certification is local/evidence-based, not an official engine guarantee.""""""""},"""""""
medium,safety-claim,maintenance_core/honesty_claims/honesty_claims_audit.csv,693,"medium,safety-claim,maintenance_core/honesty_claims/honesty_claims_audit.csv,599,""medium,safety-claim,mugenforge/engine_authority.py,980,""""{""""""""former_limitation"""""""": """"""""SFF/SND mutation was candidate-only"""""""", """"""""v7_implementation"""""""": """"""""Binary Promotion sheet applies verified candidates into active project files with backups and SHA-256 logs."""""""", """"""""remaining_truth"""""""": """"""""Blind overwrite remains intentionally unavailable.""""""""},"""""""
high,engine-authority,maintenance_core/honesty_claims/honesty_claims_audit.csv,694,"high,engine-authority,maintenance_core/honesty_claims/honesty_claims_audit.csv,600,""high,engine-authority,mugenforge/engine_authority.py,982,""""{""""""""former_limitation"""""""": """"""""Reports/previews were not runtime-authoritative"""""""", """"""""v7_implementation"""""""": """"""""Static/Runtime Reconciler compares modeled states/anims with imported runtime evidence."""""""", """"""""remaining_truth"""""""": """"""""Reports become stronger as evidence coverage improves.""""""""},"""""""
info,honesty-negative,maintenance_core/honesty_claims/honesty_claims_audit.csv,695,"info,honesty-negative,maintenance_core/honesty_claims/honesty_claims_audit.csv,601,""info,honesty-negative,mugenforge/engine_authority.py,991,""""md += [""""""""## Suggested order"""""""", """""""""""""""", """"""""1. Supported Runtime Model"""""""", """"""""2. External Engine Validator"""""""", """"""""3. Runtime Evidence Certificate"""""""", """"""""4. Static/Runtime Reconciler"""""""", """"""""5. Binary Corpus Validator"""""""", """"""""6. SFF2 Forensic Recovery"""""""", """"""""7. Binary Promotion Sheet"""""""", """"""""8. Gameplay Closure Pack"""""""", """"""""""""""""]"""""""
info,honesty-negative,maintenance_core/honesty_claims/honesty_claims_audit.csv,696,"info,honesty-negative,maintenance_core/honesty_claims/honesty_claims_audit.csv,602,""info,honesty-negative,mugenforge/engine_authority.py,1018,""""(""""""""external engine validator"""""""", write_external_engine_validator),"""""""
info,honesty-negative,maintenance_core/honesty_claims/honesty_claims_audit.csv,697,"info,honesty-negative,maintenance_core/honesty_claims/honesty_claims_audit.csv,603,""info,honesty-negative,mugenforge/evidence_core.py,35,""""re.compile(r'\b(warn(?:ing)?|deprecated|skipped|fallback|unsupported)\b', re.I),"""""""
info,honesty-negative,maintenance_core/honesty_claims/honesty_claims_audit.csv,698,"info,honesty-negative,maintenance_core/honesty_claims/honesty_claims_audit.csv,604,""info,honesty-negative,mugenforge/evidence_core.py,232,- create unknown-binary recovery workspaces for unsupported/corrupt files;"""
medium,safety-claim,maintenance_core/honesty_claims/honesty_claims_audit.csv,699,"medium,safety-claim,maintenance_core/honesty_claims/honesty_claims_audit.csv,605,""medium,safety-claim,mugenforge/evidence_core.py,233,- install verified binary/text candidate files with SHA-256 backups and rollback manifests;"""
high,engine-authority,maintenance_core/honesty_claims/honesty_claims_audit.csv,700,"high,engine-authority,maintenance_core/honesty_claims/honesty_claims_audit.csv,606,""high,engine-authority,mugenforge/evidence_core.py,236,""""This does not include an engine and does not pretend to emulate one. Runtime confidence now comes from actual external-engine evidence, not static reports alone."""""""
info,honesty-negative,maintenance_core/honesty_claims/honesty_claims_audit.csv,701,"info,honesty-negative,maintenance_core/honesty_claims/honesty_claims_audit.csv,607,""info,honesty-negative,mugenforge/evidence_core.py,281,""""'Set working_directory to the engine folder if blank cwd does not work.',"""""""
info,honesty-negative,maintenance_core/honesty_claims/honesty_claims_audit.csv,702,"info,honesty-negative,maintenance_core/honesty_claims/honesty_claims_audit.csv,608,""info,honesty-negative,mugenforge/evidence_core.py,320,""""findings.append({'severity': 'blocker', 'field': 'engine_executable', 'message': f'Engine executable does not exist: {engine}'})"""""""
info,honesty-negative,maintenance_core/honesty_claims/honesty_claims_audit.csv,703,"info,honesty-negative,maintenance_core/honesty_claims/honesty_claims_audit.csv,609,""info,honesty-negative,mugenforge/evidence_core.py,407,blocked['reason'] = 'engine_executable is missing or does not exist'"""
info,honesty-negative,maintenance_core/honesty_claims/honesty_claims_audit.csv,704,"info,honesty-negative,maintenance_core/honesty_claims/honesty_claims_audit.csv,610,""info,honesty-negative,mugenforge/evidence_core.py,473,""""add('required_animation', action.number, f'Animation {action.number} displays correctly and does not reference blank/misaligned sprites.', 'manual_playtest')"""""""
info,honesty-negative,maintenance_core/honesty_claims/honesty_claims_audit.csv,705,"info,honesty-negative,maintenance_core/honesty_claims/honesty_claims_audit.csv,611,""info,honesty-negative,mugenforge/evidence_core.py,889,""""md = ['# Unknown Binary Recovery Workspace', '', 'This workspace carves obvious embedded PNG/WAV/PCX-like payloads and writes header hex files for unsupported or corrupt binary review.', '', 'Encrypted or custom-compressed payloads cannot be decoded without their format/key, but they are now quarantined with repeatable evidence instead of silently ignored.',"
medium,safety-claim,maintenance_core/honesty_claims/honesty_claims_audit.csv,706,"medium,safety-claim,maintenance_core/honesty_claims/honesty_claims_audit.csv,612,""medium,safety-claim,mugenforge/evidence_core.py,895,# Verified candidate install and rollback"""
info,honesty-negative,maintenance_core/honesty_claims/honesty_claims_audit.csv,707,"info,honesty-negative,maintenance_core/honesty_claims/honesty_claims_audit.csv,613,""info,honesty-negative,mugenforge/evidence_core.py,931,result = EvidenceCoreResult('Evidence Core Candidate Install Sheet')"""
info,honesty-negative,maintenance_core/honesty_claims/honesty_claims_audit.csv,708,"info,honesty-negative,maintenance_core/honesty_claims/honesty_claims_audit.csv,614,""info,honesty-negative,mugenforge/evidence_core.py,953,""""if not any(word in name_l for word in ['candidate', 'patched', 'rebuilt', 'build', 'workspace_copy', 'output']):"""""""
info,honesty-negative,maintenance_core/honesty_claims/honesty_claims_audit.csv,709,"info,honesty-negative,maintenance_core/honesty_claims/honesty_claims_audit.csv,615,""info,honesty-negative,mugenforge/evidence_core.py,965,""""'notes': 'Set enabled=yes only after inspecting candidate and target. Apply writes SHA-256 backup and rollback manifest.',"""""""
info,honesty-negative,maintenance_core/honesty_claims/honesty_claims_audit.csv,710,"info,honesty-negative,maintenance_core/honesty_claims/honesty_claims_audit.csv,616,""info,honesty-negative,mugenforge/evidence_core.py,970,result.warnings.append('No generated candidate files were found yet.')"""
medium,safety-claim,maintenance_core/honesty_claims/honesty_claims_audit.csv,711,"medium,safety-claim,maintenance_core/honesty_claims/honesty_claims_audit.csv,617,""medium,safety-claim,mugenforge/evidence_core.py,976,result = EvidenceCoreResult('Evidence Core Verified Candidate Install')"""
info,honesty-negative,maintenance_core/honesty_claims/honesty_claims_audit.csv,712,"info,honesty-negative,maintenance_core/honesty_claims/honesty_claims_audit.csv,618,""info,honesty-negative,mugenforge/evidence_core.py,979,""""result.warnings.append(f'Candidate install sheet not found: {_rel(root, sheet)}')"""""""
info,honesty-negative,maintenance_core/honesty_claims/honesty_claims_audit.csv,713,"info,honesty-negative,maintenance_core/honesty_claims/honesty_claims_audit.csv,619,""info,honesty-negative,mugenforge/evidence_core.py,994,""""result.warnings.append(f'Candidate missing: {row.get(""""""""candidate_file"""""""", """""""""""""""")}')"""""""
info,honesty-negative,maintenance_core/honesty_claims/honesty_claims_audit.csv,714,"info,honesty-negative,maintenance_core/honesty_claims/honesty_claims_audit.csv,620,""info,honesty-negative,mugenforge/evidence_core.py,1001,""""result.warnings.append(f'Candidate verifier failed for {_rel(root, cand)}: {detail}')"""""""
medium,safety-claim,maintenance_core/honesty_claims/honesty_claims_audit.csv,715,"medium,safety-claim,maintenance_core/honesty_claims/honesty_claims_audit.csv,621,""medium,safety-claim,mugenforge/evidence_core.py,1026,""""_write_text(root, commit_dir / 'ROLLBACK_INSTRUCTIONS.md', '# Rollback\n\nUse Evidence Core → Rollback Latest Verified Commit, or manually copy files from `backups/` to their `target_file` paths listed in `commit_manifest.json`.', result)"""""""
medium,safety-claim,maintenance_core/honesty_claims/honesty_claims_audit.csv,716,"medium,safety-claim,maintenance_core/honesty_claims/honesty_claims_audit.csv,622,""medium,safety-claim,mugenforge/evidence_core.py,1028,result.notes.append(f'Installed {len(entries)} verified candidate file(s).')"""
medium,safety-claim,maintenance_core/honesty_claims/honesty_claims_audit.csv,717,"medium,safety-claim,maintenance_core/honesty_claims/honesty_claims_audit.csv,623,""medium,safety-claim,mugenforge/evidence_core.py,1034,result = EvidenceCoreResult('Evidence Core Rollback Latest Verified Commit')"""
medium,safety-claim,maintenance_core/honesty_claims/honesty_claims_audit.csv,718,"medium,safety-claim,maintenance_core/honesty_claims/honesty_claims_audit.csv,624,""medium,safety-claim,mugenforge/evidence_core.py,1038,result.warnings.append('No verified commit manifests found.')"""
info,honesty-negative,maintenance_core/honesty_claims/honesty_claims_audit.csv,719,"info,honesty-negative,maintenance_core/honesty_claims/honesty_claims_audit.csv,625,""info,honesty-negative,mugenforge/evidence_core.py,1046,backup = str(entry.get('backup_file') or '')"""
info,honesty-negative,maintenance_core/honesty_claims/honesty_claims_audit.csv,720,"info,honesty-negative,maintenance_core/honesty_claims/honesty_claims_audit.csv,626,""info,honesty-negative,mugenforge/evidence_core.py,1048,if not backup or not target:"""
info,honesty-negative,maintenance_core/honesty_claims/honesty_claims_audit.csv,721,"info,honesty-negative,maintenance_core/honesty_claims/honesty_claims_audit.csv,627,""info,honesty-negative,mugenforge/evidence_core.py,1050,b = (root / backup).resolve()"""
medium,safety-claim,maintenance_core/honesty_claims/honesty_claims_audit.csv,722,"medium,safety-claim,maintenance_core/honesty_claims/honesty_claims_audit.csv,628,""medium,safety-claim,mugenforge/evidence_core.py,1059,result.notes.append(f'Restored {restored} file(s) from latest verified commit backup.')"""
info,honesty-negative,maintenance_core/honesty_claims/honesty_claims_audit.csv,723,"info,honesty-negative,maintenance_core/honesty_claims/honesty_claims_audit.csv,629,""info,honesty-negative,mugenforge/evidence_core.py,1189,""""('candidate install sheet', export_candidate_install_sheet),"""""""
info,honesty-negative,maintenance_core/honesty_claims/honesty_claims_audit.csv,724,"info,honesty-negative,maintenance_core/honesty_claims/honesty_claims_audit.csv,630,""info,honesty-negative,mugenforge/evidence_core.py,1230,""""""""""""""""""""""""""""Validate and run a dry profile probe. This does not launch a match unless the profile arguments do so."""""""""""""""""""""""""""""""
info,honesty-negative,maintenance_core/honesty_claims/honesty_claims_audit.csv,725,"info,honesty-negative,maintenance_core/honesty_claims/honesty_claims_audit.csv,631,""info,honesty-negative,mugenforge/evidence_core.py,1465,""""""""""""""""""""""""""""UI compatibility alias for ingesting external engine evidence."""""""""""""""""""""""""""""""
info,honesty-negative,maintenance_core/honesty_claims/honesty_claims_audit.csv,726,"info,honesty-negative,maintenance_core/honesty_claims/honesty_claims_audit.csv,632,""info,honesty-negative,mugenforge/factory_max.py,74,""""backup = path.with_name(path.name + f"""""""".bak_{_now()}"""""""")"""""""
info,honesty-negative,maintenance_core/honesty_claims/honesty_claims_audit.csv,727,"info,honesty-negative,maintenance_core/honesty_claims/honesty_claims_audit.csv,633,""info,honesty-negative,mugenforge/factory_max.py,75,backup.write_bytes(path.read_bytes())"""
info,honesty-negative,maintenance_core/honesty_claims/honesty_claims_audit.csv,728,"info,honesty-negative,maintenance_core/honesty_claims/honesty_claims_audit.csv,634,""info,honesty-negative,mugenforge/factory_max.py,76,return backup"""
medium,safety-claim,maintenance_core/honesty_claims/honesty_claims_audit.csv,729,"medium,safety-claim,maintenance_core/honesty_claims/honesty_claims_audit.csv,635,""medium,safety-claim,mugenforge/factory_max.py,258,""""""""""""ChangeState safe return"""""""": {"""""""
medium,safety-claim,maintenance_core/honesty_claims/honesty_claims_audit.csv,730,"medium,safety-claim,maintenance_core/honesty_claims/honesty_claims_audit.csv,636,""medium,safety-claim,mugenforge/factory_max.py,297,""""lines = [""""""""# MugenForge CodeSense Bank"""""""", """""""""""""""", """"""""Common controllers/triggers/snippets for safe M.U.G.E.N authoring."""""""", """""""""""""""", """"""""## Controllers"""""""", """"""""""""""""]"""""""
medium,safety-claim,maintenance_core/honesty_claims/honesty_claims_audit.csv,731,"medium,safety-claim,maintenance_core/honesty_claims/honesty_claims_audit.csv,637,""medium,safety-claim,mugenforge/factory_max.py,544,""""safe = re.sub(r""""""""[^A-Za-z0-9_\-]+"""""""", """"""""_"""""""", name).strip(""""""""_"""""""") or """"""""intro"""""""""""""""
medium,safety-claim,maintenance_core/honesty_claims/honesty_claims_audit.csv,732,"medium,safety-claim,maintenance_core/honesty_claims/honesty_claims_audit.csv,638,""medium,safety-claim,mugenforge/factory_max.py,547,""""def_path = folder / f""""""""{safe}.def"""""""""""""""
medium,safety-claim,maintenance_core/honesty_claims/honesty_claims_audit.csv,733,"medium,safety-claim,maintenance_core/honesty_claims/honesty_claims_audit.csv,639,""medium,safety-claim,mugenforge/factory_max.py,551,spr = {safe}.sff"""
high,binary-fullness,maintenance_core/honesty_claims/honesty_claims_audit.csv,734,"high,binary-fullness,maintenance_core/honesty_claims/honesty_claims_audit.csv,640,""high,binary-fullness,mugenforge/factory_max.py,611,""""result.notes.append(""""""""Starter screenpack text only. Full motif editing still requires art/SFF/SND replacement."""""""")"""""""
medium,safety-claim,maintenance_core/honesty_claims/honesty_claims_audit.csv,735,"medium,safety-claim,maintenance_core/honesty_claims/honesty_claims_audit.csv,641,""medium,safety-claim,mugenforge/factory_max.py,663,""""""""""""- One safe poke, one anti-air, one punish, one movement option, one pressure option."""""""","""""""
medium,safety-claim,maintenance_core/honesty_claims/honesty_claims_audit.csv,736,"medium,safety-claim,maintenance_core/honesty_claims/honesty_claims_audit.csv,642,""medium,safety-claim,mugenforge/factory_max.py,679,""""result = MaxResult(""""""""Factory Max Safe Project Import"""""""")"""""""
info,honesty-negative,maintenance_core/honesty_claims/honesty_claims_audit.csv,737,"info,honesty-negative,maintenance_core/honesty_claims/honesty_claims_audit.csv,643,""info,honesty-negative,mugenforge/factory_max.py,681,""""result.warnings.append(""""""""Source project folder does not exist."""""""")"""""""
medium,safety-claim,maintenance_core/honesty_claims/honesty_claims_audit.csv,738,"medium,safety-claim,maintenance_core/honesty_claims/honesty_claims_audit.csv,644,""medium,safety-claim,mugenforge/factory_max.py,705,""""""""""""note"""""""": """"""""Safe import copies assets/code into an imports folder first. Merge manually or use Feature Bank to recreate behavior safely."""""""","""""""
medium,fighter-factory-reference,maintenance_core/honesty_claims/honesty_claims_audit.csv,739,"medium,fighter-factory-reference,maintenance_core/honesty_claims/honesty_claims_audit.csv,645,""medium,fighter-factory-reference,mugenforge/factory_max.py,744,""""""""""""FF+ Fighter Factory-Style Essentials"""""""","""""""
info,honesty-negative,maintenance_core/honesty_claims/honesty_claims_audit.csv,740,"info,honesty-negative,maintenance_core/honesty_claims/honesty_claims_audit.csv,646,""info,honesty-negative,mugenforge/factory_plus.py,87,""""backup = path.with_suffix(path.suffix + f"""""""".bak_{datetime.now().strftime('%Y%m%d_%H%M%S')}"""""""")"""""""
info,honesty-negative,maintenance_core/honesty_claims/honesty_claims_audit.csv,741,"info,honesty-negative,maintenance_core/honesty_claims/honesty_claims_audit.csv,647,""info,honesty-negative,mugenforge/factory_plus.py,88,backup.write_bytes(path.read_bytes())"""
info,honesty-negative,maintenance_core/honesty_claims/honesty_claims_audit.csv,742,"info,honesty-negative,maintenance_core/honesty_claims/honesty_claims_audit.csv,648,""info,honesty-negative,mugenforge/factory_plus.py,89,return backup"""
info,honesty-negative,maintenance_core/honesty_claims/honesty_claims_audit.csv,743,"info,honesty-negative,maintenance_core/honesty_claims/honesty_claims_audit.csv,649,""info,honesty-negative,mugenforge/factory_plus.py,143,""""result.notes.append(f""""""""Backup written: {b.name}"""""""")"""""""
medium,safety-claim,maintenance_core/honesty_claims/honesty_claims_audit.csv,744,"medium,safety-claim,maintenance_core/honesty_claims/honesty_claims_audit.csv,650,""medium,safety-claim,mugenforge/factory_plus.py,185,""""block_lines = ["""""""""""""""", """"""""; MugenForge Factory+ Required Animation Repair"""""""", """"""""; These are safe placeholder actions. Replace art and adjust boxes visually."""""""", """"""""""""""""]"""""""
info,honesty-negative,maintenance_core/honesty_claims/honesty_claims_audit.csv,745,"info,honesty-negative,maintenance_core/honesty_claims/honesty_claims_audit.csv,651,""info,honesty-negative,mugenforge/factory_plus.py,260,""""result.notes.append(f""""""""Backup written: {b.name}"""""""")"""""""
info,honesty-negative,maintenance_core/honesty_claims/honesty_claims_audit.csv,746,"info,honesty-negative,maintenance_core/honesty_claims/honesty_claims_audit.csv,652,""info,honesty-negative,mugenforge/factory_plus.py,297,""""result.warnings.append(f""""""""Sprite source folder does not exist: {source_folder}"""""""")"""""""
info,honesty-negative,maintenance_core/honesty_claims/honesty_claims_audit.csv,747,"info,honesty-negative,maintenance_core/honesty_claims/honesty_claims_audit.csv,653,""info,honesty-negative,mugenforge/factory_plus.py,334,""""result.notes.append(f""""""""Backup written: {b.name}"""""""")"""""""
high,binary-fullness,maintenance_core/honesty_claims/honesty_claims_audit.csv,748,"high,binary-fullness,maintenance_core/honesty_claims/honesty_claims_audit.csv,654,""high,binary-fullness,mugenforge/factory_plus.py,613,""""lines.append(""""""""Run **Factory+ Smart Complete / Repair** first. It creates/repairs structure, common animations, placeholder SFF/SND, and beginner docs."""""""")"""""""
info,honesty-negative,maintenance_core/honesty_claims/honesty_claims_audit.csv,749,"info,honesty-negative,maintenance_core/honesty_claims/honesty_claims_audit.csv,655,""info,honesty-negative,mugenforge/factory_plus.py,745,""""result.notes.append(f""""""""Backup written: {b.name}"""""""")"""""""
info,honesty-negative,maintenance_core/honesty_claims/honesty_claims_audit.csv,750,"info,honesty-negative,maintenance_core/honesty_claims/honesty_claims_audit.csv,656,""info,honesty-negative,mugenforge/factory_plus.py,756,""""result.notes.append(""""""""Smart Complete does not replace finished art. It creates a safer scaffold and gives plain-English next steps."""""""")"""""""
info,honesty-negative,maintenance_core/honesty_claims/honesty_claims_audit.csv,751,"info,honesty-negative,maintenance_core/honesty_claims/honesty_claims_audit.csv,657,""info,honesty-negative,mugenforge/factory_plus.py,790,# Compatibility helpers for experimental Factory+/Forge+ UI hooks."""
info,honesty-negative,maintenance_core/honesty_claims/honesty_claims_audit.csv,752,"info,honesty-negative,maintenance_core/honesty_claims/honesty_claims_audit.csv,658,""info,honesty-negative,mugenforge/factory_ultra.py,79,""""backup = path.with_name(path.name + f"""""""".bak_{_now()}"""""""")"""""""
info,honesty-negative,maintenance_core/honesty_claims/honesty_claims_audit.csv,753,"info,honesty-negative,maintenance_core/honesty_claims/honesty_claims_audit.csv,659,""info,honesty-negative,mugenforge/factory_ultra.py,80,backup.write_bytes(path.read_bytes())"""
info,honesty-negative,maintenance_core/honesty_claims/honesty_claims_audit.csv,754,"info,honesty-negative,maintenance_core/honesty_claims/honesty_claims_audit.csv,660,""info,honesty-negative,mugenforge/factory_ultra.py,81,return backup"""
medium,safety-claim,maintenance_core/honesty_claims/honesty_claims_audit.csv,755,"medium,safety-claim,maintenance_core/honesty_claims/honesty_claims_audit.csv,661,""medium,safety-claim,mugenforge/factory_ultra.py,357,""""lines += ["""""""""""""""", """"""""## Tuning rules"""""""", """""""""""""""", """"""""- Fast normals should usually be lower damage than slow/heavy moves."""""""", """"""""- Projectiles need recovery or positioning risk."""""""", """"""""- Supers can be high damage, but should cost meter or have clear startup."""""""", """"""""- If a move is safe, fast, long-range, and high damage, it is doing too much.""""""""]"""""""
info,honesty-negative,maintenance_core/honesty_claims/honesty_claims_audit.csv,756,"info,honesty-negative,maintenance_core/honesty_claims/honesty_claims_audit.csv,662,""info,honesty-negative,mugenforge/factory_ultra.py,720,""""lines = [""""""""# Factory Ultra AI Tuning Lab"""""""", """""""""""""""", """"""""Beginner-readable AI move weighting sheet. This does not force AI code; it gives you tuning notes."""""""", """""""""""""""", """"""""| State | Anim | Range | Easy | Normal | Hard |"""""""", """"""""|---:|---:|---|---:|---:|---:|""""""""]"""""""
medium,safety-claim,maintenance_core/honesty_claims/honesty_claims_audit.csv,757,"medium,safety-claim,maintenance_core/honesty_claims/honesty_claims_audit.csv,663,""medium,safety-claim,mugenforge/factory_ultra.py,912,""""safe = re.sub(r""""""""[^A-Za-z0-9_\-]+"""""""", """"""""_"""""""", str(variant_name)).strip(""""""""_"""""""") or f""""""""{root.name}_variant"""""""""""""""
medium,safety-claim,maintenance_core/honesty_claims/honesty_claims_audit.csv,758,"medium,safety-claim,maintenance_core/honesty_claims/honesty_claims_audit.csv,664,""medium,safety-claim,mugenforge/factory_ultra.py,913,dest = root.parent / safe"""
medium,safety-claim,maintenance_core/honesty_claims/honesty_claims_audit.csv,759,"medium,safety-claim,maintenance_core/honesty_claims/honesty_claims_audit.csv,665,""medium,safety-claim,mugenforge/factory_ultra.py,915,""""dest = root.parent / f""""""""{safe}_{_now()}"""""""""""""""
medium,safety-claim,maintenance_core/honesty_claims/honesty_claims_audit.csv,760,"medium,safety-claim,maintenance_core/honesty_claims/honesty_claims_audit.csv,666,""medium,safety-claim,mugenforge/factory_ultra.py,922,""""new_def = dest / f""""""""{safe}.def"""""""""""""""
medium,safety-claim,maintenance_core/honesty_claims/honesty_claims_audit.csv,761,"medium,safety-claim,maintenance_core/honesty_claims/honesty_claims_audit.csv,667,""medium,safety-claim,mugenforge/factory_ultra.py,927,""""text = f""""""""[Info]\nname = \""""""""{safe}\""""""""\ndisplayname = \""""""""{variant_name}\""""""""\n\n"""""""" + text"""""""
medium,safety-claim,maintenance_core/honesty_claims/honesty_claims_audit.csv,762,"medium,safety-claim,maintenance_core/honesty_claims/honesty_claims_audit.csv,668,""medium,safety-claim,mugenforge/factory_ultra.py,930,""""text = re.sub(r""""""""^(\s*name\s*=\s*).*$"""""""", rf""""""""\1\""""""""{safe}\"""""""""""""""", text, count=1, flags=re.I | re.M)"""""""
medium,safety-claim,maintenance_core/honesty_claims/honesty_claims_audit.csv,763,"medium,safety-claim,maintenance_core/honesty_claims/honesty_claims_audit.csv,669,""medium,safety-claim,mugenforge/forge_beyond.py,342,safe = _safe_name(new_name or archive_path.stem)"""
medium,safety-claim,maintenance_core/honesty_claims/honesty_claims_audit.csv,764,"medium,safety-claim,maintenance_core/honesty_claims/honesty_claims_audit.csv,670,""medium,safety-claim,mugenforge/forge_beyond.py,343,dest = destination_parent / safe"""
medium,safety-claim,maintenance_core/honesty_claims/honesty_claims_audit.csv,765,"medium,safety-claim,maintenance_core/honesty_claims/honesty_claims_audit.csv,671,""medium,safety-claim,mugenforge/forge_beyond.py,345,""""dest = destination_parent / f""""""""{safe}_{_timestamp()}"""""""""""""""
high,binary-fullness,maintenance_core/honesty_claims/honesty_claims_audit.csv,766,"high,binary-fullness,maintenance_core/honesty_claims/honesty_claims_audit.csv,672,""high,binary-fullness,mugenforge/forge_beyond.py,426,""""{""""""""capability"""""""": """"""""Sprite image editor"""""""", """"""""coverage"""""""": """"""""Source-image trim, resize, mirror, quantize, canvas pad, batch conversion"""""""", """"""""status"""""""": """"""""Implemented source-based"""""""", """"""""honest_notes"""""""": """"""""Does not mutate arbitrary SFF2 binaries in place""""""""},"""""""
info,honesty-negative,maintenance_core/honesty_claims/honesty_claims_audit.csv,767,"info,honesty-negative,maintenance_core/honesty_claims/honesty_claims_audit.csv,673,""info,honesty-negative,mugenforge/forge_beyond.py,436,""""{""""""""capability"""""""": """"""""Variable usage map"""""""", """"""""coverage"""""""": """"""""var/fvar/sysvar reference CSVs"""""""", """"""""status"""""""": """"""""Implemented"""""""", """"""""honest_notes"""""""": """"""""Helps avoid collisions; does not evaluate expressions""""""""},"""""""
medium,safety-claim,maintenance_core/honesty_claims/honesty_claims_audit.csv,768,"medium,safety-claim,maintenance_core/honesty_claims/honesty_claims_audit.csv,674,""medium,safety-claim,mugenforge/forge_beyond.py,440,""""{""""""""capability"""""""": """"""""Plugins/templates"""""""", """"""""coverage"""""""": """"""""Safe JSON/data manifests, macro packs, no-code template foundation"""""""", """"""""status"""""""": """"""""Implemented foundation"""""""", """"""""honest_notes"""""""": """"""""Does not auto-run arbitrary downloaded Python""""""""},"""""""
high,binary-fullness,maintenance_core/honesty_claims/honesty_claims_audit.csv,769,"high,binary-fullness,maintenance_core/honesty_claims/honesty_claims_audit.csv,675,""high,binary-fullness,mugenforge/forge_beyond.py,441,""""{""""""""capability"""""""": """"""""Full arbitrary SFF2 rebuild/edit"""""""", """"""""coverage"""""""": """"""""Source-pack bridge via external tools"""""""", """"""""status"""""""": """"""""Not implemented"""""""", """"""""honest_notes"""""""": """"""""Explicit limitation retained""""""""},"""""""
medium,fighter-factory-reference,maintenance_core/honesty_claims/honesty_claims_audit.csv,770,"medium,fighter-factory-reference,maintenance_core/honesty_claims/honesty_claims_audit.csv,676,""medium,fighter-factory-reference,mugenforge/forge_beyond.py,446,""""""""""""This matrix is a clean-room feature implementation ledger. It does not use or reproduce proprietary Fighter Factory/VirtualTek code, assets, or private logic."""""""","""""""
medium,safety-claim,maintenance_core/honesty_claims/honesty_claims_audit.csv,771,"medium,safety-claim,maintenance_core/honesty_claims/honesty_claims_audit.csv,677,""medium,safety-claim,mugenforge/forge_beyond.py,457,""""""""""""MugenForge goes beyond a raw asset/code editor by turning production work into beginner-safe, no-code passes: dashboards, task boards, tuning sheets, move composers, migration reports, backup snapshots, release checks, artist/sound handoff packs, and source-based SFF2 projects."""""""","""""""
medium,fighter-factory-reference,maintenance_core/honesty_claims/honesty_claims_audit.csv,772,"medium,fighter-factory-reference,maintenance_core/honesty_claims/honesty_claims_audit.csv,678,""medium,fighter-factory-reference,mugenforge/forge_beyond.py,461,""""""""""""- No proprietary Fighter Factory/VirtualTek source, assets, or private implementation logic are used."""""""","""""""
high,binary-fullness,maintenance_core/honesty_claims/honesty_claims_audit.csv,773,"high,binary-fullness,maintenance_core/honesty_claims/honesty_claims_audit.csv,679,""high,binary-fullness,mugenforge/forge_beyond.py,462,""""""""""""- Full arbitrary mature SFF v2 extraction/rebuild/editing is still not implemented."""""""","""""""
high,engine-authority,maintenance_core/honesty_claims/honesty_claims_audit.csv,774,"high,engine-authority,maintenance_core/honesty_claims/honesty_claims_audit.csv,680,""high,engine-authority,mugenforge/forge_beyond.py,464,""""""""""""- Frame data, balance, animation, and debug reports are creator aids, not engine-authoritative truth."""""""","""""""
medium,safety-claim,maintenance_core/honesty_claims/honesty_claims_audit.csv,775,"medium,safety-claim,maintenance_core/honesty_claims/honesty_claims_audit.csv,681,""medium,safety-claim,mugenforge/forge_beyond.py,863,""""result = ForgeBeyondResult(""""""""Forge Beyond Safe Macro Pack"""""""")"""""""
info,honesty-negative,maintenance_core/honesty_claims/honesty_claims_audit.csv,776,"info,honesty-negative,maintenance_core/honesty_claims/honesty_claims_audit.csv,682,""info,honesty-negative,mugenforge/forge_beyond.py,869,""""{""""""""id"""""""": """"""""generate_index"""""""", """"""""label"""""""": """"""""Generate project index"""""""", """"""""description"""""""": """"""""Writes reports; does not mutate gameplay files.""""""""},"""""""
medium,safety-claim,maintenance_core/honesty_claims/honesty_claims_audit.csv,777,"medium,safety-claim,maintenance_core/honesty_claims/honesty_claims_audit.csv,683,""medium,safety-claim,mugenforge/forge_beyond.py,875,""""_write_text(root, out / """"""""README.md"""""""", """"""""# Forge Beyond Safe Macro Pack\n\nData-only macros. MugenForge does not auto-run arbitrary downloaded code."""""""", result)"""""""
medium,plugin-execution,maintenance_core/honesty_claims/honesty_claims_audit.csv,778,"medium,plugin-execution,maintenance_core/honesty_claims/honesty_claims_audit.csv,684,""medium,plugin-execution,mugenforge/forge_beyond.py,881,""""result = ForgeBeyondResult(""""""""Forge Beyond Template / Plugin Foundation"""""""")"""""""
medium,safety-claim,maintenance_core/honesty_claims/honesty_claims_audit.csv,779,"medium,safety-claim,maintenance_core/honesty_claims/honesty_claims_audit.csv,685,""medium,safety-claim,mugenforge/forge_beyond.py,886,""""result.merge(install_safe_macro_pack(root), """"""""safe macros"""""""")"""""""
high,binary-fullness,maintenance_core/honesty_claims/honesty_claims_audit.csv,780,"high,binary-fullness,maintenance_core/honesty_claims/honesty_claims_audit.csv,686,""high,binary-fullness,mugenforge/forge_beyond.py,888,""""manifest = {""""""""schema"""""""": """"""""mugenforge.forge_beyond.templates.v1"""""""", """"""""version"""""""": FORGE_BEYOND_VERSION, """"""""execution_model"""""""": """"""""declarative-first"""""""", """"""""safe_policy"""""""": [""""""""Preview generated changes before applying."""""""", """"""""Back up files before mutation."""""""", """"""""Do not auto-run arbitrary downloaded Python code."""""""", """"""""Keep SFF2 rebuild wor"
medium,plugin-execution,maintenance_core/honesty_claims/honesty_claims_audit.csv,781,"medium,plugin-execution,maintenance_core/honesty_claims/honesty_claims_audit.csv,687,""medium,plugin-execution,mugenforge/forge_beyond.py,890,""""_write_text(root, out / """"""""README.md"""""""", """"""""# Forge Beyond Template / Plugin Foundation\n\nDeclarative templates and macros for no-code expansion. Arbitrary downloaded Python plugins are not auto-executed."""""""", result)"""""""
medium,plugin-execution,maintenance_core/honesty_claims/honesty_claims_audit.csv,782,"medium,plugin-execution,maintenance_core/honesty_claims/honesty_claims_audit.csv,688,""medium,plugin-execution,mugenforge/forge_beyond.py,891,""""result.notes.append(""""""""Template/plugin foundation installed with metadata-first safety rules."""""""")"""""""
info,honesty-negative,maintenance_core/honesty_claims/honesty_claims_audit.csv,783,"info,honesty-negative,maintenance_core/honesty_claims/honesty_claims_audit.csv,689,""info,honesty-negative,mugenforge/forge_beyond.py,1013,""""result.merge(create_backup_snapshot(root), """"""""backup snapshot"""""""")"""""""
medium,plugin-execution,maintenance_core/honesty_claims/honesty_claims_audit.csv,784,"medium,plugin-execution,maintenance_core/honesty_claims/honesty_claims_audit.csv,690,""medium,plugin-execution,mugenforge/forge_beyond.py,1024,""""(""""""""template/plugin foundation"""""""", write_template_plugin_foundation),"""""""
info,honesty-negative,maintenance_core/honesty_claims/honesty_claims_audit.csv,785,"info,honesty-negative,maintenance_core/honesty_claims/honesty_claims_audit.csv,691,""info,honesty-negative,mugenforge/forge_beyond.py,1043,""""""""""""3. Edit command/AIR batch CSVs only after making a backup."""""""","""""""
high,binary-fullness,maintenance_core/honesty_claims/honesty_claims_audit.csv,786,"high,binary-fullness,maintenance_core/honesty_claims/honesty_claims_audit.csv,692,""high,binary-fullness,mugenforge/forge_beyond.py,1049,""""""""""""- Full arbitrary mature SFF v2 extraction/rebuild is not implemented."""""""","""""""
high,engine-authority,maintenance_core/honesty_claims/honesty_claims_audit.csv,787,"high,engine-authority,maintenance_core/honesty_claims/honesty_claims_audit.csv,693,""high,engine-authority,mugenforge/forge_beyond.py,1052,""""""""""""- Frame/balance reports are estimates, not engine-authoritative."""""""","""""""
medium,plugin-execution,maintenance_core/honesty_claims/honesty_claims_audit.csv,788,"medium,plugin-execution,maintenance_core/honesty_claims/honesty_claims_audit.csv,694,""medium,plugin-execution,mugenforge/forge_beyond.py,1053,""""""""""""- Third-party plugin execution remains disabled by default."""""""","""""""
medium,plugin-execution,maintenance_core/honesty_claims/honesty_claims_audit.csv,789,"medium,plugin-execution,maintenance_core/honesty_claims/honesty_claims_audit.csv,695,""medium,plugin-execution,mugenforge/forge_beyond.py,1068,""""{""""""""area"""""""": """"""""Templates/plugins"""""""", """"""""status"""""""": """"""""data-first foundation"""""""", """"""""where"""""""": """"""""Forge Beyond Template / Plugin Foundation""""""""},"""""""
high,binary-fullness,maintenance_core/honesty_claims/honesty_claims_audit.csv,790,"high,binary-fullness,maintenance_core/honesty_claims/honesty_claims_audit.csv,696,""high,binary-fullness,mugenforge/forge_beyond.py,1087,""""Honest boundaries remain: no proprietary source/assets, no arbitrary mature SFF2 binary rewrite claim, and gameplay scaffolds require M.U.G.E.N playtesting."""""""
high,binary-fullness,maintenance_core/honesty_claims/honesty_claims_audit.csv,791,"high,binary-fullness,maintenance_core/honesty_claims/honesty_claims_audit.csv,697,""high,binary-fullness,mugenforge/forge_flow.py,369,""""""""""""- v4.5 improves visual source-driven workflows; it does not add arbitrary mature SFF v2 binary editing/rebuilding."""""""","""""""
high,engine-authority,maintenance_core/honesty_claims/honesty_claims_audit.csv,792,"high,engine-authority,maintenance_core/honesty_claims/honesty_claims_audit.csv,698,""high,engine-authority,mugenforge/forge_flow.py,370,""""""""""""- Timeline and state reports are source-analysis aids, not engine-authoritative runtime telemetry."""""""","""""""
high,binary-fullness,maintenance_core/honesty_claims/honesty_claims_audit.csv,793,"high,binary-fullness,maintenance_core/honesty_claims/honesty_claims_audit.csv,699,""high,binary-fullness,mugenforge/forge_flow.py,385,<div class='card'><h2>Limits kept honest</h2><p>Reports and previews are source-analysis aids. Full arbitrary mature SFF v2 binary editing/rebuilding remains outside this release.</p></div>"""
high,engine-authority,maintenance_core/honesty_claims/honesty_claims_audit.csv,794,"high,engine-authority,maintenance_core/honesty_claims/honesty_claims_audit.csv,700,""high,engine-authority,mugenforge/forge_flow.py,519,""""""""""""honest_limit"""""""": """"""""This is a source-code/AIR timeline model. It is not engine-authoritative runtime telemetry."""""""","""""""
info,honesty-negative,maintenance_core/honesty_claims/honesty_claims_audit.csv,795,"info,honesty-negative,maintenance_core/honesty_claims/honesty_claims_audit.csv,701,""info,honesty-negative,mugenforge/forge_flow.py,629,""""backup = _backup_file(root, air_path, """"""""move_flow_air_apply"""""""")"""""""
info,honesty-negative,maintenance_core/honesty_claims/honesty_claims_audit.csv,796,"info,honesty-negative,maintenance_core/honesty_claims/honesty_claims_audit.csv,702,""info,honesty-negative,mugenforge/forge_flow.py,632,if backup:"""
info,honesty-negative,maintenance_core/honesty_claims/honesty_claims_audit.csv,797,"info,honesty-negative,maintenance_core/honesty_claims/honesty_claims_audit.csv,703,""info,honesty-negative,mugenforge/forge_flow.py,633,""""result.notes.append(f""""""""Backup written: {_rel(root, backup)}"""""""")"""""""
info,honesty-negative,maintenance_core/honesty_claims/honesty_claims_audit.csv,798,"info,honesty-negative,maintenance_core/honesty_claims/honesty_claims_audit.csv,704,""info,honesty-negative,mugenforge/forge_flow.py,662,""""backup = _backup_file(root, path, """"""""move_flow_playsnd_apply"""""""")"""""""
info,honesty-negative,maintenance_core/honesty_claims/honesty_claims_audit.csv,799,"info,honesty-negative,maintenance_core/honesty_claims/honesty_claims_audit.csv,705,""info,honesty-negative,mugenforge/forge_flow.py,664,if backup:"""
info,honesty-negative,maintenance_core/honesty_claims/honesty_claims_audit.csv,800,"info,honesty-negative,maintenance_core/honesty_claims/honesty_claims_audit.csv,706,""info,honesty-negative,mugenforge/forge_flow.py,665,""""result.notes.append(f""""""""Backup written: {_rel(root, backup)}"""""""")"""""""
info,honesty-negative,maintenance_core/honesty_claims/honesty_claims_audit.csv,801,"info,honesty-negative,maintenance_core/honesty_claims/honesty_claims_audit.csv,707,""info,honesty-negative,mugenforge/forge_flow.py,868,""""backup = _backup_file(root, path, """"""""state_flow_apply"""""""")"""""""
info,honesty-negative,maintenance_core/honesty_claims/honesty_claims_audit.csv,802,"info,honesty-negative,maintenance_core/honesty_claims/honesty_claims_audit.csv,708,""info,honesty-negative,mugenforge/forge_flow.py,871,if backup:"""
info,honesty-negative,maintenance_core/honesty_claims/honesty_claims_audit.csv,803,"info,honesty-negative,maintenance_core/honesty_claims/honesty_claims_audit.csv,709,""info,honesty-negative,mugenforge/forge_flow.py,872,""""result.notes.append(f""""""""Backup written: {_rel(root, backup)}"""""""")"""""""
info,honesty-negative,maintenance_core/honesty_claims/honesty_claims_audit.csv,804,"info,honesty-negative,maintenance_core/honesty_claims/honesty_claims_audit.csv,710,""info,honesty-negative,mugenforge/forge_flow.py,956,""""result.notes.append(""""""""Palette Studio uses ACT files and source-image previews. It does not mutate SFF palettes directly."""""""")"""""""
info,honesty-negative,maintenance_core/honesty_claims/honesty_claims_audit.csv,805,"info,honesty-negative,maintenance_core/honesty_claims/honesty_claims_audit.csv,711,""info,honesty-negative,mugenforge/forge_flow.py,980,""""backup = _backup_file(root, out, """"""""palette_apply"""""""")"""""""
info,honesty-negative,maintenance_core/honesty_claims/honesty_claims_audit.csv,806,"info,honesty-negative,maintenance_core/honesty_claims/honesty_claims_audit.csv,712,""info,honesty-negative,mugenforge/forge_flow.py,981,if backup:"""
info,honesty-negative,maintenance_core/honesty_claims/honesty_claims_audit.csv,807,"info,honesty-negative,maintenance_core/honesty_claims/honesty_claims_audit.csv,713,""info,honesty-negative,mugenforge/forge_flow.py,982,""""result.notes.append(f""""""""Backup written: {_rel(root, backup)}"""""""")"""""""
info,honesty-negative,maintenance_core/honesty_claims/honesty_claims_audit.csv,808,"info,honesty-negative,maintenance_core/honesty_claims/honesty_claims_audit.csv,714,""info,honesty-negative,mugenforge/forge_flow.py,1115,""""backup = _backup_file(root, path, """"""""stage_flow_apply"""""""")"""""""
info,honesty-negative,maintenance_core/honesty_claims/honesty_claims_audit.csv,809,"info,honesty-negative,maintenance_core/honesty_claims/honesty_claims_audit.csv,715,""info,honesty-negative,mugenforge/forge_flow.py,1118,if backup:"""
info,honesty-negative,maintenance_core/honesty_claims/honesty_claims_audit.csv,810,"info,honesty-negative,maintenance_core/honesty_claims/honesty_claims_audit.csv,716,""info,honesty-negative,mugenforge/forge_flow.py,1119,""""result.notes.append(f""""""""Backup written: {_rel(root, backup)}"""""""")"""""""
high,binary-fullness,maintenance_core/honesty_claims/honesty_claims_audit.csv,811,"high,binary-fullness,maintenance_core/honesty_claims/honesty_claims_audit.csv,717,""high,binary-fullness,mugenforge/forge_polish.py,257,""""] + [f""""""""- [ ] {step}"""""""" for step in next_steps] + ["""""""""""""""", """"""""## Honest limits"""""""", """""""""""""""", """"""""- Full arbitrary mature SFF v2 binary extraction/rebuild/mutation is still not implemented."""""""", """"""""- Reports are source-analysis aids, not engine-authoritative runtime telemetry.""""""""]"""""""
info,honesty-negative,maintenance_core/honesty_claims/honesty_claims_audit.csv,812,"info,honesty-negative,maintenance_core/honesty_claims/honesty_claims_audit.csv,719,""info,honesty-negative,mugenforge/forge_polish.py,442,""""_write_text(root, _out(root, """"""""sheet_validation"""""""") / """"""""SOUND_CUE_SHEET_GUIDE.md"""""""", """"""""# Editable Sound Cue Sheet\n\nOnly rows with `action=add` and `enabled=yes` are applied. Applying inserts text-code `PlaySnd` controllers with backups. This does not mutate SND binary banks."""""""", result)"""""""
info,honesty-negative,maintenance_core/honesty_claims/honesty_claims_audit.csv,813,"info,honesty-negative,maintenance_core/honesty_claims/honesty_claims_audit.csv,720,""info,honesty-negative,mugenforge/forge_polish.py,505,""""backup = _backup_text_file(root, path, """"""""sound_cue_sheet"""""""")"""""""
info,honesty-negative,maintenance_core/honesty_claims/honesty_claims_audit.csv,814,"info,honesty-negative,maintenance_core/honesty_claims/honesty_claims_audit.csv,721,""info,honesty-negative,mugenforge/forge_polish.py,506,if backup:"""
info,honesty-negative,maintenance_core/honesty_claims/honesty_claims_audit.csv,815,"info,honesty-negative,maintenance_core/honesty_claims/honesty_claims_audit.csv,722,""info,honesty-negative,mugenforge/forge_polish.py,507,""""result.add_created(root, backup)"""""""
medium,plugin-execution,maintenance_core/honesty_claims/honesty_claims_audit.csv,816,"medium,plugin-execution,maintenance_core/honesty_claims/honesty_claims_audit.csv,723,""medium,plugin-execution,mugenforge/forge_polish.py,700,""""result = ForgePolishResult(""""""""Template / Plugin Data Validation"""""""")"""""""
medium,plugin-execution,maintenance_core/honesty_claims/honesty_claims_audit.csv,817,"medium,plugin-execution,maintenance_core/honesty_claims/honesty_claims_audit.csv,724,""medium,plugin-execution,mugenforge/forge_polish.py,742,""""issues.append(_issue(""""""""warning"""""""", rel, index, """"""""plugin"""""""", """"""""Executable plugin entry types are not auto-run.""""""""))"""""""
medium,plugin-execution,maintenance_core/honesty_claims/honesty_claims_audit.csv,818,"medium,plugin-execution,maintenance_core/honesty_claims/honesty_claims_audit.csv,725,""medium,plugin-execution,mugenforge/forge_polish.py,747,""""_write_text(root, out / """"""""TEMPLATE_PLUGIN_VALIDATION.md"""""""", _issues_markdown(""""""""Template / Plugin Validation"""""""", issues) + """"""""\n\nData-only manifests are supported. Arbitrary third-party Python plugins are not auto-run."""""""", result)"""""""
medium,plugin-execution,maintenance_core/honesty_claims/honesty_claims_audit.csv,819,"medium,plugin-execution,maintenance_core/honesty_claims/honesty_claims_audit.csv,726,""medium,plugin-execution,mugenforge/forge_polish.py,751,""""result.notes.append(f""""""""Validated {len(rows)} template/plugin metadata file(s)."""""""")"""""""
medium,safety-claim,maintenance_core/honesty_claims/honesty_claims_audit.csv,820,"medium,safety-claim,maintenance_core/honesty_claims/honesty_claims_audit.csv,727,""medium,safety-claim,mugenforge/forge_polish.py,773,""""result = ForgePolishResult(""""""""Safe Template Pack Import"""""""")"""""""
medium,safety-claim,maintenance_core/honesty_claims/honesty_claims_audit.csv,821,"medium,safety-claim,maintenance_core/honesty_claims/honesty_claims_audit.csv,728,""medium,safety-claim,mugenforge/forge_polish.py,810,""""result.warnings.append(""""""""Template import supports safe data files/folders/ZIPs only."""""""")"""""""
medium,safety-claim,maintenance_core/honesty_claims/honesty_claims_audit.csv,822,"medium,safety-claim,maintenance_core/honesty_claims/honesty_claims_audit.csv,729,""medium,safety-claim,mugenforge/forge_polish.py,817,""""result.notes.append(f""""""""Imported {copied} safe template file(s); skipped {skipped} unsafe/unsupported file(s)."""""""")"""""""
info,honesty-negative,maintenance_core/honesty_claims/honesty_claims_audit.csv,823,"info,honesty-negative,maintenance_core/honesty_claims/honesty_claims_audit.csv,730,""info,honesty-negative,mugenforge/forge_polish.py,887,""""is_backup = """"""""backups"""""""" in rel_path.parts or """""""".bak"""""""" in path.name.lower() or (path.suffix.lower() == """""""".zip"""""""" and any(word in low for word in (""""""""snapshot"""""""", """"""""backup"""""""", """"""""release"""""""")))"""""""
info,honesty-negative,maintenance_core/honesty_claims/honesty_claims_audit.csv,824,"info,honesty-negative,maintenance_core/honesty_claims/honesty_claims_audit.csv,731,""info,honesty-negative,mugenforge/forge_polish.py,891,""""rows.append({""""""""kind"""""""": """"""""snapshot zip"""""""" if path.suffix.lower() == """""""".zip"""""""" else """"""""file backup"""""""", """"""""modified"""""""": datetime.fromtimestamp(path.stat().st_mtime).isoformat(timespec=""""""""seconds""""""""), """"""""bytes"""""""": path.stat().st_size, """"""""path"""""""": rel, """"""""restore_hint"""""""": target})"""""""
info,honesty-negative,maintenance_core/honesty_claims/honesty_claims_audit.csv,825,"info,honesty-negative,maintenance_core/honesty_claims/honesty_claims_audit.csv,732,""info,honesty-negative,mugenforge/forge_polish.py,914,""""result = ForgePolishResult(""""""""Backup History Browser"""""""")"""""""
info,honesty-negative,maintenance_core/honesty_claims/honesty_claims_audit.csv,826,"info,honesty-negative,maintenance_core/honesty_claims/honesty_claims_audit.csv,733,""info,honesty-negative,mugenforge/forge_polish.py,920,""""_write_text(root, out / """"""""backup_history.html"""""""", f""""""""<!doctype html><meta charset='utf-8'><h1>Backup History</h1><p>Artifacts found: {len(rows)}</p><table border='1' cellspacing='0' cellpadding='4'><tr><th>Modified</th><th>Kind</th><th>Bytes</th><th>Path</th><th>Restore hint</th></tr>{table}</table>"""""""", result)"""""""
info,honesty-negative,maintenance_core/honesty_claims/honesty_claims_audit.csv,827,"info,honesty-negative,maintenance_core/honesty_claims/honesty_claims_audit.csv,734,""info,honesty-negative,mugenforge/forge_polish.py,921,""""_write_text(root, out / """"""""BACKUP_HISTORY.md"""""""", f""""""""# Backup History\n\nArtifacts found: {len(rows)}. Review restore hints before restoring. Forge Polish creates a pre-restore guard when restoring individual files from the UI."""""""", result)"""""""
info,honesty-negative,maintenance_core/honesty_claims/honesty_claims_audit.csv,828,"info,honesty-negative,maintenance_core/honesty_claims/honesty_claims_audit.csv,735,""info,honesty-negative,mugenforge/forge_polish.py,922,""""result.notes.append(f""""""""Indexed {len(rows)} backup/snapshot artifact(s)."""""""")"""""""
info,honesty-negative,maintenance_core/honesty_claims/honesty_claims_audit.csv,829,"info,honesty-negative,maintenance_core/honesty_claims/honesty_claims_audit.csv,736,""info,honesty-negative,mugenforge/forge_polish.py,928,""""result = ForgePolishResult(""""""""Backup Restore"""""""")"""""""
info,honesty-negative,maintenance_core/honesty_claims/honesty_claims_audit.csv,830,"info,honesty-negative,maintenance_core/honesty_claims/honesty_claims_audit.csv,737,""info,honesty-negative,mugenforge/forge_polish.py,929,backup = Path(backup_rel)"""
info,honesty-negative,maintenance_core/honesty_claims/honesty_claims_audit.csv,831,"info,honesty-negative,maintenance_core/honesty_claims/honesty_claims_audit.csv,738,""info,honesty-negative,mugenforge/forge_polish.py,930,if not backup.is_absolute():"""
info,honesty-negative,maintenance_core/honesty_claims/honesty_claims_audit.csv,832,"info,honesty-negative,maintenance_core/honesty_claims/honesty_claims_audit.csv,739,""info,honesty-negative,mugenforge/forge_polish.py,931,backup = root / backup"""
info,honesty-negative,maintenance_core/honesty_claims/honesty_claims_audit.csv,833,"info,honesty-negative,maintenance_core/honesty_claims/honesty_claims_audit.csv,740,""info,honesty-negative,mugenforge/forge_polish.py,932,if not backup.exists() or not backup.is_file():"""
info,honesty-negative,maintenance_core/honesty_claims/honesty_claims_audit.csv,834,"info,honesty-negative,maintenance_core/honesty_claims/honesty_claims_audit.csv,741,""info,honesty-negative,mugenforge/forge_polish.py,933,""""result.warnings.append(f""""""""Backup file not found: {backup}"""""""")"""""""
info,honesty-negative,maintenance_core/honesty_claims/honesty_claims_audit.csv,835,"info,honesty-negative,maintenance_core/honesty_claims/honesty_claims_audit.csv,742,""info,honesty-negative,mugenforge/forge_polish.py,935,""""if backup.suffix.lower() == """""""".zip"""""""":"""""""
info,honesty-negative,maintenance_core/honesty_claims/honesty_claims_audit.csv,836,"info,honesty-negative,maintenance_core/honesty_claims/honesty_claims_audit.csv,743,""info,honesty-negative,mugenforge/forge_polish.py,938,""""target = Path(target_rel) if target_rel else Path(_guess_restore_target(_rel(root, backup)))"""""""
info,honesty-negative,maintenance_core/honesty_claims/honesty_claims_audit.csv,837,"info,honesty-negative,maintenance_core/honesty_claims/honesty_claims_audit.csv,744,""info,honesty-negative,mugenforge/forge_polish.py,957,""""shutil.copy2(backup, target)"""""""
info,honesty-negative,maintenance_core/honesty_claims/honesty_claims_audit.csv,838,"info,honesty-negative,maintenance_core/honesty_claims/honesty_claims_audit.csv,745,""info,honesty-negative,mugenforge/forge_polish.py,959,""""result.notes.append(f""""""""Restored {_rel(root, backup)} to {_rel(root, target)}."""""""")"""""""
info,honesty-negative,maintenance_core/honesty_claims/honesty_claims_audit.csv,839,"info,honesty-negative,maintenance_core/honesty_claims/honesty_claims_audit.csv,746,""info,honesty-negative,mugenforge/forge_polish.py,1001,""""for label, func in ((""""""""dashboard"""""""", write_beginner_next_steps_dashboard), (""""""""command/AIR validation"""""""", validate_all_edit_sheets), (""""""""sound cue sheet"""""""", export_sound_cue_apply_sheet), (""""""""timeline preview"""""""", build_sprite_backed_timeline_preview), (""""""""state graph"""""""", write_state_graph_canvas_pack), (""""""""template validation"""""""", validate_templa"
high,binary-fullness,maintenance_core/honesty_claims/honesty_claims_audit.csv,840,"high,binary-fullness,maintenance_core/honesty_claims/honesty_claims_audit.csv,747,""high,binary-fullness,mugenforge/forge_polish.py,1018,""""v4.1 focuses on safer apply previews, visual preview consolidation, sound cue sheet insertion, and backup visibility. It does not add arbitrary mature SFF v2 binary editing/rebuilding."""""""
info,honesty-negative,maintenance_core/honesty_claims/honesty_claims_audit.csv,841,"info,honesty-negative,maintenance_core/honesty_claims/honesty_claims_audit.csv,748,""info,honesty-negative,mugenforge/forge_polish.py,1025,""""result.notes.append(""""""""v4.1 focuses on validation previews, sound cue CSV apply, visual previews, graph canvas support, template safety, stage source-art planning, and backup visibility."""""""")"""""""
info,honesty-negative,maintenance_core/honesty_claims/honesty_claims_audit.csv,842,"info,honesty-negative,maintenance_core/honesty_claims/honesty_claims_audit.csv,749,""info,honesty-negative,mugenforge/forge_timeline.py,346,This is intentionally text/source based. It does not mutate SFF/SND binaries."""
info,honesty-negative,maintenance_core/honesty_claims/honesty_claims_audit.csv,843,"info,honesty-negative,maintenance_core/honesty_claims/honesty_claims_audit.csv,750,""info,honesty-negative,mugenforge/forge_timeline.py,427,""""""""""""honest_scope"""""""": """"""""Text/source-analysis timeline. Does not mutate SFF/SND binaries."""""""","""""""
high,engine-authority,maintenance_core/honesty_claims/honesty_claims_audit.csv,844,"high,engine-authority,maintenance_core/honesty_claims/honesty_claims_audit.csv,751,""high,engine-authority,mugenforge/forge_timeline.py,476,""""<p class=""""""""note"""""""">This is a text/source-analysis timeline. It can guide editing, but it is not engine-authoritative runtime telemetry and does not mutate SFF/SND binaries.</p>"""""""
info,honesty-negative,maintenance_core/honesty_claims/honesty_claims_audit.csv,845,"info,honesty-negative,maintenance_core/honesty_claims/honesty_claims_audit.csv,752,""info,honesty-negative,mugenforge/forge_timeline.py,703,""""result.notes.append(f""""""""Backup written: {_rel(root, bak)}"""""""")"""""""
info,honesty-negative,maintenance_core/honesty_claims/honesty_claims_audit.csv,846,"info,honesty-negative,maintenance_core/honesty_claims/honesty_claims_audit.csv,753,""info,honesty-negative,mugenforge/forge_timeline.py,744,""""result.notes.append(f""""""""Backup written: {_rel(root, bak)}"""""""")"""""""
info,honesty-negative,maintenance_core/honesty_claims/honesty_claims_audit.csv,847,"info,honesty-negative,maintenance_core/honesty_claims/honesty_claims_audit.csv,754,""info,honesty-negative,mugenforge/forge_timeline.py,860,""""result.notes.append(f""""""""Backup written: {_rel(root, bak)}"""""""")"""""""
info,honesty-negative,maintenance_core/honesty_claims/honesty_claims_audit.csv,848,"info,honesty-negative,maintenance_core/honesty_claims/honesty_claims_audit.csv,755,""info,honesty-negative,mugenforge/forge_timeline.py,1003,""""result.notes.append(f""""""""Backup written: {_rel(root, bak)}"""""""")"""""""
info,honesty-negative,maintenance_core/honesty_claims/honesty_claims_audit.csv,849,"info,honesty-negative,maintenance_core/honesty_claims/honesty_claims_audit.csv,756,""info,honesty-negative,mugenforge/forge_timeline.py,1243,""""result.notes.append(f""""""""Backup written: {_rel(root, bak)}"""""""")"""""""
high,engine-authority,maintenance_core/honesty_claims/honesty_claims_audit.csv,850,"high,engine-authority,maintenance_core/honesty_claims/honesty_claims_audit.csv,757,""high,engine-authority,mugenforge/forge_timeline.py,1487,""""""""""""honest_scope"""""""": """"""""Approximate stage/source-art preview. It does not emulate M.U.G.E.N rendering, parallax, or BGCtrl timing authoritatively."""""""","""""""
high,engine-authority,maintenance_core/honesty_claims/honesty_claims_audit.csv,851,"high,engine-authority,maintenance_core/honesty_claims/honesty_claims_audit.csv,758,""high,engine-authority,mugenforge/forge_timeline.py,1496,""""result.notes.append(""""""""Stage preview is approximate and source-art based, not engine-authoritative."""""""")"""""""
high,binary-fullness,maintenance_core/honesty_claims/honesty_claims_audit.csv,852,"high,binary-fullness,maintenance_core/honesty_claims/honesty_claims_audit.csv,759,""high,binary-fullness,mugenforge/forge_timeline.py,1596,""""] + [f""""""""- [ ] {step}"""""""" for step in next_steps] + ["""""""""""""""", """"""""## Honest limits"""""""", """""""""""""""", """"""""- This release adds source/sheet-backed visual editing workflows. It still does not implement full arbitrary mature SFF v2 binary extraction/rebuild/mutation."""""""", """"""""- Timeline, graph, frame-data, palette, and stage previews are source-analysis aids; rea"
high,binary-fullness,maintenance_core/honesty_claims/honesty_claims_audit.csv,853,"high,binary-fullness,maintenance_core/honesty_claims/honesty_claims_audit.csv,760,""high,binary-fullness,mugenforge/forge_timeline.py,1662,""""Honest limit: this is source/sheet-backed editing, not full arbitrary mature SFF v2 binary editing/rebuilding."""""""
info,honesty-negative,maintenance_core/honesty_claims/honesty_claims_audit.csv,854,"info,honesty-negative,maintenance_core/honesty_claims/honesty_claims_audit.csv,761,""info,honesty-negative,mugenforge/gap_closer.py,146,""""backup = path.with_name(f""""""""{path.name}.bak_gap_{_now()}"""""""")"""""""
info,honesty-negative,maintenance_core/honesty_claims/honesty_claims_audit.csv,855,"info,honesty-negative,maintenance_core/honesty_claims/honesty_claims_audit.csv,762,""info,honesty-negative,mugenforge/gap_closer.py,147,""""backup.parent.mkdir(parents=True, exist_ok=True)"""""""
info,honesty-negative,maintenance_core/honesty_claims/honesty_claims_audit.csv,856,"info,honesty-negative,maintenance_core/honesty_claims/honesty_claims_audit.csv,763,""info,honesty-negative,mugenforge/gap_closer.py,148,""""shutil.copy2(path, backup)"""""""
info,honesty-negative,maintenance_core/honesty_claims/honesty_claims_audit.csv,857,"info,honesty-negative,maintenance_core/honesty_claims/honesty_claims_audit.csv,764,""info,honesty-negative,mugenforge/gap_closer.py,149,return backup"""
info,honesty-negative,maintenance_core/honesty_claims/honesty_claims_audit.csv,858,"info,honesty-negative,maintenance_core/honesty_claims/honesty_claims_audit.csv,765,""info,honesty-negative,mugenforge/gap_closer.py,267,""""""""""""6. Commit binary candidates only after hash/backup verification."""""""","""""""
info,honesty-negative,maintenance_core/honesty_claims/honesty_claims_audit.csv,859,"info,honesty-negative,maintenance_core/honesty_claims/honesty_claims_audit.csv,766,""info,honesty-negative,mugenforge/gap_closer.py,280,""""""""""""implementation"""""""": """"""""Source Runtime Model builds a lightweight StateDef/AIR/CMD timing simulator and Engine Scenario Sessions run the real external engine when configured."""""""","""""""
high,engine-authority,maintenance_core/honesty_claims/honesty_claims_audit.csv,860,"high,engine-authority,maintenance_core/honesty_claims/honesty_claims_audit.csv,767,""high,engine-authority,mugenforge/gap_closer.py,289,""""""""""""limitation"""""""": """"""""Runtime readiness scores are evidence aids, not engine-authoritative."""""""","""""""
info,honesty-negative,maintenance_core/honesty_claims/honesty_claims_audit.csv,861,"info,honesty-negative,maintenance_core/honesty_claims/honesty_claims_audit.csv,768,""info,honesty-negative,mugenforge/gap_closer.py,291,""""""""""""status"""""""": """"""""Improved: score can be evidence-backed when the external engine runs."""""""","""""""
high,binary-fullness,maintenance_core/honesty_claims/honesty_claims_audit.csv,862,"high,binary-fullness,maintenance_core/honesty_claims/honesty_claims_audit.csv,769,""high,binary-fullness,mugenforge/gap_closer.py,294,""""""""""""limitation"""""""": """"""""Full arbitrary historical/custom SFF2 variants need broader corpus validation."""""""","""""""
info,honesty-negative,maintenance_core/honesty_claims/honesty_claims_audit.csv,863,"info,honesty-negative,maintenance_core/honesty_claims/honesty_claims_audit.csv,770,""info,honesty-negative,mugenforge/gap_closer.py,304,""""""""""""limitation"""""""": """"""""SFF/SND mutation remains candidate/backup-first and avoids blind overwrite."""""""","""""""
info,honesty-negative,maintenance_core/honesty_claims/honesty_claims_audit.csv,864,"info,honesty-negative,maintenance_core/honesty_claims/honesty_claims_audit.csv,771,""info,honesty-negative,mugenforge/gap_closer.py,305,""""""""""""implementation"""""""": """"""""Guarded Binary Commit can write candidate files into project slots only with SHA-256 verification and automatic backups."""""""","""""""
info,honesty-negative,maintenance_core/honesty_claims/honesty_claims_audit.csv,865,"info,honesty-negative,maintenance_core/honesty_claims/honesty_claims_audit.csv,772,""info,honesty-negative,mugenforge/gap_closer.py,526,""""""""""""disclaimer"""""""": """"""""This is a lightweight source-runtime model for preflight checks. It does not replace real M.U.G.E.N/IKEMEN execution."""""""","""""""
info,honesty-negative,maintenance_core/honesty_claims/honesty_claims_audit.csv,866,"info,honesty-negative,maintenance_core/honesty_claims/honesty_claims_audit.csv,773,""info,honesty-negative,mugenforge/gap_closer.py,532,""""lines = [""""""""# Source Runtime Model"""""""", """""""""""""""", """"""""This adds a lightweight runtime-style pass over source files. It estimates state duration, active windows, sound events, HitDefs, ChangeStates, and common risks before launching the external engine."""""""", """""""""""""""", """"""""## Summary"""""""", """""""""""""""", f""""""""Commands: {len(commands)}"""""""", f""""""""States: {len(states)}"""""
info,honesty-negative,maintenance_core/honesty_claims/honesty_claims_audit.csv,867,"info,honesty-negative,maintenance_core/honesty_claims/honesty_claims_audit.csv,774,""info,honesty-negative,mugenforge/gap_closer.py,536,""""lines += ["""""""""""""""", """"""""## Engine relation"""""""", """"""""This model narrows the no-simulation gap but does not claim cycle-perfect engine behavior. Pair it with Engine Scenario Sessions for real evidence.""""""""]"""""""
info,honesty-negative,maintenance_core/honesty_claims/honesty_claims_audit.csv,868,"info,honesty-negative,maintenance_core/honesty_claims/honesty_claims_audit.csv,775,""info,honesty-negative,mugenforge/gap_closer.py,744,""""res.add_warning(f""""""""Corpus folder does not exist: {c}"""""""")"""""""
info,honesty-negative,maintenance_core/honesty_claims/honesty_claims_audit.csv,869,"info,honesty-negative,maintenance_core/honesty_claims/honesty_claims_audit.csv,776,""info,honesty-negative,mugenforge/gap_closer.py,847,""""action = """"""""Keep raw backup; inspect with hex view/spec notes before mutation."""""""""""""""
info,honesty-negative,maintenance_core/honesty_claims/honesty_claims_audit.csv,870,"info,honesty-negative,maintenance_core/honesty_claims/honesty_claims_audit.csv,777,""info,honesty-negative,mugenforge/gap_closer.py,913,""""""""""""notes"""""""": """"""""Set enabled=yes and commit_token=COMMIT to write candidate into target slot."""""""","""""""
info,honesty-negative,maintenance_core/honesty_claims/honesty_claims_audit.csv,871,"info,honesty-negative,maintenance_core/honesty_claims/honesty_claims_audit.csv,778,""info,honesty-negative,mugenforge/gap_closer.py,916,""""_write_text(base / """"""""GUARDED_BINARY_COMMIT.md"""""""", """"""""# Guarded Binary Commit\n\nEdit `guarded_binary_commit_sheet.csv`. Only rows with `enabled=yes` and `commit_token=COMMIT` are applied. The target SHA-256 must match unless the expected field is blank. A backup is written before commit.\n"""""""", res, root)"""""""
info,honesty-negative,maintenance_core/honesty_claims/honesty_claims_audit.csv,872,"info,honesty-negative,maintenance_core/honesty_claims/honesty_claims_audit.csv,779,""info,honesty-negative,mugenforge/gap_closer.py,933,""""candidate = (root / str(row.get(""""""""candidate_path"""""""", """"""""""""""""))).resolve()"""""""
info,honesty-negative,maintenance_core/honesty_claims/honesty_claims_audit.csv,873,"info,honesty-negative,maintenance_core/honesty_claims/honesty_claims_audit.csv,780,""info,honesty-negative,mugenforge/gap_closer.py,935,if not candidate.exists():"""
info,honesty-negative,maintenance_core/honesty_claims/honesty_claims_audit.csv,874,"info,honesty-negative,maintenance_core/honesty_claims/honesty_claims_audit.csv,781,""info,honesty-negative,mugenforge/gap_closer.py,936,""""res.add_warning(f""""""""Candidate not found: {candidate}"""""""")"""""""
info,honesty-negative,maintenance_core/honesty_claims/honesty_claims_audit.csv,875,"info,honesty-negative,maintenance_core/honesty_claims/honesty_claims_audit.csv,782,""info,honesty-negative,mugenforge/gap_closer.py,939,actual_candidate = _sha256(candidate)"""
info,honesty-negative,maintenance_core/honesty_claims/honesty_claims_audit.csv,876,"info,honesty-negative,maintenance_core/honesty_claims/honesty_claims_audit.csv,783,""info,honesty-negative,mugenforge/gap_closer.py,941,""""res.add_warning(f""""""""Candidate hash mismatch for {candidate.name}; skipped."""""""")"""""""
info,honesty-negative,maintenance_core/honesty_claims/honesty_claims_audit.csv,877,"info,honesty-negative,maintenance_core/honesty_claims/honesty_claims_audit.csv,784,""info,honesty-negative,mugenforge/gap_closer.py,949,backup = _backup_file(target)"""
info,honesty-negative,maintenance_core/honesty_claims/honesty_claims_audit.csv,878,"info,honesty-negative,maintenance_core/honesty_claims/honesty_claims_audit.csv,785,""info,honesty-negative,mugenforge/gap_closer.py,950,if backup:"""
info,honesty-negative,maintenance_core/honesty_claims/honesty_claims_audit.csv,879,"info,honesty-negative,maintenance_core/honesty_claims/honesty_claims_audit.csv,786,""info,honesty-negative,mugenforge/gap_closer.py,951,""""res.add_created(root, backup)"""""""
info,honesty-negative,maintenance_core/honesty_claims/honesty_claims_audit.csv,880,"info,honesty-negative,maintenance_core/honesty_claims/honesty_claims_audit.csv,787,""info,honesty-negative,mugenforge/gap_closer.py,953,""""shutil.copy2(candidate, target)"""""""
info,honesty-negative,maintenance_core/honesty_claims/honesty_claims_audit.csv,881,"info,honesty-negative,maintenance_core/honesty_claims/honesty_claims_audit.csv,788,""info,honesty-negative,mugenforge/gap_closer.py,955,""""applied.append({""""""""candidate"""""""": _rel(root, candidate), """"""""target"""""""": _rel(root, target), """"""""target_sha256_after"""""""": _sha256(target)})"""""""
medium,safety-claim,maintenance_core/honesty_claims/honesty_claims_audit.csv,882,"medium,safety-claim,maintenance_core/honesty_claims/honesty_claims_audit.csv,792,""medium,safety-claim,mugenforge/maintenance_core.py,303,""""'5. Keep binary claims tied to verified parser/rebuild paths and runtime claims tied to external evidence.',"""""""
high,binary-fullness,maintenance_core/honesty_claims/honesty_claims_audit.csv,883,"high,binary-fullness,maintenance_core/honesty_claims/honesty_claims_audit.csv,793,""high,binary-fullness,mugenforge/maintenance_core.py,477,""""('binary-fullness', r'\b(full|arbitrary|complete|mature|all|any)\b.{0,80}\b(SFF|SFF2|SND|binary|mutation|rebuild|extract)', 'high'),"""""""
high,engine-authority,maintenance_core/honesty_claims/honesty_claims_audit.csv,884,"high,engine-authority,maintenance_core/honesty_claims/honesty_claims_audit.csv,794,""high,engine-authority,mugenforge/maintenance_core.py,478,""""('engine-authority', r'\b(engine[- ]authoritative|simulate|emulate|runtime[- ]authoritative|certification)\b', 'high'),"""""""
medium,safety-claim,maintenance_core/honesty_claims/honesty_claims_audit.csv,885,"medium,safety-claim,maintenance_core/honesty_claims/honesty_claims_audit.csv,795,""medium,safety-claim,mugenforge/maintenance_core.py,479,""""('safety-claim', r'\b(safe|verified|guaranteed|lossless|byte[- ]perfect)\b', 'medium'),"""""""
medium,fighter-factory-reference,maintenance_core/honesty_claims/honesty_claims_audit.csv,886,"medium,fighter-factory-reference,maintenance_core/honesty_claims/honesty_claims_audit.csv,796,""medium,fighter-factory-reference,mugenforge/maintenance_core.py,480,""""('fighter-factory-reference', r'\b(Fighter Factory|VirtuallTek)\b', 'medium'),"""""""
info,honesty-negative,maintenance_core/honesty_claims/honesty_claims_audit.csv,887,"info,honesty-negative,maintenance_core/honesty_claims/honesty_claims_audit.csv,797,""info,honesty-negative,mugenforge/maintenance_core.py,481,""""('honesty-negative', r'\b(not implemented|does not|unsupported|experimental|candidate|backup|external engine|evidence aid|not.*authoritative)\b', 'info'),"""""""
medium,plugin-execution,maintenance_core/honesty_claims/honesty_claims_audit.csv,888,"medium,plugin-execution,maintenance_core/honesty_claims/honesty_claims_audit.csv,798,""medium,plugin-execution,mugenforge/maintenance_core.py,482,""""('plugin-execution', r'\b(plugin|auto-run|execute|third-party|downloaded Python)\b', 'medium'),"""""""
high,binary-fullness,maintenance_core/honesty_claims/honesty_claims_audit.csv,889,"high,binary-fullness,maintenance_core/honesty_claims/honesty_claims_audit.csv,799,""high,binary-fullness,mugenforge/maintenance_core.py,512,""""md = ['# Honesty Claims Audit', '', f'Generated: {datetime.now().isoformat(timespec=""""""""seconds"""""""")}', '', 'This is a text scan, not a legal review. It flags statements that future developers should keep accurate.', '', f'- Rows: {len(rows)}', f'- High-risk rows: {high}', f'- Medium-risk rows: {medium}', '', '## Required truth rules for future releases', '"
medium,plugin-execution,maintenance_core/honesty_claims/honesty_claims_audit.csv,890,"medium,plugin-execution,maintenance_core/honesty_claims/honesty_claims_audit.csv,800,""medium,plugin-execution,mugenforge/maintenance_core.py,665,""""'- Convert manual regression checklists into scenario files that Runtime/Evidence Core can execute or track.',"""""""
medium,fighter-factory-reference,maintenance_core/honesty_claims/honesty_claims_audit.csv,891,"medium,fighter-factory-reference,maintenance_core/honesty_claims/honesty_claims_audit.csv,801,""medium,fighter-factory-reference,mugenforge/maintenance_core.py,709,""""- Clean-room only. Do not use or claim Fighter Factory / VirtuallTek source, assets, or proprietary logic."""""""
high,engine-authority,maintenance_core/honesty_claims/honesty_claims_audit.csv,892,"high,engine-authority,maintenance_core/honesty_claims/honesty_claims_audit.csv,802,""high,engine-authority,mugenforge/maintenance_core.py,711,- Do not claim static reports are engine-authoritative unless backed by external engine evidence."""
medium,safety-claim,maintenance_core/honesty_claims/honesty_claims_audit.csv,893,"medium,safety-claim,maintenance_core/honesty_claims/honesty_claims_audit.csv,803,""medium,safety-claim,mugenforge/maintenance_core.py,712,- Do not blindly overwrite user binaries; preserve candidate/backup/verified install workflows."""
medium,plugin-execution,maintenance_core/honesty_claims/honesty_claims_audit.csv,894,"medium,plugin-execution,maintenance_core/honesty_claims/honesty_claims_audit.csv,804,""medium,plugin-execution,mugenforge/maintenance_core.py,713,- Do not auto-run untrusted third-party Python plugins."""
info,honesty-negative,maintenance_core/honesty_claims/honesty_claims_audit.csv,895,"info,honesty-negative,maintenance_core/honesty_claims/honesty_claims_audit.csv,805,""info,honesty-negative,mugenforge/maintenance_core.py,729,""""- v3.5 Visual Forge: beginner home, timeline, axis, sound cue, migration, backup logs."""""""
info,honesty-negative,maintenance_core/honesty_claims/honesty_claims_audit.csv,896,"info,honesty-negative,maintenance_core/honesty_claims/honesty_claims_audit.csv,806,""info,honesty-negative,mugenforge/maintenance_core.py,731,""""- v4.1 Forge Polish: validation previews, sound cue apply, sprite-backed preview, backup history."""""""
info,honesty-negative,maintenance_core/honesty_claims/honesty_claims_audit.csv,897,"info,honesty-negative,maintenance_core/honesty_claims/honesty_claims_audit.csv,807,""info,honesty-negative,mugenforge/maintenance_core.py,733,- v5.0 Binary Core: conservative SFF/SND binary inspection and candidate workflows."""
info,honesty-negative,maintenance_core/honesty_claims/honesty_claims_audit.csv,898,"info,honesty-negative,maintenance_core/honesty_claims/honesty_claims_audit.csv,808,""info,honesty-negative,mugenforge/maintenance_core.py,735,""""- v6.1 Runtime Lab: external engine launchers, logs, evidence, readiness reports."""""""
medium,safety-claim,maintenance_core/honesty_claims/honesty_claims_audit.csv,899,"medium,safety-claim,maintenance_core/honesty_claims/honesty_claims_audit.csv,809,""medium,safety-claim,mugenforge/maintenance_core.py,736,""""- v7.0 Evidence Core line: gap closure, authority/evidence labs, source runtime modeling, corpus validation, verified installs."""""""
info,honesty-negative,maintenance_core/honesty_claims/honesty_claims_audit.csv,900,"info,honesty-negative,maintenance_core/honesty_claims/honesty_claims_audit.csv,810,""info,honesty-negative,mugenforge/move_wizard.py,284,""""candidate = (def_path.parent / v.strip().strip('""""""""')).resolve()"""""""
info,honesty-negative,maintenance_core/honesty_claims/honesty_claims_audit.csv,901,"info,honesty-negative,maintenance_core/honesty_claims/honesty_claims_audit.csv,811,""info,honesty-negative,mugenforge/move_wizard.py,285,if candidate.exists() and candidate.is_file():"""
info,honesty-negative,maintenance_core/honesty_claims/honesty_claims_audit.csv,902,"info,honesty-negative,maintenance_core/honesty_claims/honesty_claims_audit.csv,812,""info,honesty-negative,mugenforge/move_wizard.py,286,""""if kind != 'cns' or candidate.suffix.lower() in {'.cns', '.st'}:"""""""
info,honesty-negative,maintenance_core/honesty_claims/honesty_claims_audit.csv,903,"info,honesty-negative,maintenance_core/honesty_claims/honesty_claims_audit.csv,813,""info,honesty-negative,mugenforge/move_wizard.py,287,return candidate"""
info,honesty-negative,maintenance_core/honesty_claims/honesty_claims_audit.csv,904,"info,honesty-negative,maintenance_core/honesty_claims/honesty_claims_audit.csv,814,""info,honesty-negative,mugenforge/move_wizard.py,300,backup = path.with_suffix(path.suffix + '.bak')"""
info,honesty-negative,maintenance_core/honesty_claims/honesty_claims_audit.csv,905,"info,honesty-negative,maintenance_core/honesty_claims/honesty_claims_audit.csv,815,""info,honesty-negative,mugenforge/move_wizard.py,301,""""backup.write_text(old, encoding='utf-8', errors='replace')"""""""
medium,safety-claim,maintenance_core/honesty_claims/honesty_claims_audit.csv,906,"medium,safety-claim,maintenance_core/honesty_claims/honesty_claims_audit.csv,816,""medium,safety-claim,mugenforge/no_code_director.py,50,""""tuning_notes=[""""""""Rushdown should win close range but work harder from full screen."""""""", """"""""Do not make every move plus/safe by default."""""""", """"""""Give big enders clear recovery.""""""""],"""""""
info,honesty-negative,maintenance_core/honesty_claims/honesty_claims_audit.csv,907,"info,honesty-negative,maintenance_core/honesty_claims/honesty_claims_audit.csv,817,""info,honesty-negative,mugenforge/no_code_director.py,290,""""result.warnings.append(""""""""Placeholder sheet does not exist, so SFF was not built."""""""")"""""""
info,honesty-negative,maintenance_core/honesty_claims/honesty_claims_audit.csv,908,"info,honesty-negative,maintenance_core/honesty_claims/honesty_claims_audit.csv,818,""info,honesty-negative,mugenforge/operator_console.py,469,""""'3. **Binary Maturity / Evidence Core** for SFF/SND candidate validation and runtime-backed promotion.',"""""""
info,honesty-negative,maintenance_core/honesty_claims/honesty_claims_audit.csv,909,"info,honesty-negative,maintenance_core/honesty_claims/honesty_claims_audit.csv,819,""info,honesty-negative,mugenforge/operator_console.py,483,""""'- Operator Console consolidates project state and next steps. It does not replace engine testing.',"""""""
info,honesty-negative,maintenance_core/honesty_claims/honesty_claims_audit.csv,910,"info,honesty-negative,maintenance_core/honesty_claims/honesty_claims_audit.csv,820,""info,honesty-negative,mugenforge/operator_console.py,484,""""'- Binary and runtime tools remain candidate/backup/evidence first. Review generated sheets before applying edits.',"""""""
medium,fighter-factory-reference,maintenance_core/honesty_claims/honesty_claims_audit.csv,911,"medium,fighter-factory-reference,maintenance_core/honesty_claims/honesty_claims_audit.csv,821,""medium,fighter-factory-reference,mugenforge/operator_console.py,532,""""- Do not use or copy Fighter Factory / VirtualTek source, assets, or proprietary logic."""""""
info,honesty-negative,maintenance_core/honesty_claims/honesty_claims_audit.csv,912,"info,honesty-negative,maintenance_core/honesty_claims/honesty_claims_audit.csv,822,""info,honesty-negative,mugenforge/operator_console.py,533,""""- Keep binary work honest; unsupported/corrupt/custom binaries should be triaged and preserved, not guessed."""""""
info,honesty-negative,maintenance_core/honesty_claims/honesty_claims_audit.csv,913,"info,honesty-negative,maintenance_core/honesty_claims/honesty_claims_audit.csv,823,""info,honesty-negative,mugenforge/operator_console.py,534,- Candidate builds and mutation flows should write backups and verification reports before install."""
info,honesty-negative,maintenance_core/honesty_claims/honesty_claims_audit.csv,914,"info,honesty-negative,maintenance_core/honesty_claims/honesty_claims_audit.csv,824,""info,honesty-negative,mugenforge/operator_console.py,540,2. Add real project corpus tests for SFF2/SND variants and keep unsupported cases visible."""
info,honesty-negative,maintenance_core/honesty_claims/honesty_claims_audit.csv,915,"info,honesty-negative,maintenance_core/honesty_claims/honesty_claims_audit.csv,825,""info,honesty-negative,mugenforge/operator_console.py,571,""""('Corpus validation', 'Expand real-world SFF2/SND test corpus and record supported/unsupported buckets.'),"""""""
info,honesty-negative,maintenance_core/honesty_claims/honesty_claims_audit.csv,916,"info,honesty-negative,maintenance_core/honesty_claims/honesty_claims_audit.csv,826,""info,honesty-negative,mugenforge/operator_console.py,610,- Keep binary edits candidate/backup/evidence-first."""
info,honesty-negative,maintenance_core/honesty_claims/honesty_claims_audit.csv,917,"info,honesty-negative,maintenance_core/honesty_claims/honesty_claims_audit.csv,827,""info,honesty-negative,mugenforge/operator_console.py,710,""""'release_recommendation': 'hold' if blockers else ('evidence-needed' if warnings else 'candidate'),"""""""
medium,safety-claim,maintenance_core/honesty_claims/honesty_claims_audit.csv,918,"medium,safety-claim,maintenance_core/honesty_claims/honesty_claims_audit.csv,828,""medium,safety-claim,mugenforge/operator_console.py,717,""""'Binary candidate installs should be verified with hashes and rollback manifests.',"""""""
high,engine-authority,maintenance_core/honesty_claims/honesty_claims_audit.csv,919,"high,engine-authority,maintenance_core/honesty_claims/honesty_claims_audit.csv,829,""high,engine-authority,mugenforge/operator_console.py,780,Honest scope: Operator Console makes project state easier to resume and audit. It does not make static analysis engine-authoritative."""
info,honesty-negative,maintenance_core/honesty_claims/honesty_claims_audit.csv,920,"info,honesty-negative,maintenance_core/honesty_claims/honesty_claims_audit.csv,830,""info,honesty-negative,mugenforge/parsers.py,387,""""return f'File: {path.name}\nSize: {path.stat().st_size:,} bytes\nBinary preview is not implemented for {ext} yet.'"""""""
medium,safety-claim,maintenance_core/honesty_claims/honesty_claims_audit.csv,921,"medium,safety-claim,maintenance_core/honesty_claims/honesty_claims_audit.csv,831,""medium,safety-claim,mugenforge/parsers.py,391,""""safe = re.sub(r'[^A-Za-z0-9_\-]+', '_', name).strip('_') or 'new_character'"""""""
medium,safety-claim,maintenance_core/honesty_claims/honesty_claims_audit.csv,922,"medium,safety-claim,maintenance_core/honesty_claims/honesty_claims_audit.csv,832,""medium,safety-claim,mugenforge/parsers.py,392,char_dir = root / safe"""
medium,safety-claim,maintenance_core/honesty_claims/honesty_claims_audit.csv,923,"medium,safety-claim,maintenance_core/honesty_claims/honesty_claims_audit.csv,833,""medium,safety-claim,mugenforge/parsers.py,394,""""(char_dir / f'{safe}.def').write_text(f'''[Info]\nname = """"""""{safe}""""""""\ndisplayname = """"""""{safe}""""""""\nversiondate = 06,12,2026\nmugenversion = 1.0\nauthor = """"""""Doc""""""""\n\n[Files]\nsprite = {safe}.sff\nsound = {safe}.snd\nanim = {safe}.air\ncmd = {safe}.cmd\ncns = {safe}.cns\n\n[Arcade]\nintro.storyboard = \nending.storyboard = \n''', encoding='utf-8')"""""""
medium,safety-claim,maintenance_core/honesty_claims/honesty_claims_audit.csv,924,"medium,safety-claim,maintenance_core/honesty_claims/honesty_claims_audit.csv,834,""medium,safety-claim,mugenforge/parsers.py,395,""""(char_dir / f'{safe}.air').write_text('[Begin Action 0] ; standing/idle\n0,0, 0,0, 5\n\n[Begin Action 20] ; walk forward\n0,0, 0,0, 4\n0,1, 0,0, 4\n0,2, 0,0, 4\n', encoding='utf-8')"""""""
medium,safety-claim,maintenance_core/honesty_claims/honesty_claims_audit.csv,925,"medium,safety-claim,maintenance_core/honesty_claims/honesty_claims_audit.csv,835,""medium,safety-claim,mugenforge/parsers.py,396,""""(char_dir / f'{safe}.cmd').write_text('''[Command]\nname = """"""""x""""""""\ncommand = x\ntime = 1\n\n[Command]\nname = """"""""forward_x""""""""\ncommand = F, x\ntime = 12\n\n[Statedef -1]\n\n[State -1, Light Attack]\ntype = ChangeState\nvalue = 200\ntriggerall = command = """"""""x""""""""\ntrigger1 = ctrl\n''', encoding='utf-8')"""""""
medium,safety-claim,maintenance_core/honesty_claims/honesty_claims_audit.csv,926,"medium,safety-claim,maintenance_core/honesty_claims/honesty_claims_audit.csv,836,""medium,safety-claim,mugenforge/parsers.py,397,""""(char_dir / f'{safe}.cns').write_text('''[Data]\nlife = 1000\nattack = 100\ndefence = 100\nfall.defence_up = 50\nliedown.time = 60\nairjuggle = 15\nsparkno = 2\nguard.sparkno = 40\nKO.echo = 0\nvolume = 0\nIntPersistIndex = 60\nFloatPersistIndex = 40\n\n[Size]\nxscale = 1\nyscale = 1\nground.back = 15\nground.front = 16\nair.back = 12\nair.front = 12\nheight = 60\natt"
info,honesty-negative,maintenance_core/honesty_claims/honesty_claims_audit.csv,927,"info,honesty-negative,maintenance_core/honesty_claims/honesty_claims_audit.csv,837,""info,honesty-negative,mugenforge/quality_lab.py,734,result = QualityLabResult(title='Quality Lab backup/restore bundle created')"""
info,honesty-negative,maintenance_core/honesty_claims/honesty_claims_audit.csv,928,"info,honesty-negative,maintenance_core/honesty_claims/honesty_claims_audit.csv,838,""info,honesty-negative,mugenforge/quality_lab.py,742,""""restore = f'''# Restore Instructions\n\nBackup generated: {datetime.now().isoformat(timespec=""""""""seconds"""""""")}\nProject: {root}\n\nTo restore, extract this ZIP next to the original character folder. It contains a full snapshot of the folder at backup time.\n'''"""""""
medium,safety-claim,maintenance_core/honesty_claims/honesty_claims_audit.csv,929,"medium,safety-claim,maintenance_core/honesty_claims/honesty_claims_audit.csv,839,""medium,safety-claim,mugenforge/quality_lab.py,783,""""lines += ['', '## Safe rule', '', 'Make a Quality Lab backup before generated-code passes or asset rebuilds.']"""""""
info,honesty-negative,maintenance_core/honesty_claims/honesty_claims_audit.csv,930,"info,honesty-negative,maintenance_core/honesty_claims/honesty_claims_audit.csv,840,""info,honesty-negative,mugenforge/quality_lab.py,794,""""('backup', create_backup_restore_bundle),"""""""
info,honesty-negative,maintenance_core/honesty_claims/honesty_claims_audit.csv,931,"info,honesty-negative,maintenance_core/honesty_claims/honesty_claims_audit.csv,841,""info,honesty-negative,mugenforge/quality_lab.py,807,result.notes.append('Quality Lab does not overwrite the main AIR during the one-click pass; it writes suggestions/copies so beginners can review before replacing tuned data.')"""
high,binary-fullness,maintenance_core/honesty_claims/honesty_claims_audit.csv,932,"high,binary-fullness,maintenance_core/honesty_claims/honesty_claims_audit.csv,842,""high,binary-fullness,mugenforge/rescue_lab.py,216,""""lines += ["""""""""""""""", """"""""## Notes"""""""", """""""""""""""", """"""""This is a best-effort rescue scan. It is useful for unknown or unsupported packed files, but it does not replace full SFF v2 table parsing.""""""""]"""""""
info,honesty-negative,maintenance_core/honesty_claims/honesty_claims_audit.csv,933,"info,honesty-negative,maintenance_core/honesty_claims/honesty_claims_audit.csv,843,""info,honesty-negative,mugenforge/rescue_lab.py,379,""""""""""""This file explains the safest recovery path when a project has packed assets, missing source folders, unsupported SFF/SND layouts, or confusing AIR references."""""""","""""""
medium,safety-claim,maintenance_core/honesty_claims/honesty_claims_audit.csv,934,"medium,safety-claim,maintenance_core/honesty_claims/honesty_claims_audit.csv,844,""medium,safety-claim,mugenforge/rescue_lab.py,397,""""""""""""5. Run **Build Recovered SFF v1** only when you want a fresh starter SFF, not a byte-perfect original file."""""""","""""""
high,binary-fullness,maintenance_core/honesty_claims/honesty_claims_audit.csv,935,"high,binary-fullness,maintenance_core/honesty_claims/honesty_claims_audit.csv,845,""high,binary-fullness,mugenforge/rescue_lab.py,402,""""""""""""Rescue Lab does not claim full SFF v2 rebuild support. It is a practical asset-recovery lane for creators who need to keep working without writing code or reverse-editing binary tables by hand."""""""","""""""
info,honesty-negative,maintenance_core/honesty_claims/honesty_claims_audit.csv,936,"info,honesty-negative,maintenance_core/honesty_claims/honesty_claims_audit.csv,846,""info,honesty-negative,mugenforge/runtime_lab.py,119,backup = path.with_name(path.name + f'.bak_runtime_{_timestamp()}')"""
info,honesty-negative,maintenance_core/honesty_claims/honesty_claims_audit.csv,937,"info,honesty-negative,maintenance_core/honesty_claims/honesty_claims_audit.csv,847,""info,honesty-negative,mugenforge/runtime_lab.py,121,""""backup.write_text(read_text_safely(path), encoding='utf-8', errors='replace')"""""""
info,honesty-negative,maintenance_core/honesty_claims/honesty_claims_audit.csv,938,"info,honesty-negative,maintenance_core/honesty_claims/honesty_claims_audit.csv,848,""info,honesty-negative,mugenforge/runtime_lab.py,123,backup.write_bytes(path.read_bytes())"""
info,honesty-negative,maintenance_core/honesty_claims/honesty_claims_audit.csv,939,"info,honesty-negative,maintenance_core/honesty_claims/honesty_claims_audit.csv,849,""info,honesty-negative,mugenforge/runtime_lab.py,124,return backup"""
high,engine-authority,maintenance_core/honesty_claims/honesty_claims_audit.csv,940,"high,engine-authority,maintenance_core/honesty_claims/honesty_claims_audit.csv,850,""high,engine-authority,mugenforge/runtime_lab.py,222,'Runtime Lab does not simulate M.U.G.E.N; it organizes external engine tests and evidence.'"""
info,honesty-negative,maintenance_core/honesty_claims/honesty_claims_audit.csv,941,"info,honesty-negative,maintenance_core/honesty_claims/honesty_claims_audit.csv,851,""info,honesty-negative,mugenforge/runtime_lab.py,414,""""Runtime Lab does not run the engine inside MugenForge. It creates transparent scripts, checklists, and evidence folders so failures are reproducible."""""""
info,honesty-negative,maintenance_core/honesty_claims/honesty_claims_audit.csv,942,"info,honesty-negative,maintenance_core/honesty_claims/honesty_claims_audit.csv,852,""info,honesty-negative,mugenforge/runtime_lab.py,438,backup = _backup_text(target)"""
info,honesty-negative,maintenance_core/honesty_claims/honesty_claims_audit.csv,943,"info,honesty-negative,maintenance_core/honesty_claims/honesty_claims_audit.csv,853,""info,honesty-negative,mugenforge/runtime_lab.py,461,if backup:"""
info,honesty-negative,maintenance_core/honesty_claims/honesty_claims_audit.csv,944,"info,honesty-negative,maintenance_core/honesty_claims/honesty_claims_audit.csv,854,""info,honesty-negative,mugenforge/runtime_lab.py,462,""""result.add_note(f'Backup written: {_rel(root, backup)}')"""""""
medium,safety-claim,maintenance_core/honesty_claims/honesty_claims_audit.csv,945,"medium,safety-claim,maintenance_core/honesty_claims/honesty_claims_audit.csv,855,""medium,safety-claim,mugenforge/runtime_lab.py,483,""""safe = re.sub(r'[^A-Za-z0-9_\-]+', '_', str(cmd.get('name') or idx)).strip('_') or f'cmd_{idx}'"""""""
medium,safety-claim,maintenance_core/honesty_claims/honesty_claims_audit.csv,946,"medium,safety-claim,maintenance_core/honesty_claims/honesty_claims_audit.csv,856,""medium,safety-claim,mugenforge/runtime_lab.py,484,""""add(f'cmd_{idx:03d}_{safe}', 'command', f'Input `{cmd.get(""""""""command"""""""", """""""""""""""")}` for command `{cmd.get(""""""""name"""""""", """""""""""""""")}`.', 'Expected state/move triggers, then returns control or intended follow-up state.', command=cmd.get('name', ''), blocker='yes')"""""""
info,honesty-negative,maintenance_core/honesty_claims/honesty_claims_audit.csv,947,"info,honesty-negative,maintenance_core/honesty_claims/honesty_claims_audit.csv,857,""info,honesty-negative,mugenforge/runtime_lab.py,700,""""ding(6, f'Configured engine_executable does not exist on this system: {engine_path}')"""""""
high,engine-authority,maintenance_core/honesty_claims/honesty_claims_audit.csv,948,"high,engine-authority,maintenance_core/honesty_claims/honesty_claims_audit.csv,858,""high,engine-authority,mugenforge/runtime_lab.py,766,""""lines += ['', '## Important note', '', 'This score is a release aid. It is not engine-authoritative; real M.U.G.E.N/IKEMEN testing remains required.']"""""""
high,engine-authority,maintenance_core/honesty_claims/honesty_claims_audit.csv,949,"high,engine-authority,maintenance_core/honesty_claims/honesty_claims_audit.csv,859,""high,engine-authority,mugenforge/runtime_lab.py,829,""""MugenForge still does not simulate M.U.G.E.N/IKEMEN. Runtime Lab creates launchers, checklists, overlays, parsers, and evidence bundles so external engine testing is repeatable and auditable."""""""
high,engine-authority,maintenance_core/honesty_claims/honesty_claims_audit.csv,950,"high,engine-authority,maintenance_core/honesty_claims/honesty_claims_audit.csv,860,""high,engine-authority,mugenforge/runtime_lab.py,864,""""'Runtime Lab does not emulate M.U.G.E.N/IKEMEN. It makes external engine testing repeatable and auditable.',"""""""
info,honesty-negative,maintenance_core/honesty_claims/honesty_claims_audit.csv,951,"info,honesty-negative,maintenance_core/honesty_claims/honesty_claims_audit.csv,861,""info,honesty-negative,mugenforge/runtime_lab.py,917,""""This pack contains a debug-only `DisplayToClipboard` / `AppendToClipboard` helper. Use **Install Telemetry Helpers** to append it to your CNS/ST file with a backup, or copy it manually."""""""
info,honesty-negative,maintenance_core/honesty_claims/honesty_claims_audit.csv,952,"info,honesty-negative,maintenance_core/honesty_claims/honesty_claims_audit.csv,862,""info,honesty-negative,mugenforge/runtime_lab.py,943,result.add_warning(f'Engine executable does not exist on this machine: {engine}')"""
info,honesty-negative,maintenance_core/honesty_claims/honesty_claims_audit.csv,953,"info,honesty-negative,maintenance_core/honesty_claims/honesty_claims_audit.csv,863,""info,honesty-negative,mugenforge/sff2_bridge.py,291,res.notes.append('This creates an editable SFF2 source project. It does not preserve SFF2 compression tables from an existing v2 file.')"""
info,honesty-negative,maintenance_core/honesty_claims/honesty_claims_audit.csv,954,"info,honesty-negative,maintenance_core/honesty_claims/honesty_claims_audit.csv,864,""info,honesty-negative,mugenforge/sff2_codec.py,246,msg = 'File does not match the standard SFF2 table layout used by M.U.G.E.N 1.0/1.1.'"""
info,honesty-negative,maintenance_core/honesty_claims/honesty_claims_audit.csv,955,"info,honesty-negative,maintenance_core/honesty_claims/honesty_claims_audit.csv,865,""info,honesty-negative,mugenforge/sff2_codec.py,330,notes.append('RLE5/LZ5 decoder is experimental and export will be marked provisional')"""
info,honesty-negative,maintenance_core/honesty_claims/honesty_claims_audit.csv,956,"info,honesty-negative,maintenance_core/honesty_claims/honesty_claims_audit.csv,866,""info,honesty-negative,mugenforge/sff2_codec.py,427,raise Sff2Error(f'RLE8 uncompressed byte count {raw_size} does not match width*height {expected}.')"""
info,honesty-negative,maintenance_core/honesty_claims/honesty_claims_audit.csv,957,"info,honesty-negative,maintenance_core/honesty_claims/honesty_claims_audit.csv,867,""info,honesty-negative,mugenforge/sff2_codec.py,469,""""""""""""""""""""""""""""Experimental RLE5 decoder."""""""
medium,safety-claim,maintenance_core/honesty_claims/honesty_claims_audit.csv,958,"medium,safety-claim,maintenance_core/honesty_claims/honesty_claims_audit.csv,868,""medium,safety-claim,mugenforge/sff2_codec.py,495,raise Sff2Error('RLE5 decode did not match the expected pixel count with available safe heuristics.')"""
info,honesty-negative,maintenance_core/honesty_claims/honesty_claims_audit.csv,959,"info,honesty-negative,maintenance_core/honesty_claims/honesty_claims_audit.csv,869,""info,honesty-negative,mugenforge/sff2_codec.py,515,""""""""""""""""""""""""""""Experimental LZ5 probe decoder."""""""
medium,safety-claim,maintenance_core/honesty_claims/honesty_claims_audit.csv,960,"medium,safety-claim,maintenance_core/honesty_claims/honesty_claims_audit.csv,870,""medium,safety-claim,mugenforge/sff2_codec.py,518,handles a few safe corpus-development cases: uncompressed fallback blocks and"""
info,honesty-negative,maintenance_core/honesty_claims/honesty_claims_audit.csv,961,"info,honesty-negative,maintenance_core/honesty_claims/honesty_claims_audit.csv,871,""info,honesty-negative,mugenforge/sff2_codec.py,520,that does not exactly produce width*height indices."""
medium,safety-claim,maintenance_core/honesty_claims/honesty_claims_audit.csv,962,"medium,safety-claim,maintenance_core/honesty_claims/honesty_claims_audit.csv,872,""medium,safety-claim,mugenforge/sff2_codec.py,545,raise Sff2Error('LZ5 decode did not match the expected pixel count with available safe heuristics.')"""
info,honesty-negative,maintenance_core/honesty_claims/honesty_claims_audit.csv,963,"info,honesty-negative,maintenance_core/honesty_claims/honesty_claims_audit.csv,873,""info,honesty-negative,mugenforge/sff2_codec.py,579,raise Sff2Error(f'Raw sprite {sprite.index} has unsupported color depth {sprite.color_depth}.')"""
info,honesty-negative,maintenance_core/honesty_claims/honesty_claims_audit.csv,964,"info,honesty-negative,maintenance_core/honesty_claims/honesty_claims_audit.csv,874,""info,honesty-negative,mugenforge/sff2_codec.py,738,raise ValueError('Manifest does not contain a non-empty sprites list.')"""
info,honesty-negative,maintenance_core/honesty_claims/honesty_claims_audit.csv,965,"info,honesty-negative,maintenance_core/honesty_claims/honesty_claims_audit.csv,875,""info,honesty-negative,mugenforge/sff_codec.py,345,raise ValueError('Manifest does not contain a sprites list.')"""
medium,safety-claim,maintenance_core/honesty_claims/honesty_claims_audit.csv,966,"medium,safety-claim,maintenance_core/honesty_claims/honesty_claims_audit.csv,876,""medium,safety-claim,mugenforge/sff_codec.py,414,""""""""""""""""""""""""""""Export supported sprites and create a replacement manifest for safe SFF v1 rebuilding."""""""
info,honesty-negative,maintenance_core/honesty_claims/honesty_claims_audit.csv,967,"info,honesty-negative,maintenance_core/honesty_claims/honesty_claims_audit.csv,877,""info,honesty-negative,mugenforge/sff_codec.py,458,raise ValueError('Replacement manifest does not contain a sprites list.')"""
info,honesty-negative,maintenance_core/honesty_claims/honesty_claims_audit.csv,968,"info,honesty-negative,maintenance_core/honesty_claims/honesty_claims_audit.csv,878,""info,honesty-negative,mugenforge/sff_codec.py,481,This does not patch bytes into the original file. It creates a clean v1-style PCX"""
info,honesty-negative,maintenance_core/honesty_claims/honesty_claims_audit.csv,969,"info,honesty-negative,maintenance_core/honesty_claims/honesty_claims_audit.csv,879,""info,honesty-negative,mugenforge/sff_codec.py,534,lines.append('Build mode: creates a fresh SFF v1-style PCX chain. It does not preserve SFF v2 compression/tables.')"""
high,binary-fullness,maintenance_core/honesty_claims/honesty_claims_audit.csv,970,"high,binary-fullness,maintenance_core/honesty_claims/honesty_claims_audit.csv,880,""high,binary-fullness,mugenforge/sff_codec.py,553,""""lines.append('Build mode: SFF v1-style PCX payload chain. This is a practical starter builder, not a full SFF v2 compiler.')"""""""
info,honesty-negative,maintenance_core/honesty_claims/honesty_claims_audit.csv,971,"info,honesty-negative,maintenance_core/honesty_claims/honesty_claims_audit.csv,881,""info,honesty-negative,mugenforge/sff_codec.py,560,# This section is intentionally self-contained and does not depend on any"""
high,binary-fullness,maintenance_core/honesty_claims/honesty_claims_audit.csv,972,"high,binary-fullness,maintenance_core/honesty_claims/honesty_claims_audit.csv,882,""high,binary-fullness,mugenforge/sff_codec.py,684,""""def _mf_parse_sff2_standard(data: bytes) -> Tuple[Dict[str, Any], List[Sff2StandardRecord], List[Sff2PaletteRecord], List[str]]:"""""""
info,honesty-negative,maintenance_core/honesty_claims/honesty_claims_audit.csv,973,"info,honesty-negative,maintenance_core/honesty_claims/honesty_claims_audit.csv,883,""info,honesty-negative,mugenforge/sff_codec.py,823,# Direct image payloads from MugenForge v5 experimental files."""
info,honesty-negative,maintenance_core/honesty_claims/honesty_claims_audit.csv,974,"info,honesty-negative,maintenance_core/honesty_claims/honesty_claims_audit.csv,884,""info,honesty-negative,mugenforge/sff_codec.py,826,""""for candidate in (blob, blob[4:] if len(blob) >= 4 else b''):"""""""
info,honesty-negative,maintenance_core/honesty_claims/honesty_claims_audit.csv,975,"info,honesty-negative,maintenance_core/honesty_claims/honesty_claims_audit.csv,885,""info,honesty-negative,mugenforge/sff_codec.py,827,if not candidate:"""
info,honesty-negative,maintenance_core/honesty_claims/honesty_claims_audit.csv,976,"info,honesty-negative,maintenance_core/honesty_claims/honesty_claims_audit.csv,886,""info,honesty-negative,mugenforge/sff_codec.py,830,decomp = _mf_zlib.decompress(candidate)"""
info,honesty-negative,maintenance_core/honesty_claims/honesty_claims_audit.csv,977,"info,honesty-negative,maintenance_core/honesty_claims/honesty_claims_audit.csv,887,""info,honesty-negative,mugenforge/sff_codec.py,1013,raise ValueError(f'Unsupported SFF2 format code {record.format_code} for record {record.index}.')"""
medium,plugin-execution,maintenance_core/honesty_claims/honesty_claims_audit.csv,978,"medium,plugin-execution,maintenance_core/honesty_claims/honesty_claims_audit.csv,888,""medium,plugin-execution,mugenforge/sff_codec.py,1104,""""'sff2_codec_note': 'v5.5 decodes standard table records and MugenForge round-trippable raw/RLE/LZ streams; unknown third-party codec variants are reported.',"""""""
info,honesty-negative,maintenance_core/honesty_claims/honesty_claims_audit.csv,979,"info,honesty-negative,maintenance_core/honesty_claims/honesty_claims_audit.csv,889,""info,honesty-negative,mugenforge/sff_codec.py,1188,raise ValueError(f'Unsupported SFF2 build compression: {compression}')"""
info,honesty-negative,maintenance_core/honesty_claims/honesty_claims_audit.csv,980,"info,honesty-negative,maintenance_core/honesty_claims/honesty_claims_audit.csv,890,""info,honesty-negative,mugenforge/sff_codec.py,1195,raise ValueError('SFF2 manifest does not contain a sprites list.')"""
info,honesty-negative,maintenance_core/honesty_claims/honesty_claims_audit.csv,981,"info,honesty-negative,maintenance_core/honesty_claims/honesty_claims_audit.csv,891,""info,honesty-negative,mugenforge/sff_codec.py,1200,""""""""""""""""""""""""""""Build a standard-table SFF2 candidate from a source sprite manifest."""""""
medium,safety-claim,maintenance_core/honesty_claims/honesty_claims_audit.csv,982,"medium,safety-claim,maintenance_core/honesty_claims/honesty_claims_audit.csv,892,""medium,safety-claim,mugenforge/sff_codec.py,1203,MugenForge round-trippable raw/RLE/LZ payloads. It is designed for safe"""
info,honesty-negative,maintenance_core/honesty_claims/honesty_claims_audit.csv,983,"info,honesty-negative,maintenance_core/honesty_claims/honesty_claims_audit.csv,893,""info,honesty-negative,mugenforge/sff_codec.py,1204,candidate builds and round-trip testing; always verify output in the target"""
high,binary-fullness,maintenance_core/honesty_claims/honesty_claims_audit.csv,984,"high,binary-fullness,maintenance_core/honesty_claims/honesty_claims_audit.csv,894,""high,binary-fullness,mugenforge/sff_codec.py,1319,""""def patch_sff2_axis_copy(sff_path: Path, axis_rows: Iterable[Dict[str, Any]], out_path: Path) -> SffInfo:"""""""
info,honesty-negative,maintenance_core/honesty_claims/honesty_claims_audit.csv,985,"info,honesty-negative,maintenance_core/honesty_claims/honesty_claims_audit.csv,895,""info,honesty-negative,mugenforge/sff_codec.py,1396,# public file-format behavior and keeps unsupported compression paths explicit."""
medium,safety-claim,maintenance_core/honesty_claims/honesty_claims_audit.csv,986,"medium,safety-claim,maintenance_core/honesty_claims/honesty_claims_audit.csv,896,""medium,safety-claim,mugenforge/sff_codec.py,1778,It is not claimed as the Elecbyte RLE5/LZ5 codec. It gives creators a safe"""
info,honesty-negative,maintenance_core/honesty_claims/honesty_claims_audit.csv,987,"info,honesty-negative,maintenance_core/honesty_claims/honesty_claims_audit.csv,897,""info,honesty-negative,mugenforge/sff_codec.py,1779,preview instead of silently pretending unsupported compression was decoded."""
info,honesty-negative,maintenance_core/honesty_claims/honesty_claims_audit.csv,988,"info,honesty-negative,maintenance_core/honesty_claims/honesty_claims_audit.csv,898,""info,honesty-negative,mugenforge/sff_codec.py,1947,This is a real table-based SFF2 writer for supported records; it does not"""
info,honesty-negative,maintenance_core/honesty_claims/honesty_claims_audit.csv,989,"info,honesty-negative,maintenance_core/honesty_claims/honesty_claims_audit.csv,899,""info,honesty-negative,mugenforge/sff_codec.py,2044,raise ValueError('SFF2 manifest does not contain a sprite records list.')"""
info,honesty-negative,maintenance_core/honesty_claims/honesty_claims_audit.csv,990,"info,honesty-negative,maintenance_core/honesty_claims/honesty_claims_audit.csv,900,""info,honesty-negative,mugenforge/sff_codec.py,2075,""""f'Unsupported compressed sprites: {info.unsupported_count}',"""""""
info,honesty-negative,maintenance_core/honesty_claims/honesty_claims_audit.csv,991,"info,honesty-negative,maintenance_core/honesty_claims/honesty_claims_audit.csv,901,""info,honesty-negative,mugenforge/sff_codec.py,2144,""""info.warnings.append(f'{s2.unsupported_count} SFF2 sprites use RLE5/LZ5/unsupported compression and are preserved as payloads, not production-decoded.')"""""""
high,binary-fullness,maintenance_core/honesty_claims/honesty_claims_audit.csv,992,"high,binary-fullness,maintenance_core/honesty_claims/honesty_claims_audit.csv,902,""high,binary-fullness,mugenforge/sff_codec.py,2202,""""def _mf_parse_sff2_standard(data: bytes) -> Tuple[Dict[str, Any], List[Sff2StandardRecord], List[Sff2PaletteRecord], List[str]]:  # type: ignore[no-redef]"""""""
info,honesty-negative,maintenance_core/honesty_claims/honesty_claims_audit.csv,993,"info,honesty-negative,maintenance_core/honesty_claims/honesty_claims_audit.csv,903,""info,honesty-negative,mugenforge/sff_codec.py,2579,""""for candidate in (blob, blob[4:] if len(blob) >= 4 else b''):"""""""
info,honesty-negative,maintenance_core/honesty_claims/honesty_claims_audit.csv,994,"info,honesty-negative,maintenance_core/honesty_claims/honesty_claims_audit.csv,904,""info,honesty-negative,mugenforge/sff_codec.py,2581,dec = _mf_zlib.decompress(candidate)"""
info,honesty-negative,maintenance_core/honesty_claims/honesty_claims_audit.csv,995,"info,honesty-negative,maintenance_core/honesty_claims/honesty_claims_audit.csv,905,""info,honesty-negative,mugenforge/sff_codec.py,2586,for candidate in candidates:"""
info,honesty-negative,maintenance_core/honesty_claims/honesty_claims_audit.csv,996,"info,honesty-negative,maintenance_core/honesty_claims/honesty_claims_audit.csv,906,""info,honesty-negative,mugenforge/sff_codec.py,2587,if candidate.startswith(b'\x89PNG\r\n\x1a\n'):"""
info,honesty-negative,maintenance_core/honesty_claims/honesty_claims_audit.csv,997,"info,honesty-negative,maintenance_core/honesty_claims/honesty_claims_audit.csv,907,""info,honesty-negative,mugenforge/sff_codec.py,2588,""""return candidate, 'direct/zlib PNG payload'"""""""
info,honesty-negative,maintenance_core/honesty_claims/honesty_claims_audit.csv,998,"info,honesty-negative,maintenance_core/honesty_claims/honesty_claims_audit.csv,908,""info,honesty-negative,mugenforge/sff_codec.py,2589,if candidate.startswith(b'\x0A'):"""
info,honesty-negative,maintenance_core/honesty_claims/honesty_claims_audit.csv,999,"info,honesty-negative,maintenance_core/honesty_claims/honesty_claims_audit.csv,909,""info,honesty-negative,mugenforge/sff_codec.py,2592,img = Image.open(_MFBytesIO(candidate)).convert('RGBA')"""
info,honesty-negative,maintenance_core/honesty_claims/honesty_claims_audit.csv,1000,"info,honesty-negative,maintenance_core/honesty_claims/honesty_claims_audit.csv,910,""info,honesty-negative,mugenforge/sff_codec.py,2597,""""return candidate, 'direct/zlib PCX payload raw'"""""""
info,honesty-negative,maintenance_core/honesty_claims/honesty_claims_audit.csv,1001,"info,honesty-negative,maintenance_core/honesty_claims/honesty_claims_audit.csv,911,""info,honesty-negative,mugenforge/sff_codec.py,2635,raise ValueError(f'Unsupported SFF2 format code {record.format_code} for record {record.index}.')"""
info,honesty-negative,maintenance_core/honesty_claims/honesty_claims_audit.csv,1002,"info,honesty-negative,maintenance_core/honesty_claims/honesty_claims_audit.csv,912,""info,honesty-negative,mugenforge/sff_codec.py,2670,raise ValueError(f'Unsupported SFF2 build compression: {compression}')"""
info,honesty-negative,maintenance_core/honesty_claims/honesty_claims_audit.csv,1003,"info,honesty-negative,maintenance_core/honesty_claims/honesty_claims_audit.csv,913,""info,honesty-negative,mugenforge/sff_codec.py,2674,""""""""""""""""""""""""""""Build a common-table SFF2 v2.1 candidate from a MugenForge sprite manifest."""""""
high,binary-fullness,maintenance_core/honesty_claims/honesty_claims_audit.csv,1004,"high,binary-fullness,maintenance_core/honesty_claims/honesty_claims_audit.csv,914,""high,binary-fullness,mugenforge/sff_codec.py,2941,""""def _mf_parse_sff2_standard(data: bytes) -> Tuple[Dict[str, Any], List[Sff2StandardRecord], List[Sff2PaletteRecord], List[str]]:  # type: ignore[no-redef]"""""""
info,honesty-negative,maintenance_core/honesty_claims/honesty_claims_audit.csv,1005,"info,honesty-negative,maintenance_core/honesty_claims/honesty_claims_audit.csv,915,""info,honesty-negative,mugenforge/snd_codec.py,240,raise ValueError('Manifest does not contain a sounds list.')"""
info,honesty-negative,maintenance_core/honesty_claims/honesty_claims_audit.csv,1006,"info,honesty-negative,maintenance_core/honesty_claims/honesty_claims_audit.csv,916,""info,honesty-negative,mugenforge/spritesheet_tools.py,101,""""'note': 'This manifest stages sprites for later SFF packing. It does not modify an SFF file.',"""""""
medium,safety-claim,maintenance_core/honesty_claims/honesty_claims_audit.csv,1007,"medium,safety-claim,maintenance_core/honesty_claims/honesty_claims_audit.csv,917,""medium,safety-claim,mugenforge/studio_plus.py,808,""""safe = re.sub(r""""""""[^A-Za-z0-9_\-]+"""""""", """"""""_"""""""", name).strip(""""""""_"""""""") or """"""""new_stage"""""""""""""""
medium,safety-claim,maintenance_core/honesty_claims/honesty_claims_audit.csv,1008,"medium,safety-claim,maintenance_core/honesty_claims/honesty_claims_audit.csv,918,""medium,safety-claim,mugenforge/studio_plus.py,809,stage_dir = parent / safe"""
medium,safety-claim,maintenance_core/honesty_claims/honesty_claims_audit.csv,1009,"medium,safety-claim,maintenance_core/honesty_claims/honesty_claims_audit.csv,919,""medium,safety-claim,mugenforge/studio_plus.py,811,""""def_path = stage_dir / f""""""""{safe}.def"""""""""""""""
medium,safety-claim,maintenance_core/honesty_claims/honesty_claims_audit.csv,1010,"medium,safety-claim,maintenance_core/honesty_claims/honesty_claims_audit.csv,920,""medium,safety-claim,mugenforge/studio_plus.py,818,""""name = """"""""{safe}"""""""""""""""
medium,safety-claim,maintenance_core/honesty_claims/honesty_claims_audit.csv,1011,"medium,safety-claim,maintenance_core/honesty_claims/honesty_claims_audit.csv,921,""medium,safety-claim,mugenforge/studio_plus.py,819,""""displayname = """"""""{safe}"""""""""""""""
medium,safety-claim,maintenance_core/honesty_claims/honesty_claims_audit.csv,1012,"medium,safety-claim,maintenance_core/honesty_claims/honesty_claims_audit.csv,922,""medium,safety-claim,mugenforge/studio_plus.py,864,spr = {safe}.sff"""
high,binary-fullness,maintenance_core/honesty_claims/honesty_claims_audit.csv,1013,"high,binary-fullness,maintenance_core/honesty_claims/honesty_claims_audit.csv,923,""high,binary-fullness,mugenforge/visual_forge.py,270,does not make SFF2 binary claims or mutate mature existing binary assets."""
high,binary-fullness,maintenance_core/honesty_claims/honesty_claims_audit.csv,1014,"high,binary-fullness,maintenance_core/honesty_claims/honesty_claims_audit.csv,924,""high,binary-fullness,mugenforge/visual_forge.py,331,""""""""""""Visual Forge edits text assets and staged source manifests safely; it does not perform arbitrary mature SFF v2 binary rewriting."""""""","""""""
high,engine-authority,maintenance_core/honesty_claims/honesty_claims_audit.csv,1015,"high,engine-authority,maintenance_core/honesty_claims/honesty_claims_audit.csv,925,""high,engine-authority,mugenforge/visual_forge.py,333,""""""""""""Frame data and balance reports are estimates, not engine-authoritative measurements."""""""","""""""
high,binary-fullness,maintenance_core/honesty_claims/honesty_claims_audit.csv,1016,"high,binary-fullness,maintenance_core/honesty_claims/honesty_claims_audit.csv,926,""high,binary-fullness,mugenforge/visual_forge.py,356,3. Use **Sprite Offset / Axis Editor** to align frame offsets visually. Existing SFF binary axes are inspected; arbitrary SFF2 axis mutation is not claimed."""
high,binary-fullness,maintenance_core/honesty_claims/honesty_claims_audit.csv,1017,"high,binary-fullness,maintenance_core/honesty_claims/honesty_claims_audit.csv,927,""high,binary-fullness,mugenforge/visual_forge.py,363,- Full arbitrary mature SFF v2 extraction/rebuild is still not implemented."""
high,engine-authority,maintenance_core/honesty_claims/honesty_claims_audit.csv,1018,"high,engine-authority,maintenance_core/honesty_claims/honesty_claims_audit.csv,928,""high,engine-authority,mugenforge/visual_forge.py,366,""""- Generated gameplay code, frame data, and balance outputs are not engine-authoritative and need testing."""""""
info,honesty-negative,maintenance_core/honesty_claims/honesty_claims_audit.csv,1019,"info,honesty-negative,maintenance_core/honesty_claims/honesty_claims_audit.csv,929,""info,honesty-negative,mugenforge/visual_forge.py,376,- [ ] Create one central backup snapshot before major edits."""
high,engine-authority,maintenance_core/honesty_claims/honesty_claims_audit.csv,1020,"high,engine-authority,maintenance_core/honesty_claims/honesty_claims_audit.csv,930,""high,engine-authority,mugenforge/visual_forge.py,536,""""result.notes.append(""""""""Timeline manifest is source-derived from AIR and parsed code controllers. It is not an engine-authoritative frame-data capture."""""""")"""""""
info,honesty-negative,maintenance_core/honesty_claims/honesty_claims_audit.csv,1021,"info,honesty-negative,maintenance_core/honesty_claims/honesty_claims_audit.csv,931,""info,honesty-negative,mugenforge/visual_forge.py,564,""""backup = backup_file(air_path, root, """"""""timeline_ticks"""""""")"""""""
info,honesty-negative,maintenance_core/honesty_claims/honesty_claims_audit.csv,1022,"info,honesty-negative,maintenance_core/honesty_claims/honesty_claims_audit.csv,932,""info,honesty-negative,mugenforge/visual_forge.py,565,if backup:"""
info,honesty-negative,maintenance_core/honesty_claims/honesty_claims_audit.csv,1023,"info,honesty-negative,maintenance_core/honesty_claims/honesty_claims_audit.csv,933,""info,honesty-negative,mugenforge/visual_forge.py,566,""""result.add_created(root, backup)"""""""
info,honesty-negative,maintenance_core/honesty_claims/honesty_claims_audit.csv,1024,"info,honesty-negative,maintenance_core/honesty_claims/honesty_claims_audit.csv,934,""info,honesty-negative,mugenforge/visual_forge.py,588,""""backup = backup_file(air_path, root, """"""""offset"""""""")"""""""
info,honesty-negative,maintenance_core/honesty_claims/honesty_claims_audit.csv,1025,"info,honesty-negative,maintenance_core/honesty_claims/honesty_claims_audit.csv,935,""info,honesty-negative,mugenforge/visual_forge.py,589,if backup:"""
info,honesty-negative,maintenance_core/honesty_claims/honesty_claims_audit.csv,1026,"info,honesty-negative,maintenance_core/honesty_claims/honesty_claims_audit.csv,936,""info,honesty-negative,mugenforge/visual_forge.py,590,""""result.add_created(root, backup)"""""""
high,binary-fullness,maintenance_core/honesty_claims/honesty_claims_audit.csv,1027,"high,binary-fullness,maintenance_core/honesty_claims/honesty_claims_audit.csv,937,""high,binary-fullness,mugenforge/visual_forge.py,595,""""result.notes.append(""""""""This edits AIR frame offsets. It does not patch arbitrary SFF/SFF2 binary sprite-axis records."""""""")"""""""
high,binary-fullness,maintenance_core/honesty_claims/honesty_claims_audit.csv,1028,"high,binary-fullness,maintenance_core/honesty_claims/honesty_claims_audit.csv,938,""high,binary-fullness,mugenforge/visual_forge.py,615,""""model[""""""""axis_editor_note""""""""] = """"""""Visual Forge can edit AIR frame offsets and staged source manifest axes. It does not claim arbitrary SFF2 binary axis patching."""""""""""""""
medium,safety-claim,maintenance_core/honesty_claims/honesty_claims_audit.csv,1029,"medium,safety-claim,maintenance_core/honesty_claims/honesty_claims_audit.csv,939,""medium,safety-claim,mugenforge/visual_forge.py,640,""""""""""""note"""""""": """"""""Cues are parsed from PlaySnd controllers. Timing is source-derived and should be verified in engine."""""""","""""""
info,honesty-negative,maintenance_core/honesty_claims/honesty_claims_audit.csv,1030,"info,honesty-negative,maintenance_core/honesty_claims/honesty_claims_audit.csv,940,""info,honesty-negative,mugenforge/visual_forge.py,684,""""backup = backup_file(code_path, root, """"""""sound_cue"""""""")"""""""
info,honesty-negative,maintenance_core/honesty_claims/honesty_claims_audit.csv,1031,"info,honesty-negative,maintenance_core/honesty_claims/honesty_claims_audit.csv,941,""info,honesty-negative,mugenforge/visual_forge.py,685,if backup:"""
info,honesty-negative,maintenance_core/honesty_claims/honesty_claims_audit.csv,1032,"info,honesty-negative,maintenance_core/honesty_claims/honesty_claims_audit.csv,942,""info,honesty-negative,mugenforge/visual_forge.py,686,""""result.add_created(root, backup)"""""""
medium,safety-claim,maintenance_core/honesty_claims/honesty_claims_audit.csv,1033,"medium,safety-claim,maintenance_core/honesty_claims/honesty_claims_audit.csv,943,""medium,safety-claim,mugenforge/visual_forge.py,705,""""result.notes.append(""""""""Appended CMD/CNS/AIR blocks using the existing safe Move Wizard append path."""""""")"""""""
info,honesty-negative,maintenance_core/honesty_claims/honesty_claims_audit.csv,1034,"info,honesty-negative,maintenance_core/honesty_claims/honesty_claims_audit.csv,944,""info,honesty-negative,mugenforge/visual_forge.py,737,""""result.warnings.append(f""""""""Source folder does not exist: {source}"""""""")"""""""
info,honesty-negative,maintenance_core/honesty_claims/honesty_claims_audit.csv,1035,"info,honesty-negative,maintenance_core/honesty_claims/honesty_claims_audit.csv,945,""info,honesty-negative,mugenforge/visual_forge.py,757,""""""""""""honest_note"""""""": """"""""This migration copies and profiles the project; it does not guarantee automatic repair of every legacy binary or gameplay behavior."""""""","""""""
info,honesty-negative,maintenance_core/honesty_claims/honesty_claims_audit.csv,1036,"info,honesty-negative,maintenance_core/honesty_claims/honesty_claims_audit.csv,946,""info,honesty-negative,mugenforge/visual_forge.py,768,3. Use Rescue Lab if sprites/sounds are packed or unsupported."""
info,honesty-negative,maintenance_core/honesty_claims/honesty_claims_audit.csv,1037,"info,honesty-negative,maintenance_core/honesty_claims/honesty_claims_audit.csv,947,""info,honesty-negative,mugenforge/visual_forge.py,770,5. Create a backup snapshot before repairs."""
high,binary-fullness,maintenance_core/honesty_claims/honesty_claims_audit.csv,1038,"high,binary-fullness,maintenance_core/honesty_claims/honesty_claims_audit.csv,948,""high,binary-fullness,mugenforge/visual_forge.py,772,Honest limits: migration cannot guarantee full mature SFF2 extraction/rebuild or perfect gameplay conversion."""
high,engine-authority,maintenance_core/honesty_claims/honesty_claims_audit.csv,1039,"high,engine-authority,maintenance_core/honesty_claims/honesty_claims_audit.csv,949,""high,engine-authority,mugenforge/visual_forge.py,794,""""""""""""Use M.U.G.E.N training matches for engine-authoritative frame behavior."""""""","""""""
medium,safety-claim,maintenance_core/honesty_claims/honesty_claims_audit.csv,1040,"medium,safety-claim,maintenance_core/honesty_claims/honesty_claims_audit.csv,950,""medium,safety-claim,mugenforge/visual_forge.py,801,This pack installs a beginner-safe `DisplayToClipboard` debug helper and writes a config file describing what to watch during testing."""
medium,plugin-execution,maintenance_core/honesty_claims/honesty_claims_audit.csv,1041,"medium,plugin-execution,maintenance_core/honesty_claims/honesty_claims_audit.csv,951,""medium,plugin-execution,mugenforge/visual_forge.py,813,""""result = VisualForgeResult(""""""""Plugin / Template Architecture"""""""")"""""""
medium,safety-claim,maintenance_core/honesty_claims/honesty_claims_audit.csv,1042,"medium,safety-claim,maintenance_core/honesty_claims/honesty_claims_audit.csv,952,""medium,safety-claim,mugenforge/visual_forge.py,825,""""{""""""""id"""""""": """"""""balanced_starter"""""""", """"""""name"""""""": """"""""Balanced Starter"""""""", """"""""kind"""""""": """"""""character"""""""", """"""""description"""""""": """"""""Safe shoto-style starter with no-code move scaffolds.""""""""},"""""""
medium,fighter-factory-reference,maintenance_core/honesty_claims/honesty_claims_audit.csv,1043,"medium,fighter-factory-reference,maintenance_core/honesty_claims/honesty_claims_audit.csv,953,""medium,fighter-factory-reference,mugenforge/visual_forge.py,830,""""""""""""note"""""""": """"""""These are MugenForge no-code presets. They are not Fighter Factory assets or code."""""""","""""""
medium,plugin-execution,maintenance_core/honesty_claims/honesty_claims_audit.csv,1044,"medium,plugin-execution,maintenance_core/honesty_claims/honesty_claims_audit.csv,954,""medium,plugin-execution,mugenforge/visual_forge.py,834,""""""""""""schema"""""""": """"""""mugenforge-plugin-manifest-v1"""""""","""""""
medium,plugin-execution,maintenance_core/honesty_claims/honesty_claims_audit.csv,1045,"medium,plugin-execution,maintenance_core/honesty_claims/honesty_claims_audit.csv,955,""medium,plugin-execution,mugenforge/visual_forge.py,838,""""""""""""name"""""""": """"""""Example Recipe Plugin"""""""","""""""
medium,plugin-execution,maintenance_core/honesty_claims/honesty_claims_audit.csv,1046,"medium,plugin-execution,maintenance_core/honesty_claims/honesty_claims_audit.csv,956,""medium,plugin-execution,mugenforge/visual_forge.py,844,""""""""""""security_note"""""""": """"""""Plugin support is intentionally conservative. Data-only presets are supported; arbitrary executable plugins require explicit future design and review."""""""","""""""
medium,plugin-execution,maintenance_core/honesty_claims/honesty_claims_audit.csv,1047,"medium,plugin-execution,maintenance_core/honesty_claims/honesty_claims_audit.csv,957,""medium,plugin-execution,mugenforge/visual_forge.py,855,- No automatic execution of third-party Python code."""
medium,plugin-execution,maintenance_core/honesty_claims/honesty_claims_audit.csv,1048,"medium,plugin-execution,maintenance_core/honesty_claims/honesty_claims_audit.csv,958,""medium,plugin-execution,mugenforge/visual_forge.py,857,""""This is a foundation, not a finished plugin marketplace."""""""
high,binary-fullness,maintenance_core/honesty_claims/honesty_claims_audit.csv,1049,"high,binary-fullness,maintenance_core/honesty_claims/honesty_claims_audit.csv,959,""high,binary-fullness,mugenforge/visual_forge.py,879,""""result.notes.append(""""""""SFF2 Bridge remains source-based and honest: it prepares Sprmake2 source files and does not patch arbitrary mature SFF2 binaries."""""""")"""""""
info,honesty-negative,maintenance_core/honesty_claims/honesty_claims_audit.csv,1050,"info,honesty-negative,maintenance_core/honesty_claims/honesty_claims_audit.csv,960,""info,honesty-negative,mugenforge/visual_forge.py,885,""""result = VisualForgeResult(""""""""Central Backup Snapshot"""""""")"""""""
info,honesty-negative,maintenance_core/honesty_claims/honesty_claims_audit.csv,1051,"info,honesty-negative,maintenance_core/honesty_claims/honesty_claims_audit.csv,961,""info,honesty-negative,mugenforge/visual_forge.py,949,""""result.notes.append(""""""""Quick Start writes source-derived helper files and does not alter existing gameplay code except through explicitly selected tools."""""""")"""""""
medium,safety-claim,maintenance_core/honesty_claims/honesty_claims_audit.csv,1052,"medium,safety-claim,maintenance_core/honesty_claims/honesty_claims_audit.csv,962,""medium,safety-claim,MUGENFORGE_HANDOFF_v3_5.md,29,""""MugenForge Studio remains a clean-room Python/Tkinter M.U.G.E.N character/stage editor. The v3.5 focus is beginner onboarding and visual workflows: the user makes creative decisions while the tool writes safe scaffolds, guides, manifests, backups, reports, and source-based asset handoff files."""""""
medium,plugin-execution,maintenance_core/honesty_claims/honesty_claims_audit.csv,1053,"medium,plugin-execution,maintenance_core/honesty_claims/honesty_claims_audit.csv,963,""medium,plugin-execution,MUGENFORGE_HANDOFF_v3_5.md,40,- Data-only plugin/template foundation."""
info,honesty-negative,maintenance_core/honesty_claims/honesty_claims_audit.csv,1054,"info,honesty-negative,maintenance_core/honesty_claims/honesty_claims_audit.csv,964,""info,honesty-negative,MUGENFORGE_HANDOFF_v3_5.md,42,""""- Central backup, restore, and error-log tab."""""""
medium,fighter-factory-reference,maintenance_core/honesty_claims/honesty_claims_audit.csv,1055,"medium,fighter-factory-reference,maintenance_core/honesty_claims/honesty_claims_audit.csv,965,""medium,fighter-factory-reference,MUGENFORGE_HANDOFF_v3_5.md,46,- Clean-room only. Do not use Fighter Factory / VirtuallTek source code or proprietary assets."""
high,binary-fullness,maintenance_core/honesty_claims/honesty_claims_audit.csv,1056,"high,binary-fullness,maintenance_core/honesty_claims/honesty_claims_audit.csv,966,""high,binary-fullness,MUGENFORGE_HANDOFF_v3_5.md,48,- Full arbitrary mature SFF v2 binary extraction/rebuild is still not implemented."""
high,binary-fullness,maintenance_core/honesty_claims/honesty_claims_audit.csv,1057,"high,binary-fullness,maintenance_core/honesty_claims/honesty_claims_audit.csv,967,""high,binary-fullness,MUGENFORGE_HANDOFF_v3_5.md,49,""""- SFF2 Bridge is a source project / Sprmake2 handoff workflow, not internal arbitrary SFF2 mutation."""""""
high,engine-authority,maintenance_core/honesty_claims/honesty_claims_audit.csv,1058,"high,engine-authority,maintenance_core/honesty_claims/honesty_claims_audit.csv,968,""high,engine-authority,MUGENFORGE_HANDOFF_v3_5.md,51,""""- Balance and frame-data reports are estimates/source-derived, not engine-authoritative."""""""
medium,safety-claim,maintenance_core/honesty_claims/honesty_claims_audit.csv,1059,"medium,safety-claim,maintenance_core/honesty_claims/honesty_claims_audit.csv,969,""medium,safety-claim,MUGENFORGE_HANDOFF_v3_5.md,78,- Replace placeholder timeline tile art with sprite-backed thumbnails where safe sprite extraction or source images are available."""
medium,fighter-factory-reference,maintenance_core/honesty_claims/honesty_claims_audit.csv,1060,"medium,fighter-factory-reference,maintenance_core/honesty_claims/honesty_claims_audit.csv,970,""medium,fighter-factory-reference,MUGENFORGE_HANDOFF_v4_0.md,32,- Do not use or reference proprietary Fighter Factory / VirtuallTek source code or assets."""
high,binary-fullness,maintenance_core/honesty_claims/honesty_claims_audit.csv,1061,"high,binary-fullness,maintenance_core/honesty_claims/honesty_claims_audit.csv,971,""high,binary-fullness,MUGENFORGE_HANDOFF_v4_0.md,33,- Do not claim arbitrary mature SFF v2 binary extraction/rebuild; it is still not implemented."""
high,engine-authority,maintenance_core/honesty_claims/honesty_claims_audit.csv,1062,"high,engine-authority,maintenance_core/honesty_claims/honesty_claims_audit.csv,972,""high,engine-authority,MUGENFORGE_HANDOFF_v4_0.md,37,""""- Frame-data, graph, and balance reports are source-analysis aids and estimates, not engine-authoritative runtime telemetry."""""""
medium,plugin-execution,maintenance_core/honesty_claims/honesty_claims_audit.csv,1063,"medium,plugin-execution,maintenance_core/honesty_claims/honesty_claims_audit.csv,973,""medium,plugin-execution,MUGENFORGE_HANDOFF_v4_0.md,38,- Plugin/template support is metadata/preset based; do not auto-run untrusted downloaded Python code."""
medium,plugin-execution,maintenance_core/honesty_claims/honesty_claims_audit.csv,1064,"medium,plugin-execution,maintenance_core/honesty_claims/honesty_claims_audit.csv,974,""medium,plugin-execution,MUGENFORGE_HANDOFF_v4_0.md,74,- Template / Plugin Foundation"""
medium,plugin-execution,maintenance_core/honesty_claims/honesty_claims_audit.csv,1065,"medium,plugin-execution,maintenance_core/honesty_claims/honesty_claims_audit.csv,975,""medium,plugin-execution,MUGENFORGE_HANDOFF_v4_0.md,121,""""- Ran state graph, variable usage, sprite/sound cross-reference, template/plugin, stage authoring, image editor, archive import, and reports ZIP workflows."""""""
medium,safety-claim,maintenance_core/honesty_claims/honesty_claims_audit.csv,1066,"medium,safety-claim,maintenance_core/honesty_claims/honesty_claims_audit.csv,976,""medium,safety-claim,MUGENFORGE_HANDOFF_v4_0.md,122,""""- Verified dashboard, unified index, capability matrix, state graph HTML, command sheet, AIR batch sheet, variable map, template manifest, and stage authoring pack outputs exist."""""""
medium,safety-claim,maintenance_core/honesty_claims/honesty_claims_audit.csv,1067,"medium,safety-claim,maintenance_core/honesty_claims/honesty_claims_audit.csv,977,""medium,safety-claim,MUGENFORGE_HANDOFF_v4_0.md,127,- Verified title is `MugenForge Studio 4.0 Forge Beyond`."""
medium,safety-claim,maintenance_core/honesty_claims/honesty_claims_audit.csv,1068,"medium,safety-claim,maintenance_core/honesty_claims/honesty_claims_audit.csv,978,""medium,safety-claim,MUGENFORGE_HANDOFF_v4_0.md,128,- Verified the app has 38 tabs."""
medium,safety-claim,maintenance_core/honesty_claims/honesty_claims_audit.csv,1069,"medium,safety-claim,maintenance_core/honesty_claims/honesty_claims_audit.csv,979,""medium,safety-claim,MUGENFORGE_HANDOFF_v4_0.md,129,- Verified **Project Home** is selected at startup."""
medium,safety-claim,maintenance_core/honesty_claims/honesty_claims_audit.csv,1070,"medium,safety-claim,maintenance_core/honesty_claims/honesty_claims_audit.csv,980,""medium,safety-claim,MUGENFORGE_HANDOFF_v4_0.md,130,- Verified **Forge Beyond** tab exists."""
medium,plugin-execution,maintenance_core/honesty_claims/honesty_claims_audit.csv,1071,"medium,plugin-execution,maintenance_core/honesty_claims/honesty_claims_audit.csv,981,""medium,plugin-execution,MUGENFORGE_HANDOFF_v4_1.md,41,- Data-only template/plugin validation/import."""
info,honesty-negative,maintenance_core/honesty_claims/honesty_claims_audit.csv,1072,"info,honesty-negative,maintenance_core/honesty_claims/honesty_claims_audit.csv,982,""info,honesty-negative,MUGENFORGE_HANDOFF_v4_1.md,43,- Backup history browser."""
info,honesty-negative,maintenance_core/honesty_claims/honesty_claims_audit.csv,1073,"info,honesty-negative,maintenance_core/honesty_claims/honesty_claims_audit.csv,983,""info,honesty-negative,MUGENFORGE_HANDOFF_v4_1.md,44,- Individual backup restore with pre-restore guard copies."""
medium,fighter-factory-reference,maintenance_core/honesty_claims/honesty_claims_audit.csv,1074,"medium,fighter-factory-reference,maintenance_core/honesty_claims/honesty_claims_audit.csv,984,""medium,fighter-factory-reference,MUGENFORGE_HANDOFF_v4_1.md,49,""""This is a clean-room M.U.G.E.N creator suite. Do not use or claim Fighter Factory / VirtuallTek source code, assets, or proprietary logic."""""""
high,binary-fullness,maintenance_core/honesty_claims/honesty_claims_audit.csv,1075,"high,binary-fullness,maintenance_core/honesty_claims/honesty_claims_audit.csv,985,""high,binary-fullness,MUGENFORGE_HANDOFF_v4_1.md,51,Full mature arbitrary SFF v2 extraction/rebuild/mutation is still not implemented. SFF2 work remains source-project/Sprmake2 handoff based. Do not soften this limitation unless a real native implementation and test corpus are added."""
medium,fighter-factory-reference,maintenance_core/honesty_claims/honesty_claims_audit.csv,1076,"medium,fighter-factory-reference,maintenance_core/honesty_claims/honesty_claims_audit.csv,986,""medium,fighter-factory-reference,MUGENFORGE_HANDOFF_v4_5.md,44,- This is not Fighter Factory source code."""
medium,fighter-factory-reference,maintenance_core/honesty_claims/honesty_claims_audit.csv,1077,"medium,fighter-factory-reference,maintenance_core/honesty_claims/honesty_claims_audit.csv,987,""medium,fighter-factory-reference,MUGENFORGE_HANDOFF_v4_5.md,45,""""- Do not use, reference, copy, or claim VirtuallTek/Fighter Factory source code or assets."""""""
high,binary-fullness,maintenance_core/honesty_claims/honesty_claims_audit.csv,1078,"high,binary-fullness,maintenance_core/honesty_claims/honesty_claims_audit.csv,988,""high,binary-fullness,MUGENFORGE_HANDOFF_v4_5.md,46,- Keep all SFF/SND mutation conservative and honest."""
high,binary-fullness,maintenance_core/honesty_claims/honesty_claims_audit.csv,1079,"high,binary-fullness,maintenance_core/honesty_claims/honesty_claims_audit.csv,989,""high,binary-fullness,MUGENFORGE_HANDOFF_v4_5.md,47,- Full arbitrary mature SFF v2 binary editing/rebuilding is still not implemented."""
medium,safety-claim,maintenance_core/honesty_claims/honesty_claims_audit.csv,1080,"medium,safety-claim,maintenance_core/honesty_claims/honesty_claims_audit.csv,990,""medium,safety-claim,MUGENFORGE_HANDOFF_v4_5.md,63,- Inline timeline operations: frame duplicate/delete/reorder where safe."""
medium,safety-claim,maintenance_core/honesty_claims/honesty_claims_audit.csv,1081,"medium,safety-claim,maintenance_core/honesty_claims/honesty_claims_audit.csv,991,""medium,safety-claim,MUGENFORGE_HANDOFF_v5_0.md,17,""""- Supported SFF v1 payload extraction, embedded PNG discovery, and MugenForge PNG-subset extraction for verified cases."""""""
info,honesty-negative,maintenance_core/honesty_claims/honesty_claims_audit.csv,1082,"info,honesty-negative,maintenance_core/honesty_claims/honesty_claims_audit.csv,992,""info,honesty-negative,MUGENFORGE_HANDOFF_v5_0.md,20,- Experimental MugenForge PNG-subset SFF2-style copy builder for pipeline testing."""
high,binary-fullness,maintenance_core/honesty_claims/honesty_claims_audit.csv,1083,"high,binary-fullness,maintenance_core/honesty_claims/honesty_claims_audit.csv,993,""high,binary-fullness,MUGENFORGE_HANDOFF_v5_0.md,27,This remains clean-room. Do not use Fighter Factory / VirtualTek source code or assets. Keep SFF2 claims honest. Full arbitrary mature SFF2 binary extraction/rebuild/mutation is still not implemented."""
medium,safety-claim,maintenance_core/honesty_claims/honesty_claims_audit.csv,1084,"medium,safety-claim,maintenance_core/honesty_claims/honesty_claims_audit.csv,994,""medium,safety-claim,MUGENFORGE_HANDOFF_v5_0.md,31,""""v5.1 should deepen the Binary Core and editor feel by adding broader SFF2 fixture tests, more verified payload decoders only when format details are confirmed, a guided install/restore browser for rebuilt SND/SFF candidates, stronger visual binary diff views, and better integration between Binary Core outputs and the Forge Timeline editor."""""""
info,honesty-negative,maintenance_core/honesty_claims/honesty_claims_audit.csv,1085,"info,honesty-negative,maintenance_core/honesty_claims/honesty_claims_audit.csv,995,""info,honesty-negative,MUGENFORGE_HANDOFF_v5_5.md,14,""""v5.5 is the binary maturity pass. It closes much of the v5.0 gap list by adding common-table SFF2 parsing, decoded export for PNG/raw/RLE8/RLE5/LZ5 candidate paths, standard SFF2 candidate rebuilds, copied SFF axis mutation, guarded SND slot patch candidates, and runtime evidence scaffolding."""""""
high,binary-fullness,maintenance_core/honesty_claims/honesty_claims_audit.csv,1086,"high,binary-fullness,maintenance_core/honesty_claims/honesty_claims_audit.csv,996,""high,binary-fullness,MUGENFORGE_HANDOFF_v5_5.md,18,Do not claim every arbitrary SFF2 file in the wild is guaranteed. The parser handles common v2/v2.1 table layouts and refuses unknown/corrupt cases with reports. Candidate SFF2 builds and SND patches still need target-engine testing before release."""
info,honesty-negative,maintenance_core/honesty_claims/honesty_claims_audit.csv,1087,"info,honesty-negative,maintenance_core/honesty_claims/honesty_claims_audit.csv,997,""info,honesty-negative,MUGENFORGE_HANDOFF_v6_1.md,15,""""The current focus is closing the runtime feedback gap. MugenForge now has a top-level **Runtime Lab** that creates configs, launch scripts, test plans, debug overlays, log parsers, evidence indexes, regression checklists, readiness reports, and bundles around actual external engine tests."""""""
medium,fighter-factory-reference,maintenance_core/honesty_claims/honesty_claims_audit.csv,1088,"medium,fighter-factory-reference,maintenance_core/honesty_claims/honesty_claims_audit.csv,998,""medium,fighter-factory-reference,MUGENFORGE_HANDOFF_v6_1.md,52,- Clean-room only. Do not use or claim Fighter Factory / VirtuallTek source code or proprietary assets."""
high,engine-authority,maintenance_core/honesty_claims/honesty_claims_audit.csv,1089,"high,engine-authority,maintenance_core/honesty_claims/honesty_claims_audit.csv,999,""high,engine-authority,MUGENFORGE_HANDOFF_v6_1.md,53,- Runtime Lab must remain honest: it organizes external testing but does not emulate the engine."""
info,honesty-negative,maintenance_core/honesty_claims/honesty_claims_audit.csv,1090,"info,honesty-negative,maintenance_core/honesty_claims/honesty_claims_audit.csv,1000,""info,honesty-negative,MUGENFORGE_HANDOFF_v6_1.md,55,""""- Runtime readiness must be described as an evidence aid, not a guarantee."""""""
info,honesty-negative,maintenance_core/honesty_claims/honesty_claims_audit.csv,1091,"info,honesty-negative,maintenance_core/honesty_claims/honesty_claims_audit.csv,1001,""info,honesty-negative,MUGENFORGE_HANDOFF_v6_1.md,56,- Binary edits must remain backup/candidate-first."""
medium,safety-claim,maintenance_core/honesty_claims/honesty_claims_audit.csv,1092,"medium,safety-claim,maintenance_core/honesty_claims/honesty_claims_audit.csv,1002,""medium,safety-claim,MUGENFORGE_HANDOFF_v6_1.md,63,- Optional safe engine-launch execution inside MugenForge with user confirmation."""
medium,safety-claim,maintenance_core/honesty_claims/honesty_claims_audit.csv,1093,"medium,safety-claim,maintenance_core/honesty_claims/honesty_claims_audit.csv,1003,""medium,safety-claim,MUGENFORGE_HANDOFF_v7_0.md,17,""""v7.0 adds/retains the late-project evidence stack: **Authority Lab**, **Evidence Core**, **Closure Lab**, **Gap Closer**, and **Authority Core**. These directly target the prior honest limitation list with source-level runtime simulation, external-engine adapter validation, SFF/SND corpus validation, unknown-binary triage, verified binary install/commit with roll"
medium,fighter-factory-reference,maintenance_core/honesty_claims/honesty_claims_audit.csv,1094,"medium,fighter-factory-reference,maintenance_core/honesty_claims/honesty_claims_audit.csv,1004,""medium,fighter-factory-reference,MUGENFORGE_HANDOFF_v7_5.md,14,""""- Clean-room only. Do not use or claim Fighter Factory / VirtuallTek source, assets, or proprietary logic."""""""
high,engine-authority,maintenance_core/honesty_claims/honesty_claims_audit.csv,1095,"high,engine-authority,maintenance_core/honesty_claims/honesty_claims_audit.csv,1005,""high,engine-authority,MUGENFORGE_HANDOFF_v7_5.md,16,- Do not claim static reports are engine-authoritative unless backed by external engine evidence."""
medium,safety-claim,maintenance_core/honesty_claims/honesty_claims_audit.csv,1096,"medium,safety-claim,maintenance_core/honesty_claims/honesty_claims_audit.csv,1006,""medium,safety-claim,MUGENFORGE_HANDOFF_v7_5.md,17,- Do not blindly overwrite user binaries; preserve candidate/backup/verified install workflows."""
medium,plugin-execution,maintenance_core/honesty_claims/honesty_claims_audit.csv,1097,"medium,plugin-execution,maintenance_core/honesty_claims/honesty_claims_audit.csv,1007,""medium,plugin-execution,MUGENFORGE_HANDOFF_v7_5.md,18,- Do not auto-run untrusted third-party Python plugins."""
info,honesty-negative,maintenance_core/honesty_claims/honesty_claims_audit.csv,1098,"info,honesty-negative,maintenance_core/honesty_claims/honesty_claims_audit.csv,1008,""info,honesty-negative,MUGENFORGE_HANDOFF_v7_5.md,34,""""- v3.5 Visual Forge: beginner home, timeline, axis, sound cue, migration, backup logs."""""""
info,honesty-negative,maintenance_core/honesty_claims/honesty_claims_audit.csv,1099,"info,honesty-negative,maintenance_core/honesty_claims/honesty_claims_audit.csv,1009,""info,honesty-negative,MUGENFORGE_HANDOFF_v7_5.md,36,""""- v4.1 Forge Polish: validation previews, sound cue apply, sprite-backed preview, backup history."""""""
info,honesty-negative,maintenance_core/honesty_claims/honesty_claims_audit.csv,1100,"info,honesty-negative,maintenance_core/honesty_claims/honesty_claims_audit.csv,1010,""info,honesty-negative,MUGENFORGE_HANDOFF_v7_5.md,38,- v5.0 Binary Core: conservative SFF/SND binary inspection and candidate workflows."""
info,honesty-negative,maintenance_core/honesty_claims/honesty_claims_audit.csv,1101,"info,honesty-negative,maintenance_core/honesty_claims/honesty_claims_audit.csv,1011,""info,honesty-negative,MUGENFORGE_HANDOFF_v7_5.md,40,""""- v6.1 Runtime Lab: external engine launchers, logs, evidence, readiness reports."""""""
medium,safety-claim,maintenance_core/honesty_claims/honesty_claims_audit.csv,1102,"medium,safety-claim,maintenance_core/honesty_claims/honesty_claims_audit.csv,1012,""medium,safety-claim,MUGENFORGE_HANDOFF_v7_5.md,41,""""- v7.0 Evidence Core line: gap closure, authority/evidence labs, source runtime modeling, corpus validation, verified installs."""""""
info,honesty-negative,maintenance_core/honesty_claims/honesty_claims_audit.csv,1103,"info,honesty-negative,maintenance_core/honesty_claims/honesty_claims_audit.csv,1013,""info,honesty-negative,operator_console/DECISION_LOG.md,15,- Keep binary edits candidate/backup/evidence-first."""
medium,fighter-factory-reference,maintenance_core/honesty_claims/honesty_claims_audit.csv,1104,"medium,fighter-factory-reference,maintenance_core/honesty_claims/honesty_claims_audit.csv,1014,""medium,fighter-factory-reference,operator_console/NEXT_CHAT_HANDOFF.md,43,""""- Do not use or copy Fighter Factory / VirtualTek source, assets, or proprietary logic."""""""
info,honesty-negative,maintenance_core/honesty_claims/honesty_claims_audit.csv,1105,"info,honesty-negative,maintenance_core/honesty_claims/honesty_claims_audit.csv,1015,""info,honesty-negative,operator_console/NEXT_CHAT_HANDOFF.md,44,""""- Keep binary work honest; unsupported/corrupt/custom binaries should be triaged and preserved, not guessed."""""""
info,honesty-negative,maintenance_core/honesty_claims/honesty_claims_audit.csv,1106,"info,honesty-negative,maintenance_core/honesty_claims/honesty_claims_audit.csv,1016,""info,honesty-negative,operator_console/NEXT_CHAT_HANDOFF.md,45,- Candidate builds and mutation flows should write backups and verification reports before install."""
info,honesty-negative,maintenance_core/honesty_claims/honesty_claims_audit.csv,1107,"info,honesty-negative,maintenance_core/honesty_claims/honesty_claims_audit.csv,1017,""info,honesty-negative,operator_console/NEXT_CHAT_HANDOFF.md,51,2. Add real project corpus tests for SFF2/SND variants and keep unsupported cases visible."""
info,honesty-negative,maintenance_core/honesty_claims/honesty_claims_audit.csv,1108,"info,honesty-negative,maintenance_core/honesty_claims/honesty_claims_audit.csv,1018,""info,honesty-negative,operator_console/OPERATOR_DASHBOARD.md,42,3. **Binary Maturity / Evidence Core** for SFF/SND candidate validation and runtime-backed promotion."""
info,honesty-negative,maintenance_core/honesty_claims/honesty_claims_audit.csv,1109,"info,honesty-negative,maintenance_core/honesty_claims/honesty_claims_audit.csv,1019,""info,honesty-negative,operator_console/OPERATOR_DASHBOARD.md,53,- Operator Console consolidates project state and next steps. It does not replace engine testing."""
info,honesty-negative,maintenance_core/honesty_claims/honesty_claims_audit.csv,1110,"info,honesty-negative,maintenance_core/honesty_claims/honesty_claims_audit.csv,1020,""info,honesty-negative,operator_console/OPERATOR_DASHBOARD.md,54,- Binary and runtime tools remain candidate/backup/evidence first. Review generated sheets before applying edits."""
info,honesty-negative,maintenance_core/honesty_claims/honesty_claims_audit.csv,1111,"info,honesty-negative,maintenance_core/honesty_claims/honesty_claims_audit.csv,1021,""info,honesty-negative,operator_console/operator_roadmap.csv,8,""""7,Corpus validation,backlog,Expand real-world SFF2/SND test corpus and record supported/unsupported buckets.,Long-term product maturity"""""""
info,honesty-negative,maintenance_core/honesty_claims/honesty_claims_audit.csv,1112,"info,honesty-negative,maintenance_core/honesty_claims/honesty_claims_audit.csv,1022,""info,honesty-negative,operator_console/OPERATOR_ROADMAP.md,13,| 7 | Corpus validation | backlog | Expand real-world SFF2/SND test corpus and record supported/unsupported buckets. | Long-term product maturity |"""
high,engine-authority,maintenance_core/honesty_claims/honesty_claims_audit.csv,1113,"high,engine-authority,maintenance_core/honesty_claims/honesty_claims_audit.csv,1023,""high,engine-authority,operator_console/OPERATOR_START_HERE.md,21,Honest scope: Operator Console makes project state easier to resume and audit. It does not make static analysis engine-authoritative."""
medium,safety-claim,maintenance_core/honesty_claims/honesty_claims_audit.csv,1114,"medium,safety-claim,maintenance_core/honesty_claims/honesty_claims_audit.csv,1024,""medium,safety-claim,operator_console/release_readiness/release_readiness_packet.json,101,""""""""""""Binary candidate installs should be verified with hashes and rollback manifests."""""""""""""""
medium,fighter-factory-reference,maintenance_core/honesty_claims/honesty_claims_audit.csv,1115,"medium,fighter-factory-reference,maintenance_core/honesty_claims/honesty_claims_audit.csv,1025,""medium,fighter-factory-reference,operator_console/RESUME_PROMPT.txt,43,""""- Do not use or copy Fighter Factory / VirtualTek source, assets, or proprietary logic."""""""
info,honesty-negative,maintenance_core/honesty_claims/honesty_claims_audit.csv,1116,"info,honesty-negative,maintenance_core/honesty_claims/honesty_claims_audit.csv,1026,""info,honesty-negative,operator_console/RESUME_PROMPT.txt,44,""""- Keep binary work honest; unsupported/corrupt/custom binaries should be triaged and preserved, not guessed."""""""
info,honesty-negative,maintenance_core/honesty_claims/honesty_claims_audit.csv,1117,"info,honesty-negative,maintenance_core/honesty_claims/honesty_claims_audit.csv,1027,""info,honesty-negative,operator_console/RESUME_PROMPT.txt,45,- Candidate builds and mutation flows should write backups and verification reports before install."""
info,honesty-negative,maintenance_core/honesty_claims/honesty_claims_audit.csv,1118,"info,honesty-negative,maintenance_core/honesty_claims/honesty_claims_audit.csv,1028,""info,honesty-negative,operator_console/RESUME_PROMPT.txt,51,2. Add real project corpus tests for SFF2/SND variants and keep unsupported cases visible."""
medium,safety-claim,maintenance_core/honesty_claims/honesty_claims_audit.csv,1119,"medium,safety-claim,maintenance_core/honesty_claims/honesty_claims_audit.csv,1029,""medium,safety-claim,README.md,8,""""- **Evidence Core** cockpit for engine-backed evidence, corpus validation, verified candidate promotion, runtime tuning, and release gates."""""""
info,honesty-negative,maintenance_core/honesty_claims/honesty_claims_audit.csv,1120,"info,honesty-negative,maintenance_core/honesty_claims/honesty_claims_audit.csv,1030,""info,honesty-negative,README.md,11,""""- **External engine adapter/probe workflows** with config, exact command previews, dry-run/live subprocess execution, stdout/stderr/result capture, and validation reports."""""""
medium,safety-claim,maintenance_core/honesty_claims/honesty_claims_audit.csv,1121,"medium,safety-claim,maintenance_core/honesty_claims/honesty_claims_audit.csv,1031,""medium,safety-claim,README.md,13,""""- **Verified binary commit/install sheets** that can promote tested SFF/SND candidates into live project files with backups, commit tokens, and rollback snapshots."""""""
high,engine-authority,maintenance_core/honesty_claims/honesty_claims_audit.csv,1122,"high,engine-authority,maintenance_core/honesty_claims/honesty_claims_audit.csv,1032,""high,engine-authority,README.md,37,""""v7.0 does not bundle M.U.G.E.N or IKEMEN. It can simulate common source-level behavior and can run a user-configured external engine, but full engine authority still comes from captured external-engine evidence. Unknown, corrupt, encrypted, or custom binary formats are fingerprinted and triaged rather than guessed. Direct binary installation is supported only through verified"
medium,safety-claim,maintenance_core/honesty_claims/honesty_claims_audit.csv,1123,"medium,safety-claim,maintenance_core/honesty_claims/honesty_claims_audit.csv,1033,""medium,safety-claim,README.md,46,""""- **Evidence Core**: engine profile setup/probe, launch matrix, validation runs, evidence ingest, SFF2 corpus harness, verified install sheet, runtime tuning, and playtest closure report."""""""
medium,safety-claim,maintenance_core/honesty_claims/honesty_claims_audit.csv,1124,"medium,safety-claim,maintenance_core/honesty_claims/honesty_claims_audit.csv,1034,""medium,safety-claim,README.md,49,""""- **Authority Lab**: source runtime simulation, SFF2 corpus validation, evidence authority gate, verified binary commit, and gameplay tuning workbench."""""""
medium,safety-claim,maintenance_core/honesty_claims/honesty_claims_audit.csv,1125,"medium,safety-claim,maintenance_core/honesty_claims/honesty_claims_audit.csv,1035,""medium,safety-claim,README.md,50,""""- **Authority Core**: external engine scenario runner, runtime reconciliation, SFF/SND corpus validation, unknown-binary triage, verified candidate installer, and authority score."""""""
info,honesty-negative,maintenance_core/honesty_claims/honesty_claims_audit.csv,1126,"info,honesty-negative,maintenance_core/honesty_claims/honesty_claims_audit.csv,1036,""info,honesty-negative,README.md,56,| No M.U.G.E.N/IKEMEN simulation | Added offline source-runtime simulation plus external-engine adapter runs. The simulator is a preflight tool; the external engine remains the runtime source of truth. |"""
info,honesty-negative,maintenance_core/honesty_claims/honesty_claims_audit.csv,1127,"info,honesty-negative,maintenance_core/honesty_claims/honesty_claims_audit.csv,1037,""info,honesty-negative,README.md,61,""""| Binary mutation was candidate-only | Added guarded promotion/commit/install workflows with enabled rows, commit tokens, SHA-256 checks, backups, and rollback. Blind overwrite remains blocked by design. |"""""""
medium,safety-claim,maintenance_core/honesty_claims/honesty_claims_audit.csv,1128,"medium,safety-claim,maintenance_core/honesty_claims/honesty_claims_audit.csv,1038,""medium,safety-claim,README.md,85,""""v7.0 does not bundle M.U.G.E.N or IKEMEN and does not claim impossible coverage for encrypted or custom binary formats. When a local engine executable and/or real SFF/SND corpus is provided, MugenForge can run the configured workflows and record evidence. Unknown binaries are fingerprinted and triaged. Verified binary installs are supported, but blind overwrites remain intentiona"
high,engine-authority,maintenance_core/honesty_claims/honesty_claims_audit.csv,1129,"high,engine-authority,maintenance_core/honesty_claims/honesty_claims_audit.csv,1039,""high,engine-authority,RELEASE_SUMMARY_v3_5.md,7,""""The implementation is clean-room Python/Tkinter code. It does not use, reference, or emulate Fighter Factory / VirtuallTek source code, assets, or proprietary logic."""""""
info,honesty-negative,maintenance_core/honesty_claims/honesty_claims_audit.csv,1130,"info,honesty-negative,maintenance_core/honesty_claims/honesty_claims_audit.csv,1040,""info,honesty-negative,RELEASE_SUMMARY_v3_5.md,15,""""- Added Open Recent, Quick Start, tutorial text, home-doc generation, template install, SFF2 bridge pack, and backup buttons."""""""
medium,safety-claim,maintenance_core/honesty_claims/honesty_claims_audit.csv,1131,"medium,safety-claim,maintenance_core/honesty_claims/honesty_claims_audit.csv,1041,""medium,safety-claim,RELEASE_SUMMARY_v3_5.md,30,- Shows safe SFF axis reference metadata where the current SFF parser can inspect it."""
high,binary-fullness,maintenance_core/honesty_claims/honesty_claims_audit.csv,1132,"high,binary-fullness,maintenance_core/honesty_claims/honesty_claims_audit.csv,1042,""high,binary-fullness,RELEASE_SUMMARY_v3_5.md,31,- Does not claim arbitrary SFF2 binary axis mutation."""
medium,safety-claim,maintenance_core/honesty_claims/honesty_claims_audit.csv,1133,"medium,safety-claim,maintenance_core/honesty_claims/honesty_claims_audit.csv,1043,""medium,safety-claim,RELEASE_SUMMARY_v3_5.md,44,- Can append generated move blocks using the existing backup-safe Move Wizard path."""
medium,safety-claim,maintenance_core/honesty_claims/honesty_claims_audit.csv,1134,"medium,safety-claim,maintenance_core/honesty_claims/honesty_claims_audit.csv,1044,""medium,safety-claim,RELEASE_SUMMARY_v3_5.md,55,- Installs the existing safe debug overlay preset."""
medium,plugin-execution,maintenance_core/honesty_claims/honesty_claims_audit.csv,1135,"medium,plugin-execution,maintenance_core/honesty_claims/honesty_claims_audit.csv,1045,""medium,plugin-execution,RELEASE_SUMMARY_v3_5.md,58,### 8. Plugin / Template Architecture"""
medium,plugin-execution,maintenance_core/honesty_claims/honesty_claims_audit.csv,1136,"medium,plugin-execution,maintenance_core/honesty_claims/honesty_claims_audit.csv,1046,""medium,plugin-execution,RELEASE_SUMMARY_v3_5.md,61,- Writes data-only no-code template and plugin manifest scaffolds."""
medium,plugin-execution,maintenance_core/honesty_claims/honesty_claims_audit.csv,1137,"medium,plugin-execution,maintenance_core/honesty_claims/honesty_claims_audit.csv,1047,""medium,plugin-execution,RELEASE_SUMMARY_v3_5.md,62,- Keeps arbitrary third-party Python code execution disabled."""
info,honesty-negative,maintenance_core/honesty_claims/honesty_claims_audit.csv,1138,"info,honesty-negative,maintenance_core/honesty_claims/honesty_claims_audit.csv,1048,""info,honesty-negative,RELEASE_SUMMARY_v3_5.md,69,### 10. Central Backup / Undo / Error-Log System"""
info,honesty-negative,maintenance_core/honesty_claims/honesty_claims_audit.csv,1139,"info,honesty-negative,maintenance_core/honesty_claims/honesty_claims_audit.csv,1049,""info,honesty-negative,RELEASE_SUMMARY_v3_5.md,126,- AIR frame tick update with backup — passed."""
info,honesty-negative,maintenance_core/honesty_claims/honesty_claims_audit.csv,1140,"info,honesty-negative,maintenance_core/honesty_claims/honesty_claims_audit.csv,1050,""info,honesty-negative,RELEASE_SUMMARY_v3_5.md,127,- AIR offset update with backup — passed."""
info,honesty-negative,maintenance_core/honesty_claims/honesty_claims_audit.csv,1141,"info,honesty-negative,maintenance_core/honesty_claims/honesty_claims_audit.csv,1051,""info,honesty-negative,RELEASE_SUMMARY_v3_5.md,129,- PlaySnd cue insertion with backup — passed."""
medium,plugin-execution,maintenance_core/honesty_claims/honesty_claims_audit.csv,1142,"medium,plugin-execution,maintenance_core/honesty_claims/honesty_claims_audit.csv,1052,""medium,plugin-execution,RELEASE_SUMMARY_v3_5.md,132,- Template/plugin scaffold generation — passed."""
info,honesty-negative,maintenance_core/honesty_claims/honesty_claims_audit.csv,1143,"info,honesty-negative,maintenance_core/honesty_claims/honesty_claims_audit.csv,1053,""info,honesty-negative,RELEASE_SUMMARY_v3_5.md,133,- Backup snapshot creation — passed."""
high,binary-fullness,maintenance_core/honesty_claims/honesty_claims_audit.csv,1144,"high,binary-fullness,maintenance_core/honesty_claims/honesty_claims_audit.csv,1054,""high,binary-fullness,RELEASE_SUMMARY_v3_5.md,140,- Full arbitrary mature SFF v2 extraction/rebuild is not implemented."""
medium,safety-claim,maintenance_core/honesty_claims/honesty_claims_audit.csv,1145,"medium,safety-claim,maintenance_core/honesty_claims/honesty_claims_audit.csv,1055,""medium,safety-claim,RELEASE_SUMMARY_v3_5.md,141,- SFF2 Bridge creates source projects for external Sprmake2 use; it is not byte-perfect SFF2 binary mutation."""
high,binary-fullness,maintenance_core/honesty_claims/honesty_claims_audit.csv,1146,"high,binary-fullness,maintenance_core/honesty_claims/honesty_claims_audit.csv,1056,""high,binary-fullness,RELEASE_SUMMARY_v3_5.md,142,- Mature existing-SFF/SND binary mutation remains conservative."""
high,engine-authority,maintenance_core/honesty_claims/honesty_claims_audit.csv,1147,"high,engine-authority,maintenance_core/honesty_claims/honesty_claims_audit.csv,1057,""high,engine-authority,RELEASE_SUMMARY_v3_5.md,144,""""- Visual Timeline and balance/frame-data reports are source-derived estimates, not engine-authoritative measurements."""""""
medium,plugin-execution,maintenance_core/honesty_claims/honesty_claims_audit.csv,1148,"medium,plugin-execution,maintenance_core/honesty_claims/honesty_claims_audit.csv,1058,""medium,plugin-execution,RELEASE_SUMMARY_v3_5.md,145,""""- Plugin support is a data-only template/preset foundation, not a finished marketplace or arbitrary executable plugin system."""""""
medium,fighter-factory-reference,maintenance_core/honesty_claims/honesty_claims_audit.csv,1149,"medium,fighter-factory-reference,maintenance_core/honesty_claims/honesty_claims_audit.csv,1059,""medium,fighter-factory-reference,RELEASE_SUMMARY_v4_0.md,5,""""MugenForge Studio v4.0 adds a new **Forge Beyond** clean-room parity+ layer. It targets public Fighter Factory-style M.U.G.E.N authoring workflows while keeping MugenForge's own implementation, UI, reports, and data models."""""""
medium,plugin-execution,maintenance_core/honesty_claims/honesty_claims_audit.csv,1150,"medium,plugin-execution,maintenance_core/honesty_claims/honesty_claims_audit.csv,1060,""medium,plugin-execution,RELEASE_SUMMARY_v4_0.md,18,- Template/plugin foundation."""
medium,fighter-factory-reference,maintenance_core/honesty_claims/honesty_claims_audit.csv,1151,"medium,fighter-factory-reference,maintenance_core/honesty_claims/honesty_claims_audit.csv,1061,""medium,fighter-factory-reference,RELEASE_SUMMARY_v4_0.md,27,The user requested the broad capabilities associated with a Fighter Factory-style workflow and wanted MugenForge to go beyond them. v4.0 does that as a clean-room implementation: it expands practical authoring coverage without copying proprietary code/assets and without overstating risky binary capabilities."""
high,binary-fullness,maintenance_core/honesty_claims/honesty_claims_audit.csv,1152,"high,binary-fullness,maintenance_core/honesty_claims/honesty_claims_audit.csv,1062,""high,binary-fullness,RELEASE_SUMMARY_v4_0.md,51,- Full mature arbitrary SFF v2 extraction/rebuild/mutation is not implemented."""
high,engine-authority,maintenance_core/honesty_claims/honesty_claims_audit.csv,1153,"high,engine-authority,maintenance_core/honesty_claims/honesty_claims_audit.csv,1063,""high,engine-authority,RELEASE_SUMMARY_v4_0.md,54,""""- Frame/balance/graph reports are source-analysis aids, not engine-authoritative telemetry."""""""
info,honesty-negative,maintenance_core/honesty_claims/honesty_claims_audit.csv,1154,"info,honesty-negative,maintenance_core/honesty_claims/honesty_claims_audit.csv,1064,""info,honesty-negative,RELEASE_SUMMARY_v4_0.md,55,- Plugin/template architecture remains metadata/data-first and does not auto-run untrusted community Python code."""
info,honesty-negative,maintenance_core/honesty_claims/honesty_claims_audit.csv,1155,"info,honesty-negative,maintenance_core/honesty_claims/honesty_claims_audit.csv,1065,""info,honesty-negative,RELEASE_SUMMARY_v4_1.md,13,""""v4.0 added broad clean-room parity-plus workflows. v4.1 focuses on the next practical need: making those workflows safer, clearer, and more visual before users mutate project files. It adds one cockpit for validation, previews, beginner next steps, sound cue sheet insertion, state-flow graphing, template import, stage source-art preview, backup history, and repo"
info,honesty-negative,maintenance_core/honesty_claims/honesty_claims_audit.csv,1156,"info,honesty-negative,maintenance_core/honesty_claims/honesty_claims_audit.csv,1066,""info,honesty-negative,RELEASE_SUMMARY_v4_1.md,44,- Does not mutate SND binary banks."""
medium,safety-claim,maintenance_core/honesty_claims/honesty_claims_audit.csv,1157,"medium,safety-claim,maintenance_core/honesty_claims/honesty_claims_audit.csv,1067,""medium,safety-claim,RELEASE_SUMMARY_v4_1.md,50,- Uses supported SFF v1 sprite payload export where safe."""
medium,plugin-execution,maintenance_core/honesty_claims/honesty_claims_audit.csv,1158,"medium,plugin-execution,maintenance_core/honesty_claims/honesty_claims_audit.csv,1068,""medium,plugin-execution,RELEASE_SUMMARY_v4_1.md,62,- Validates template/plugin data files."""
info,honesty-negative,maintenance_core/honesty_claims/honesty_claims_audit.csv,1159,"info,honesty-negative,maintenance_core/honesty_claims/honesty_claims_audit.csv,1069,""info,honesty-negative,RELEASE_SUMMARY_v4_1.md,65,- Does not auto-run downloaded plugins."""
info,honesty-negative,maintenance_core/honesty_claims/honesty_claims_audit.csv,1160,"info,honesty-negative,maintenance_core/honesty_claims/honesty_claims_audit.csv,1070,""info,honesty-negative,RELEASE_SUMMARY_v4_1.md,73,### Backup history and restore"""
info,honesty-negative,maintenance_core/honesty_claims/honesty_claims_audit.csv,1161,"info,honesty-negative,maintenance_core/honesty_claims/honesty_claims_audit.csv,1071,""info,honesty-negative,RELEASE_SUMMARY_v4_1.md,75,- Indexes backup/snapshot artifacts."""
info,honesty-negative,maintenance_core/honesty_claims/honesty_claims_audit.csv,1162,"info,honesty-negative,maintenance_core/honesty_claims/honesty_claims_audit.csv,1072,""info,honesty-negative,RELEASE_SUMMARY_v4_1.md,76,- Shows backup history in the UI."""
info,honesty-negative,maintenance_core/honesty_claims/honesty_claims_audit.csv,1163,"info,honesty-negative,maintenance_core/honesty_claims/honesty_claims_audit.csv,1073,""info,honesty-negative,RELEASE_SUMMARY_v4_1.md,77,- Restores individual backup files with a pre-restore guard copy when the target exists."""
high,binary-fullness,maintenance_core/honesty_claims/honesty_claims_audit.csv,1164,"high,binary-fullness,maintenance_core/honesty_claims/honesty_claims_audit.csv,1074,""high,binary-fullness,RELEASE_SUMMARY_v4_1.md,82,- Full mature arbitrary SFF v2 extraction/rebuild/mutation is still not implemented."""
high,engine-authority,maintenance_core/honesty_claims/honesty_claims_audit.csv,1165,"high,engine-authority,maintenance_core/honesty_claims/honesty_claims_audit.csv,1075,""high,engine-authority,RELEASE_SUMMARY_v4_1.md,86,""""- Balance/frame-data/graph/dashboard reports are source-analysis aids, not engine-authoritative runtime telemetry."""""""
info,honesty-negative,maintenance_core/honesty_claims/honesty_claims_audit.csv,1166,"info,honesty-negative,maintenance_core/honesty_claims/honesty_claims_audit.csv,1076,""info,honesty-negative,RELEASE_SUMMARY_v4_1.md,87,- Template/plugin support remains data/metadata based and does not run arbitrary downloaded Python code."""
high,binary-fullness,maintenance_core/honesty_claims/honesty_claims_audit.csv,1167,"high,binary-fullness,maintenance_core/honesty_claims/honesty_claims_audit.csv,1077,""high,binary-fullness,RELEASE_SUMMARY_v4_5.md,74,- Full mature arbitrary SFF v2 extraction/rebuild/mutation is still not implemented."""
info,honesty-negative,maintenance_core/honesty_claims/honesty_claims_audit.csv,1168,"info,honesty-negative,maintenance_core/honesty_claims/honesty_claims_audit.csv,1078,""info,honesty-negative,RELEASE_SUMMARY_v4_5.md,79,- Palette Studio writes ACT variants but does not patch SFF palette tables."""
high,engine-authority,maintenance_core/honesty_claims/honesty_claims_audit.csv,1169,"high,engine-authority,maintenance_core/honesty_claims/honesty_claims_audit.csv,1079,""high,engine-authority,RELEASE_SUMMARY_v4_5.md,80,""""- Stage Live Preview is approximate and does not emulate M.U.G.E.N rendering, parallax, or BGCtrl timing authoritatively."""""""
high,engine-authority,maintenance_core/honesty_claims/honesty_claims_audit.csv,1170,"high,engine-authority,maintenance_core/honesty_claims/honesty_claims_audit.csv,1080,""high,engine-authority,RELEASE_SUMMARY_v4_5.md,82,""""- Frame-data, balance, graph, dashboard, and preview reports are source-analysis aids, not engine-authoritative runtime telemetry."""""""
info,honesty-negative,maintenance_core/honesty_claims/honesty_claims_audit.csv,1171,"info,honesty-negative,maintenance_core/honesty_claims/honesty_claims_audit.csv,1081,""info,honesty-negative,RELEASE_SUMMARY_v5_0.md,20,- MugenForge PNG-subset SFF2 probe/extract/axis-copy support for files created by the v5.0 experimental subset builder"""
info,honesty-negative,maintenance_core/honesty_claims/honesty_claims_audit.csv,1172,"info,honesty-negative,maintenance_core/honesty_claims/honesty_claims_audit.csv,1082,""info,honesty-negative,RELEASE_SUMMARY_v5_0.md,23,- Experimental MugenForge PNG-subset SFF2-style copy builder for pipeline testing"""
info,honesty-negative,maintenance_core/honesty_claims/honesty_claims_audit.csv,1173,"info,honesty-negative,maintenance_core/honesty_claims/honesty_claims_audit.csv,1083,""info,honesty-negative,RELEASE_SUMMARY_v5_0.md,25,- Rebuilt SND candidate generation from WAV payloads"""
medium,safety-claim,maintenance_core/honesty_claims/honesty_claims_audit.csv,1174,"medium,safety-claim,maintenance_core/honesty_claims/honesty_claims_audit.csv,1084,""medium,safety-claim,RELEASE_SUMMARY_v5_0.md,39,- SFF axis patched-copy apply verified by creating a patched copy with updated axis values."""
medium,safety-claim,maintenance_core/honesty_claims/honesty_claims_audit.csv,1175,"medium,safety-claim,maintenance_core/honesty_claims/honesty_claims_audit.csv,1085,""medium,safety-claim,RELEASE_SUMMARY_v5_0.md,40,- SND rebuilt-candidate apply verified by reading the rebuilt SND."""
medium,safety-claim,maintenance_core/honesty_claims/honesty_claims_audit.csv,1176,"medium,safety-claim,maintenance_core/honesty_claims/honesty_claims_audit.csv,1086,""medium,safety-claim,RELEASE_SUMMARY_v5_0.md,41,""""- SFF2 PNG-subset smoke test verified inspection, payload export, axis sheet export, and patched-copy axis apply on the experimental subset format."""""""
high,binary-fullness,maintenance_core/honesty_claims/honesty_claims_audit.csv,1177,"high,binary-fullness,maintenance_core/honesty_claims/honesty_claims_audit.csv,1087,""high,binary-fullness,RELEASE_SUMMARY_v5_0.md,46,- Full arbitrary mature SFF v2 extraction/rebuild/mutation is still not implemented."""
info,honesty-negative,maintenance_core/honesty_claims/honesty_claims_audit.csv,1178,"info,honesty-negative,maintenance_core/honesty_claims/honesty_claims_audit.csv,1088,""info,honesty-negative,RELEASE_SUMMARY_v5_0.md,47,- Unknown SFF2 compression/layout decoding is not implemented."""
high,binary-fullness,maintenance_core/honesty_claims/honesty_claims_audit.csv,1179,"high,binary-fullness,maintenance_core/honesty_claims/honesty_claims_audit.csv,1089,""high,binary-fullness,RELEASE_SUMMARY_v5_0.md,48,- SFF2 release rebuild still uses source workspace handoff rather than arbitrary in-place binary mutation."""
info,honesty-negative,maintenance_core/honesty_claims/honesty_claims_audit.csv,1180,"info,honesty-negative,maintenance_core/honesty_claims/honesty_claims_audit.csv,1090,""info,honesty-negative,RELEASE_SUMMARY_v5_0.md,49,""""- The experimental MugenForge PNG-subset SFF2-style copy is a pipeline/testing format, not a full Sprmake2 replacement."""""""
info,honesty-negative,maintenance_core/honesty_claims/honesty_claims_audit.csv,1181,"info,honesty-negative,maintenance_core/honesty_claims/honesty_claims_audit.csv,1091,""info,honesty-negative,RELEASE_SUMMARY_v5_5.md,16,""""- Standard SFF2 manifest-to-candidate builder with PNG32, raw8, RLE8, RLE5, and LZ5 source modes."""""""
info,honesty-negative,maintenance_core/honesty_claims/honesty_claims_audit.csv,1182,"info,honesty-negative,maintenance_core/honesty_claims/honesty_claims_audit.csv,1092,""info,honesty-negative,RELEASE_SUMMARY_v5_5.md,21,- SND rebuild candidate workflows retained."""
info,honesty-negative,maintenance_core/honesty_claims/honesty_claims_audit.csv,1183,"info,honesty-negative,maintenance_core/honesty_claims/honesty_claims_audit.csv,1093,""info,honesty-negative,RELEASE_SUMMARY_v5_5.md,41,- Native SFF2 rebuilds are candidate files and still require target-engine testing."""
high,engine-authority,maintenance_core/honesty_claims/honesty_claims_audit.csv,1184,"high,engine-authority,maintenance_core/honesty_claims/honesty_claims_audit.csv,1094,""high,engine-authority,RELEASE_SUMMARY_v5_5.md,44,- Static reports are not engine-authoritative; runtime evidence is only engine-authoritative when captured from a configured external engine run."""
info,honesty-negative,maintenance_core/honesty_claims/honesty_claims_audit.csv,1185,"info,honesty-negative,maintenance_core/honesty_claims/honesty_claims_audit.csv,1095,""info,honesty-negative,RELEASE_SUMMARY_v6_1.md,13,""""v5.5 closed more of the binary gap, but the project still needed a serious way to turn static reports into actual engine-test evidence. v6.1 adds Runtime Lab: a dedicated cockpit for external engine launch profiles, debug overlays, test scenarios, log parsing, screenshot/log evidence indexing, regression checklists, readiness scoring, and shareable runtime bundl"
info,honesty-negative,maintenance_core/honesty_claims/honesty_claims_audit.csv,1186,"info,honesty-negative,maintenance_core/honesty_claims/honesty_claims_audit.csv,1096,""info,honesty-negative,RELEASE_SUMMARY_v6_1.md,67,The overlay installer appends a State `-2` DisplayToClipboard/AppendToClipboard helper with a backup first. It gives creators live values during manual engine testing."""
high,engine-authority,maintenance_core/honesty_claims/honesty_claims_audit.csv,1187,"high,engine-authority,maintenance_core/honesty_claims/honesty_claims_audit.csv,1097,""high,engine-authority,RELEASE_SUMMARY_v6_1.md,90,""""- Runtime Lab does not run, emulate, or simulate M.U.G.E.N/IKEMEN internally."""""""
high,engine-authority,maintenance_core/honesty_claims/honesty_claims_audit.csv,1188,"high,engine-authority,maintenance_core/honesty_claims/honesty_claims_audit.csv,1098,""high,engine-authority,RELEASE_SUMMARY_v6_1.md,92,""""- Readiness scoring is a release aid, not engine-authoritative certification."""""""
info,honesty-negative,maintenance_core/honesty_claims/honesty_claims_audit.csv,1189,"info,honesty-negative,maintenance_core/honesty_claims/honesty_claims_audit.csv,1099,""info,honesty-negative,RELEASE_SUMMARY_v6_1.md,94,- Binary mutation remains backup/candidate-first and avoids blind overwrites."""
info,honesty-negative,maintenance_core/honesty_claims/honesty_claims_audit.csv,1190,"info,honesty-negative,maintenance_core/honesty_claims/honesty_claims_audit.csv,1100,""info,honesty-negative,RELEASE_SUMMARY_v7_0.md,13,""""The previous honest limitations were real gaps: runtime simulation, engine-profile certainty, SFF/SND corpus coverage, unknown binary triage, candidate-only binary mutation, generated-code tuning, and report authority. v7.0 turns those gaps into executable workflows with visible outputs, evidence folders, CSV sheets, commit tokens, parser checks, backups, and ro"
medium,safety-claim,maintenance_core/honesty_claims/honesty_claims_audit.csv,1191,"medium,safety-claim,maintenance_core/honesty_claims/honesty_claims_audit.csv,1101,""medium,safety-claim,RELEASE_SUMMARY_v7_0.md,25,""""- Verified binary commit/install workflows with hashes, commit tokens, backups, and rollback."""""""
info,honesty-negative,maintenance_core/honesty_claims/honesty_claims_audit.csv,1192,"info,honesty-negative,maintenance_core/honesty_claims/honesty_claims_audit.csv,1102,""info,honesty-negative,RELEASE_SUMMARY_v7_0.md,65,Added explicit commit/install sheets that promote generated SFF/SND candidates into live project files only with enabled rows and confirmation/commit tokens. Backup snapshots and rollback manifests are written first."""
info,honesty-negative,maintenance_core/honesty_claims/honesty_claims_audit.csv,1193,"info,honesty-negative,maintenance_core/honesty_claims/honesty_claims_audit.csv,1103,""info,honesty-negative,RELEASE_SUMMARY_v7_0.md,77,- MugenForge does not bundle M.U.G.E.N or IKEMEN."""
medium,safety-claim,maintenance_core/honesty_claims/honesty_claims_audit.csv,1194,"medium,safety-claim,maintenance_core/honesty_claims/honesty_claims_audit.csv,1104,""medium,safety-claim,TEST_RESULTS_v4_0.txt,24,Verified title: MugenForge Studio 4.0 Forge Beyond."""
medium,safety-claim,maintenance_core/honesty_claims/honesty_claims_audit.csv,1195,"medium,safety-claim,maintenance_core/honesty_claims/honesty_claims_audit.csv,1105,""medium,safety-claim,TEST_RESULTS_v4_0.txt,25,Verified notebook loads with 38 tabs."""
medium,safety-claim,maintenance_core/honesty_claims/honesty_claims_audit.csv,1196,"medium,safety-claim,maintenance_core/honesty_claims/honesty_claims_audit.csv,1106,""medium,safety-claim,TEST_RESULTS_v4_0.txt,26,Verified Project Home is selected at startup."""
medium,safety-claim,maintenance_core/honesty_claims/honesty_claims_audit.csv,1197,"medium,safety-claim,maintenance_core/honesty_claims/honesty_claims_audit.csv,1107,""medium,safety-claim,TEST_RESULTS_v4_0.txt,27,Verified Forge Beyond tab exists."""
medium,safety-claim,maintenance_core/honesty_claims/honesty_claims_audit.csv,1198,"medium,safety-claim,maintenance_core/honesty_claims/honesty_claims_audit.csv,1108,""medium,safety-claim,TEST_RESULTS_v4_0.txt,46,Verified key outputs:"""
high,binary-fullness,maintenance_core/honesty_claims/honesty_claims_audit.csv,1199,"high,binary-fullness,maintenance_core/honesty_claims/honesty_claims_audit.csv,1109,""high,binary-fullness,TEST_RESULTS_v4_0.txt,61,- README retains full arbitrary mature SFF v2 limitation."""
high,binary-fullness,maintenance_core/honesty_claims/honesty_claims_audit.csv,1200,"high,binary-fullness,maintenance_core/honesty_claims/honesty_claims_audit.csv,1110,""high,binary-fullness,TEST_RESULTS_v4_0.txt,62,- Forge Beyond capability matrix uses source-based SFF2 language and does not claim byte-perfect arbitrary SFF2 mutation."""
info,honesty-negative,maintenance_core/honesty_claims/honesty_claims_audit.csv,1201,"info,honesty-negative,maintenance_core/honesty_claims/honesty_claims_audit.csv,1111,""info,honesty-negative,TEST_RESULTS_v4_1.txt,28,- Enabled sound cue apply with backup creation: PASS"""
info,honesty-negative,maintenance_core/honesty_claims/honesty_claims_audit.csv,1202,"info,honesty-negative,maintenance_core/honesty_claims/honesty_claims_audit.csv,1112,""info,honesty-negative,TEST_RESULTS_v4_1.txt,33,- Backup history indexing: PASS"""
info,honesty-negative,maintenance_core/honesty_claims/honesty_claims_audit.csv,1203,"info,honesty-negative,maintenance_core/honesty_claims/honesty_claims_audit.csv,1113,""info,honesty-negative,TEST_RESULTS_v4_1.txt,43,- backup rows detected after apply/pass: PASS"""
medium,safety-claim,maintenance_core/honesty_claims/honesty_claims_audit.csv,1204,"medium,safety-claim,maintenance_core/honesty_claims/honesty_claims_audit.csv,1114,""medium,safety-claim,TEST_RESULTS_v4_1.txt,47,- App title verified: PASS"""
high,binary-fullness,maintenance_core/honesty_claims/honesty_claims_audit.csv,1205,"high,binary-fullness,maintenance_core/honesty_claims/honesty_claims_audit.csv,1115,""high,binary-fullness,TEST_RESULTS_v4_1.txt,53,- No full arbitrary mature SFF v2 binary editing/rebuilding was added or claimed."""
medium,safety-claim,maintenance_core/honesty_claims/honesty_claims_audit.csv,1206,"medium,safety-claim,maintenance_core/honesty_claims/honesty_claims_audit.csv,1116,""medium,safety-claim,TEST_RESULTS_v5_0.txt,41,- SFF axis sheet patched-copy apply; patched SFF readback verified updated axis values."""
medium,safety-claim,maintenance_core/honesty_claims/honesty_claims_audit.csv,1207,"medium,safety-claim,maintenance_core/honesty_claims/honesty_claims_audit.csv,1117,""medium,safety-claim,TEST_RESULTS_v5_0.txt,44,- SND rebuilt-candidate apply; rebuilt SND readback verified sounds present."""
info,honesty-negative,maintenance_core/honesty_claims/honesty_claims_audit.csv,1208,"info,honesty-negative,maintenance_core/honesty_claims/honesty_claims_audit.csv,1118,""info,honesty-negative,TEST_RESULTS_v5_0.txt,48,Experimental SFF2 PNG-subset fixture"""
info,honesty-negative,maintenance_core/honesty_claims/honesty_claims_audit.csv,1209,"info,honesty-negative,maintenance_core/honesty_claims/honesty_claims_audit.csv,1119,""info,honesty-negative,TEST_RESULTS_v5_0.txt,52,- Built a MugenForge experimental PNG-table SFF2-style copy."""
medium,safety-claim,maintenance_core/honesty_claims/honesty_claims_audit.csv,1210,"medium,safety-claim,maintenance_core/honesty_claims/honesty_claims_audit.csv,1120,""medium,safety-claim,TEST_RESULTS_v5_0.txt,60,- Title verified: MugenForge Studio 5.0 Binary Core."""
high,binary-fullness,maintenance_core/honesty_claims/honesty_claims_audit.csv,1211,"high,binary-fullness,maintenance_core/honesty_claims/honesty_claims_audit.csv,1121,""high,binary-fullness,TEST_RESULTS_v5_0.txt,66,- Full arbitrary mature SFF2 extraction/rebuild/mutation is still not implemented."""
info,honesty-negative,maintenance_core/honesty_claims/honesty_claims_audit.csv,1212,"info,honesty-negative,maintenance_core/honesty_claims/honesty_claims_audit.csv,1122,""info,honesty-negative,TEST_RESULTS_v5_0.txt,67,- RLE5/RLE8/LZ5 payload decoding is not implemented."""
info,honesty-negative,maintenance_core/honesty_claims/honesty_claims_audit.csv,1213,"info,honesty-negative,maintenance_core/honesty_claims/honesty_claims_audit.csv,1123,""info,honesty-negative,TEST_RESULTS_v5_0.txt,70,""""- Experimental PNG-table SFF2-style copy is for MugenForge pipeline inspection/testing, not a Sprmake2 replacement."""""""
info,honesty-negative,maintenance_core/honesty_claims/honesty_claims_audit.csv,1214,"info,honesty-negative,maintenance_core/honesty_claims/honesty_claims_audit.csv,1124,""info,honesty-negative,TEST_RESULTS_v5_5.txt,12,Built common-table SFF2 candidate from source manifest."""
info,honesty-negative,maintenance_core/honesty_claims/honesty_claims_audit.csv,1215,"info,honesty-negative,maintenance_core/honesty_claims/honesty_claims_audit.csv,1125,""info,honesty-negative,TEST_RESULTS_v5_5.txt,19,Replaced generated SFF with v5.5 standard SFF2 candidate."""
info,honesty-negative,maintenance_core/honesty_claims/honesty_claims_audit.csv,1216,"info,honesty-negative,maintenance_core/honesty_claims/honesty_claims_audit.csv,1126,""info,honesty-negative,TEST_RESULTS_v5_5.txt,30,""""Created Binary Maturity report, edit workspace, source build candidate path, SND patch sheet, runtime harness, and bundle."""""""
medium,safety-claim,maintenance_core/honesty_claims/honesty_claims_audit.csv,1217,"medium,safety-claim,maintenance_core/honesty_claims/honesty_claims_audit.csv,1127,""medium,safety-claim,TEST_RESULTS_v5_5.txt,41,Title verified."""
medium,safety-claim,maintenance_core/honesty_claims/honesty_claims_audit.csv,1218,"medium,safety-claim,maintenance_core/honesty_claims/honesty_claims_audit.csv,1128,""medium,safety-claim,TEST_RESULTS_v6_1.txt,34,Verified runtime artifacts"""
info,honesty-negative,maintenance_core/honesty_claims/honesty_claims_audit.csv,1219,"info,honesty-negative,maintenance_core/honesty_claims/honesty_claims_audit.csv,1129,""info,honesty-negative,TEST_RESULTS_v6_1.txt,56,The launch-script workflow reports a warning when no local engine executable is configured. This is expected: MugenForge does not bundle M.U.G.E.N/IKEMEN and requires the user to point Runtime Lab at their own engine install."""
high,binary-fullness,maintenance_core/honesty_claims/honesty_claims_audit.csv,1220,"high,binary-fullness,maintenance_core/honesty_claims/honesty_claims_audit.md,13,- Do not claim full arbitrary SFF2 support unless validated against a broad real-world corpus."
high,engine-authority,maintenance_core/honesty_claims/honesty_claims_audit.csv,1221,"high,engine-authority,maintenance_core/honesty_claims/honesty_claims_audit.md,14,- Do not call static reports engine-authoritative unless backed by actual engine evidence."
medium,safety-claim,maintenance_core/honesty_claims/honesty_claims_audit.csv,1222,"medium,safety-claim,maintenance_core/honesty_claims/honesty_claims_audit.md,15,- Keep candidate/backup-first wording for binary mutation unless direct install is proven safe."
medium,plugin-execution,maintenance_core/honesty_claims/honesty_claims_audit.csv,1223,"medium,plugin-execution,maintenance_core/honesty_claims/honesty_claims_audit.md,16,- Do not auto-run untrusted community Python plugins without a genuine sandbox."
info,honesty-negative,maintenance_core/honesty_claims/honesty_claims_audit.csv,1224,"info,honesty-negative,maintenance_core/honesty_claims/honesty_claims_audit.md,20,""- **info / honesty-negative** `CHANGELOG.md:14` — - Explicit binary mutation commit/install sheets with candidate verification, commit tokens, rollback snapshots, and restore workflow."""
info,honesty-negative,maintenance_core/honesty_claims/honesty_claims_audit.csv,1225,"info,honesty-negative,maintenance_core/honesty_claims/honesty_claims_audit.md,21,""- **info / honesty-negative** `CHANGELOG.md:23` — - Binary mutation workflows now include explicit reviewed commits, hashes, backups, and rollback snapshots instead of only candidate generation."""
medium,safety-claim,maintenance_core/honesty_claims/honesty_claims_audit.csv,1226,"medium,safety-claim,maintenance_core/honesty_claims/honesty_claims_audit.md,22,- **medium / safety-claim** `CHANGELOG.md:26` — ### Verified"
info,honesty-negative,maintenance_core/honesty_claims/honesty_claims_audit.csv,1227,"info,honesty-negative,maintenance_core/honesty_claims/honesty_claims_audit.md,23,- **info / honesty-negative** `CHANGELOG.md:40` — - MugenForge does not bundle M.U.G.E.N or IKEMEN."
medium,safety-claim,maintenance_core/honesty_claims/honesty_claims_audit.csv,1228,"medium,safety-claim,maintenance_core/honesty_claims/honesty_claims_audit.md,24,- **medium / safety-claim** `CHANGELOG.md:44` — - Blind overwrites remain blocked; verified binary writes use backups and explicit opt-in sheets."
info,honesty-negative,maintenance_core/honesty_claims/honesty_claims_audit.csv,1229,"info,honesty-negative,maintenance_core/honesty_claims/honesty_claims_audit.md,25,- **info / honesty-negative** `CHANGELOG.md:56` — - Optional State `-2` DisplayToClipboard/AppendToClipboard debug overlay installer with backup."
info,honesty-negative,maintenance_core/honesty_claims/honesty_claims_audit.csv,1230,"info,honesty-negative,maintenance_core/honesty_claims/honesty_claims_audit.md,26,""- **info / honesty-negative** `CHANGELOG.md:68` — - The recommended late-project loop is now: generate launcher/test plan, run the external engine, collect logs/evidence, parse logs, and regenerate readiness."""
medium,safety-claim,maintenance_core/honesty_claims/honesty_claims_audit.csv,1231,"medium,safety-claim,maintenance_core/honesty_claims/honesty_claims_audit.md,27,- **medium / safety-claim** `CHANGELOG.md:70` — ### Verified"
info,honesty-negative,maintenance_core/honesty_claims/honesty_claims_audit.csv,1232,"info,honesty-negative,maintenance_core/honesty_claims/honesty_claims_audit.md,28,- **info / honesty-negative** `CHANGELOG.md:76` — - Debug overlay backup/append behavior."
high,engine-authority,maintenance_core/honesty_claims/honesty_claims_audit.csv,1233,"high,engine-authority,maintenance_core/honesty_claims/honesty_claims_audit.md,29,- **high / engine-authority** `CHANGELOG.md:86` — - MugenForge does not emulate or simulate M.U.G.E.N/IKEMEN."
high,engine-authority,maintenance_core/honesty_claims/honesty_claims_audit.csv,1234,"high,engine-authority,maintenance_core/honesty_claims/honesty_claims_audit.md,30,""- **high / engine-authority** `CHANGELOG.md:88` — - Runtime readiness is an evidence aid, not engine-authoritative certification."""
info,honesty-negative,maintenance_core/honesty_claims/honesty_claims_audit.csv,1235,"info,honesty-negative,maintenance_core/honesty_claims/honesty_claims_audit.md,31,- **info / honesty-negative** `CHANGELOG.md:90` — - Binary SFF/SND mutation remains candidate/backup-first and avoids blind overwrites."
info,honesty-negative,maintenance_core/honesty_claims/honesty_claims_audit.csv,1236,"info,honesty-negative,maintenance_core/honesty_claims/honesty_claims_audit.md,32,""- **info / honesty-negative** `CHANGELOG.md:97` — - Decoded SFF2 export for PNG, raw indexed/truecolor, RLE8, RLE5, and LZ5 candidate paths."""
info,honesty-negative,maintenance_core/honesty_claims/honesty_claims_audit.csv,1237,"info,honesty-negative,maintenance_core/honesty_claims/honesty_claims_audit.md,33,- **info / honesty-negative** `CHANGELOG.md:98` — - Standard SFF2 candidate builder from source manifests."
info,honesty-negative,maintenance_core/honesty_claims/honesty_claims_audit.csv,1238,"info,honesty-negative,maintenance_core/honesty_claims/honesty_claims_audit.md,34,- **info / honesty-negative** `CHANGELOG.md:112` — - Candidate SFF2/SND outputs still require target-engine testing."
info,honesty-negative,maintenance_core/honesty_claims/honesty_claims_audit.csv,1239,"info,honesty-negative,maintenance_core/honesty_claims/honesty_claims_audit.md,35,- **info / honesty-negative** `CHANGELOG.md:122` — - SFF2 edit workspace export/apply for supported axis/source-image edits and rebuilt candidate copies."
medium,safety-claim,maintenance_core/honesty_claims/honesty_claims_audit.csv,1240,"medium,safety-claim,maintenance_core/honesty_claims/honesty_claims_audit.md,36,""- **medium / safety-claim** `CHANGELOG.md:134` — - Native SFF2 output is now a controlled table-backed writer path verified by MugenForge parser/export round trips, not the earlier private PNG-subset experiment."""
medium,safety-claim,maintenance_core/honesty_claims/honesty_claims_audit.csv,1241,"medium,safety-claim,maintenance_core/honesty_claims/honesty_claims_audit.md,37,- **medium / safety-claim** `CHANGELOG.md:137` — ### Verified"
info,honesty-negative,maintenance_core/honesty_claims/honesty_claims_audit.csv,1242,"info,honesty-negative,maintenance_core/honesty_claims/honesty_claims_audit.md,38,- **info / honesty-negative** `CHANGELOG.md:145` — - SND slot patch sheet export and copied patch candidate apply."
medium,safety-claim,maintenance_core/honesty_claims/honesty_claims_audit.csv,1243,"medium,safety-claim,maintenance_core/honesty_claims/honesty_claims_audit.md,39,- **medium / safety-claim** `CHANGELOG.md:152` — - v5.5 codec coverage is verified on controlled fixtures; broad real-world corpus validation remains necessary."
info,honesty-negative,maintenance_core/honesty_claims/honesty_claims_audit.csv,1244,"info,honesty-negative,maintenance_core/honesty_claims/honesty_claims_audit.md,40,- **info / honesty-negative** `CHANGELOG.md:154` — - Binary mutation workflows write candidate copies/backups first; blind overwrite is intentionally avoided."
medium,safety-claim,maintenance_core/honesty_claims/honesty_claims_audit.csv,1245,"medium,safety-claim,maintenance_core/honesty_claims/honesty_claims_audit.md,41,""- **medium / safety-claim** `CHANGELOG.md:165` — - Supported SFF v1 payload extraction, conservative embedded PNG discovery, and MugenForge PNG-subset SFF2 payload extraction where records can be verified."""
info,honesty-negative,maintenance_core/honesty_claims/honesty_claims_audit.csv,1246,"info,honesty-negative,maintenance_core/honesty_claims/honesty_claims_audit.md,42,""- **info / honesty-negative** `CHANGELOG.md:169` — - Rebuilt SND candidate generation from WAV payloads, leaving the current SND untouched until manually installed/tested."""
medium,safety-claim,maintenance_core/honesty_claims/honesty_claims_audit.csv,1247,"medium,safety-claim,maintenance_core/honesty_claims/honesty_claims_audit.md,43,- **medium / safety-claim** `CHANGELOG.md:179` — ### Verified"
info,honesty-negative,maintenance_core/honesty_claims/honesty_claims_audit.csv,1248,"info,honesty-negative,maintenance_core/honesty_claims/honesty_claims_audit.md,44,- **info / honesty-negative** `CHANGELOG.md:189` — - SND bank sheet export and rebuilt-candidate apply."
high,binary-fullness,maintenance_core/honesty_claims/honesty_claims_audit.csv,1249,"high,binary-fullness,maintenance_core/honesty_claims/honesty_claims_audit.md,45,- **high / binary-fullness** `CHANGELOG.md:196` — - Full arbitrary mature SFF v2 extraction/rebuild/mutation is still not implemented."
info,honesty-negative,maintenance_core/honesty_claims/honesty_claims_audit.csv,1250,"info,honesty-negative,maintenance_core/honesty_claims/honesty_claims_audit.md,46,- **info / honesty-negative** `CHANGELOG.md:198` — - SFF axis apply creates patched copies; it does not blindly overwrite the original SFF."
info,honesty-negative,maintenance_core/honesty_claims/honesty_claims_audit.csv,1251,"info,honesty-negative,maintenance_core/honesty_claims/honesty_claims_audit.md,47,- **info / honesty-negative** `CHANGELOG.md:200` — - SFF2 release rebuild remains source/Sprmake2 based; the experimental MugenForge PNG-subset copy is for pipeline testing only."
medium,safety-claim,maintenance_core/honesty_claims/honesty_claims_audit.csv,1252,"medium,safety-claim,maintenance_core/honesty_claims/honesty_claims_audit.md,48,- **medium / safety-claim** `CHANGELOG.md:224` — ### Verified"
info,honesty-negative,maintenance_core/honesty_claims/honesty_claims_audit.csv,1253,"info,honesty-negative,maintenance_core/honesty_claims/honesty_claims_audit.md,49,- **info / honesty-negative** `CHANGELOG.md:231` — - Move timeline sheet export and apply with AIR backup plus PlaySnd insertion."
info,honesty-negative,maintenance_core/honesty_claims/honesty_claims_audit.csv,1254,"info,honesty-negative,maintenance_core/honesty_claims/honesty_claims_audit.md,50,- **info / honesty-negative** `CHANGELOG.md:232` — - CLSN track sheet export and apply with AIR backup."
info,honesty-negative,maintenance_core/honesty_claims/honesty_claims_audit.csv,1255,"info,honesty-negative,maintenance_core/honesty_claims/honesty_claims_audit.md,51,- **info / honesty-negative** `CHANGELOG.md:233` — - HitDef track sheet export and apply with CNS backup."
high,binary-fullness,maintenance_core/honesty_claims/honesty_claims_audit.csv,1256,"high,binary-fullness,maintenance_core/honesty_claims/honesty_claims_audit.md,52,- **high / binary-fullness** `CHANGELOG.md:243` — - Full mature arbitrary SFF v2 extraction/rebuild/mutation is still not implemented."
high,engine-authority,maintenance_core/honesty_claims/honesty_claims_audit.csv,1257,"high,engine-authority,maintenance_core/honesty_claims/honesty_claims_audit.md,53,""- **high / engine-authority** `CHANGELOG.md:246` — - Timeline, graph, palette, stage, frame-data, and dashboard reports are source-analysis aids, not engine-authoritative runtime telemetry."""
info,honesty-negative,maintenance_core/honesty_claims/honesty_claims_audit.csv,1258,"info,honesty-negative,maintenance_core/honesty_claims/honesty_claims_audit.md,54,- **info / honesty-negative** `CHANGELOG.md:247` — - Sound cue insertion edits source code only; it does not mutate SND binary banks."
info,honesty-negative,maintenance_core/honesty_claims/honesty_claims_audit.csv,1259,"info,honesty-negative,maintenance_core/honesty_claims/honesty_claims_audit.md,55,- **info / honesty-negative** `CHANGELOG.md:248` — - Palette Studio writes ACT variants but does not patch SFF palette tables."
high,engine-authority,maintenance_core/honesty_claims/honesty_claims_audit.csv,1260,"high,engine-authority,maintenance_core/honesty_claims/honesty_claims_audit.md,56,""- **high / engine-authority** `CHANGELOG.md:249` — - Stage Live Preview is approximate and does not emulate M.U.G.E.N rendering, parallax, or BGCtrl timing authoritatively."""
info,honesty-negative,maintenance_core/honesty_claims/honesty_claims_audit.csv,1261,"info,honesty-negative,maintenance_core/honesty_claims/honesty_claims_audit.md,57,""- **info / honesty-negative** `CHANGELOG.md:258` — - One-Click Polish Pass for dashboarding, sheet validation, sound cue sheet export, timeline preview, state graph artifacts, template validation, stage preview, backup history, and report bundling."""
medium,plugin-execution,maintenance_core/honesty_claims/honesty_claims_audit.csv,1262,"medium,plugin-execution,maintenance_core/honesty_claims/honesty_claims_audit.md,58,- **medium / plugin-execution** `CHANGELOG.md:264` — - Data-only template/plugin validation and import workflow."
info,honesty-negative,maintenance_core/honesty_claims/honesty_claims_audit.csv,1263,"info,honesty-negative,maintenance_core/honesty_claims/honesty_claims_audit.md,59,""- **info / honesty-negative** `CHANGELOG.md:266` — - Backup history browser, individual backup restore helper, and pre-restore guard copies."""
medium,safety-claim,maintenance_core/honesty_claims/honesty_claims_audit.csv,1264,"medium,safety-claim,maintenance_core/honesty_claims/honesty_claims_audit.md,60,- **medium / safety-claim** `CHANGELOG.md:275` — ### Verified"
info,honesty-negative,maintenance_core/honesty_claims/honesty_claims_audit.csv,1265,"info,honesty-negative,maintenance_core/honesty_claims/honesty_claims_audit.md,61,- **info / honesty-negative** `CHANGELOG.md:283` — - Editable sound cue sheet export/apply with backup creation."
info,honesty-negative,maintenance_core/honesty_claims/honesty_claims_audit.csv,1266,"info,honesty-negative,maintenance_core/honesty_claims/honesty_claims_audit.md,62,- **info / honesty-negative** `CHANGELOG.md:288` — - Backup history indexing."
high,binary-fullness,maintenance_core/honesty_claims/honesty_claims_audit.csv,1267,"high,binary-fullness,maintenance_core/honesty_claims/honesty_claims_audit.md,63,- **high / binary-fullness** `CHANGELOG.md:295` — - Full mature arbitrary SFF v2 extraction/rebuild is not implemented."
high,engine-authority,maintenance_core/honesty_claims/honesty_claims_audit.csv,1268,"high,engine-authority,maintenance_core/honesty_claims/honesty_claims_audit.md,64,""- **high / engine-authority** `CHANGELOG.md:299` — - Balance/frame-data/graph/dashboard reports are estimates/source-analysis aids, not engine-authoritative runtime telemetry."""
info,honesty-negative,maintenance_core/honesty_claims/honesty_claims_audit.csv,1269,"info,honesty-negative,maintenance_core/honesty_claims/honesty_claims_audit.md,65,- **info / honesty-negative** `CHANGELOG.md:300` — - Plugin/template support remains data/metadata based and does not run arbitrary downloaded Python code."
medium,plugin-execution,maintenance_core/honesty_claims/honesty_claims_audit.csv,1270,"medium,plugin-execution,maintenance_core/honesty_claims/honesty_claims_audit.md,66,- **medium / plugin-execution** `CHANGELOG.md:316` — - Metadata-only template/plugin foundation."
medium,safety-claim,maintenance_core/honesty_claims/honesty_claims_audit.csv,1271,"medium,safety-claim,maintenance_core/honesty_claims/honesty_claims_audit.md,67,- **medium / safety-claim** `CHANGELOG.md:328` — ### Verified"
high,binary-fullness,maintenance_core/honesty_claims/honesty_claims_audit.csv,1272,"high,binary-fullness,maintenance_core/honesty_claims/honesty_claims_audit.md,68,- **high / binary-fullness** `CHANGELOG.md:344` — - Full mature arbitrary SFF v2 extraction/rebuild is not implemented."
high,engine-authority,maintenance_core/honesty_claims/honesty_claims_audit.csv,1273,"high,engine-authority,maintenance_core/honesty_claims/honesty_claims_audit.md,69,""- **high / engine-authority** `CHANGELOG.md:348` — - Balance/frame-data/graph reports are estimates/source-analysis aids, not engine-authoritative runtime telemetry."""
info,honesty-negative,maintenance_core/honesty_claims/honesty_claims_audit.csv,1274,"info,honesty-negative,maintenance_core/honesty_claims/honesty_claims_audit.md,70,- **info / honesty-negative** `CHANGELOG.md:349` — - Plugin/template support remains metadata/preset based and does not run arbitrary downloaded Python code."
medium,safety-claim,maintenance_core/honesty_claims/honesty_claims_audit.csv,1275,"medium,safety-claim,maintenance_core/honesty_claims/honesty_claims_audit.md,71,- **medium / safety-claim** `CHANGELOG.md:371` — - Added read-only SFF axis reference display where safe inspection is supported."
high,binary-fullness,maintenance_core/honesty_claims/honesty_claims_audit.csv,1276,"high,binary-fullness,maintenance_core/honesty_claims/honesty_claims_audit.md,72,- **high / binary-fullness** `CHANGELOG.md:372` — - Kept SFF2 binary axis mutation honest: arbitrary SFF2 binary axis patching is not implemented."
medium,safety-claim,maintenance_core/honesty_claims/honesty_claims_audit.csv,1277,"medium,safety-claim,maintenance_core/honesty_claims/honesty_claims_audit.md,73,""- **medium / safety-claim** `CHANGELOG.md:377` — - Added StateDef discovery, PlaySnd cue insertion by AnimElem, and backup-safe code mutation."""
medium,safety-claim,maintenance_core/honesty_claims/honesty_claims_audit.csv,1278,"medium,safety-claim,maintenance_core/honesty_claims/honesty_claims_audit.md,74,- **medium / safety-claim** `CHANGELOG.md:384` — - Added optional append-to-project behavior using existing backup-safe Move Wizard paths."
medium,safety-claim,maintenance_core/honesty_claims/honesty_claims_audit.csv,1279,"medium,safety-claim,maintenance_core/honesty_claims/honesty_claims_audit.md,75,- **medium / safety-claim** `CHANGELOG.md:395` — - Added one-click install for the existing safe debug overlay preset plus Visual Forge docs/config."
medium,plugin-execution,maintenance_core/honesty_claims/honesty_claims_audit.csv,1280,"medium,plugin-execution,maintenance_core/honesty_claims/honesty_claims_audit.md,76,- **medium / plugin-execution** `CHANGELOG.md:397` — ### Plugin / Template Architecture"
medium,plugin-execution,maintenance_core/honesty_claims/honesty_claims_audit.csv,1281,"medium,plugin-execution,maintenance_core/honesty_claims/honesty_claims_audit.md,77,- **medium / plugin-execution** `CHANGELOG.md:400` — - Added data-only no-code template manifest and plugin manifest scaffolds."
medium,plugin-execution,maintenance_core/honesty_claims/honesty_claims_audit.csv,1282,"medium,plugin-execution,maintenance_core/honesty_claims/honesty_claims_audit.md,78,- **medium / plugin-execution** `CHANGELOG.md:401` — - Explicitly kept arbitrary third-party Python plugin execution disabled."
high,binary-fullness,maintenance_core/honesty_claims/honesty_claims_audit.csv,1283,"high,binary-fullness,maintenance_core/honesty_claims/honesty_claims_audit.md,79,- **high / binary-fullness** `CHANGELOG.md:406` — - Source-based Sprmake2 handoff remains the supported SFF2 path; full arbitrary SFF2 binary rebuilding is still not claimed."
info,honesty-negative,maintenance_core/honesty_claims/honesty_claims_audit.csv,1284,"info,honesty-negative,maintenance_core/honesty_claims/honesty_claims_audit.md,80,- **info / honesty-negative** `CHANGELOG.md:408` — ### Central Backup / Undo / Error-Log System"
medium,safety-claim,maintenance_core/honesty_claims/honesty_claims_audit.csv,1285,"medium,safety-claim,maintenance_core/honesty_claims/honesty_claims_audit.md,81,- **medium / safety-claim** `CHANGELOG.md:421` — ### Verified"
medium,plugin-execution,maintenance_core/honesty_claims/honesty_claims_audit.csv,1286,"medium,plugin-execution,maintenance_core/honesty_claims/honesty_claims_audit.md,82,- **medium / plugin-execution** `CHANGELOG.md:432` — - Template/plugin scaffold generation."
info,honesty-negative,maintenance_core/honesty_claims/honesty_claims_audit.csv,1287,"info,honesty-negative,maintenance_core/honesty_claims/honesty_claims_audit.md,83,- **info / honesty-negative** `CHANGELOG.md:433` — - Backup snapshot generation."
high,binary-fullness,maintenance_core/honesty_claims/honesty_claims_audit.csv,1288,"high,binary-fullness,maintenance_core/honesty_claims/honesty_claims_audit.md,84,- **high / binary-fullness** `CHANGELOG.md:438` — - Full mature arbitrary SFF v2 extraction/rebuild is not implemented."
medium,safety-claim,maintenance_core/honesty_claims/honesty_claims_audit.csv,1289,"medium,safety-claim,maintenance_core/honesty_claims/honesty_claims_audit.md,85,- **medium / safety-claim** `CHANGELOG.md:439` — - SFF2 Bridge creates source projects for external Sprmake2 use; it is not byte-perfect SFF2 binary mutation."
high,binary-fullness,maintenance_core/honesty_claims/honesty_claims_audit.csv,1290,"high,binary-fullness,maintenance_core/honesty_claims/honesty_claims_audit.md,86,- **high / binary-fullness** `CHANGELOG.md:440` — - Mature existing-SFF/SND binary mutation remains conservative."
high,engine-authority,maintenance_core/honesty_claims/honesty_claims_audit.csv,1291,"high,engine-authority,maintenance_core/honesty_claims/honesty_claims_audit.md,87,""- **high / engine-authority** `CHANGELOG.md:442` — - Visual timeline and balance/frame reports are source-derived estimates, not engine-authoritative measurements."""
info,honesty-negative,maintenance_core/honesty_claims/honesty_claims_audit.csv,1292,"info,honesty-negative,maintenance_core/honesty_claims/honesty_claims_audit.md,88,- **info / honesty-negative** `CHANGELOG.md:451` — - Embedded PNG/PCX/WAV scanning from unsupported or packed projects."
medium,safety-claim,maintenance_core/honesty_claims/honesty_claims_audit.csv,1293,"medium,safety-claim,maintenance_core/honesty_claims/honesty_claims_audit.md,89,- **medium / safety-claim** `CHANGELOG.md:468` — ### Verified"
high,binary-fullness,maintenance_core/honesty_claims/honesty_claims_audit.csv,1294,"high,binary-fullness,maintenance_core/honesty_claims/honesty_claims_audit.md,90,- **high / binary-fullness** `CHANGELOG.md:481` — - Full mature arbitrary SFF v2 extraction/rebuild is not implemented."
medium,safety-claim,maintenance_core/honesty_claims/honesty_claims_audit.csv,1295,"medium,safety-claim,maintenance_core/honesty_claims/honesty_claims_audit.md,91,- **medium / safety-claim** `CHANGELOG.md:482` — - SFF2 Bridge creates source projects for external Sprmake2 use; it is not byte-perfect SFF2 binary mutation."
medium,safety-claim,maintenance_core/honesty_claims/honesty_claims_audit.csv,1296,"medium,safety-claim,maintenance_core/honesty_claims/honesty_claims_audit.md,92,- **medium / safety-claim** `CHANGELOG.md:512` — ### Verified"
high,binary-fullness,maintenance_core/honesty_claims/honesty_claims_audit.csv,1297,"high,binary-fullness,maintenance_core/honesty_claims/honesty_claims_audit.md,93,- **high / binary-fullness** `CHANGELOG.md:524` — - Full mature SFF v2 extraction/rebuild is not implemented."
high,binary-fullness,maintenance_core/honesty_claims/honesty_claims_audit.csv,1298,"high,binary-fullness,maintenance_core/honesty_claims/honesty_claims_audit.md,94,- **high / binary-fullness** `CHANGELOG.md:525` — - Mature existing-SFF/SND binary mutation remains conservative."
medium,safety-claim,maintenance_core/honesty_claims/honesty_claims_audit.csv,1299,"medium,safety-claim,maintenance_core/honesty_claims/honesty_claims_audit.md,95,- **medium / safety-claim** `CHANGELOG.md:535` — ### Verified"
high,binary-fullness,maintenance_core/honesty_claims/honesty_claims_audit.csv,1300,"high,binary-fullness,maintenance_core/honesty_claims/honesty_claims_audit.md,96,- **high / binary-fullness** `CHANGELOG.md:578` — - Full mature SFF v2 extraction/rebuild is not implemented."
high,binary-fullness,maintenance_core/honesty_claims/honesty_claims_audit.csv,1301,"high,binary-fullness,maintenance_core/honesty_claims/honesty_claims_audit.md,97,- **high / binary-fullness** `CHANGELOG.md:617` — - Full SFF v2 extraction/rebuild remains incomplete."
high,binary-fullness,maintenance_core/honesty_claims/honesty_claims_audit.csv,1302,"high,binary-fullness,maintenance_core/honesty_claims/honesty_claims_audit.md,98,- **high / binary-fullness** `CHANGELOG.md:618` — - Mature existing-SFF/SND binary mutation remains conservative."
info,honesty-negative,maintenance_core/honesty_claims/honesty_claims_audit.csv,1303,"info,honesty-negative,maintenance_core/honesty_claims/honesty_claims_audit.md,99,- **info / honesty-negative** `handoff_core/HANDOFF_CORE_START_HERE.md:13` — This system does not replace real tests or engine playtesting. It makes continuity safer and easier."
medium,safety-claim,maintenance_core/honesty_claims/honesty_claims_audit.csv,1304,"medium,safety-claim,maintenance_core/honesty_claims/honesty_claims_audit.md,100,- **medium / safety-claim** `handoff_core/MUGENFORGE_DEVELOPMENT_HANDOFF_v7_5.md:29` — ## Safe run/test commands"
medium,fighter-factory-reference,maintenance_core/honesty_claims/honesty_claims_audit.csv,1305,"medium,fighter-factory-reference,maintenance_core/honesty_claims/honesty_claims_audit.md,101,- **medium / fighter-factory-reference** `handoff_core/NEXT_CHAT_PROMPT_v7_5.md:15` — - Clean-room only; do not use Fighter Factory / VirtualTek source code or assets."
info,honesty-negative,maintenance_core/honesty_claims/honesty_claims_audit.csv,1306,"info,honesty-negative,maintenance_core/honesty_claims/honesty_claims_audit.md,102,- **info / honesty-negative** `handoff_core/NEXT_CHAT_PROMPT_v7_5.md:16` — - Keep binary mutation backup/candidate-first and refuse unsafe unknown layouts."
info,honesty-negative,maintenance_core/honesty_claims/honesty_claims_audit.csv,1307,"info,honesty-negative,maintenance_core/honesty_claims/honesty_claims_audit.md,103,- **info / honesty-negative** `handoff_core/NEXT_CHAT_PROMPT_v7_5.md:17` — - External engine evidence is required for final runtime confidence."
high,engine-authority,maintenance_core/honesty_claims/honesty_claims_audit.csv,1308,"high,engine-authority,maintenance_core/honesty_claims/honesty_claims_audit.md,104,""- **high / engine-authority** `handoff_core/NEXT_CHAT_PROMPT_v7_5.md:18` — - Static/source simulation reports are preflight aids, not engine-authoritative results."""
medium,safety-claim,maintenance_core/honesty_claims/honesty_claims_audit.csv,1309,"medium,safety-claim,maintenance_core/honesty_claims/honesty_claims_audit.md,105,- **medium / safety-claim** `maintenance_core/MAINTAINER_START_HERE.md:31` — 5. Keep binary claims tied to verified parser/rebuild paths and runtime claims tied to external evidence."
medium,safety-claim,maintenance_core/honesty_claims/honesty_claims_audit.csv,1310,"medium,safety-claim,maintenance_core/honesty_claims/honesty_claims_audit.md,106,""- **medium / safety-claim** `maintenance_core/module_catalog/module_api_catalog.csv:1232` — mugenforge/creator_suite_visual.py,function,write_artist_handoff_pack,write_artist_handoff_pack(root: Path) -> SuiteResult,966,Create a beginner-safe art/sound handoff folder for replacing assets."""
info,honesty-negative,maintenance_core/honesty_claims/honesty_claims_audit.csv,1311,"info,honesty-negative,maintenance_core/honesty_claims/honesty_claims_audit.md,107,""- **info / honesty-negative** `maintenance_core/module_catalog/module_api_catalog.csv:1332` — mugenforge/evidence_core.py,function,probe_engine_profile,probe_engine_profile(root: Path) -> EvidenceCoreResult,1229,Validate and run a dry profile probe. This does not launch a match unless the profile arguments do so."""
info,honesty-negative,maintenance_core/honesty_claims/honesty_claims_audit.csv,1312,"info,honesty-negative,maintenance_core/honesty_claims/honesty_claims_audit.md,108,""- **info / honesty-negative** `maintenance_core/module_catalog/module_api_catalog.csv:1354` — mugenforge/evidence_core.py,function,ingest_engine_evidence,""""ingest_engine_evidence(root: Path, folder: Optional[Path]=None) -> EvidenceCoreResult"""",1464,UI compatibility alias for ingesting external engine evidence."""
info,honesty-negative,maintenance_core/honesty_claims/honesty_claims_audit.csv,1313,"info,honesty-negative,maintenance_core/honesty_claims/honesty_claims_audit.md,109,""- **info / honesty-negative** `maintenance_core/module_catalog/module_api_catalog.csv:2248` — mugenforge/sff2_codec.py,function,_try_decode_rle5_indices,""""_try_decode_rle5_indices(payload: bytes, width: int, height: int) -> Tuple[bytes, str]"""",468,Experimental RLE5 decoder."""
info,honesty-negative,maintenance_core/honesty_claims/honesty_claims_audit.csv,1314,"info,honesty-negative,maintenance_core/honesty_claims/honesty_claims_audit.md,110,""- **info / honesty-negative** `maintenance_core/module_catalog/module_api_catalog.csv:2250` — mugenforge/sff2_codec.py,function,_try_decode_lz5_indices,""""_try_decode_lz5_indices(payload: bytes, width: int, height: int) -> Tuple[bytes, str]"""",514,Experimental LZ5 probe decoder."""
high,binary-fullness,maintenance_core/honesty_claims/honesty_claims_audit.csv,1315,"high,binary-fullness,maintenance_core/honesty_claims/honesty_claims_audit.md,111,""- **high / binary-fullness** `maintenance_core/module_catalog/module_api_catalog.csv:2269` — mugenforge/sff_codec.py,function,_inspect_sff2_header,""""_inspect_sff2_header(data: bytes) -> Dict[str, Any]"""",189,Return conservative SFF v2-ish metadata without claiming full decode support."""
medium,safety-claim,maintenance_core/honesty_claims/honesty_claims_audit.csv,1316,"medium,safety-claim,maintenance_core/honesty_claims/honesty_claims_audit.md,112,""- **medium / safety-claim** `maintenance_core/module_catalog/module_api_catalog.csv:2279` — mugenforge/sff_codec.py,function,stage_sff_replacement_manifest,""""stage_sff_replacement_manifest(sff_path: Path, out_dir: Path) -> Path"""",413,Export supported sprites and create a replacement manifest for safe SFF v1 rebuilding."""
high,binary-fullness,maintenance_core/honesty_claims/honesty_claims_audit.csv,1317,"high,binary-fullness,maintenance_core/honesty_claims/honesty_claims_audit.md,113,""- **high / binary-fullness** `maintenance_core/module_catalog/module_api_catalog.csv:2295` — mugenforge/sff_codec.py,function,_mf_parse_sff2_standard,""""_mf_parse_sff2_standard(data: bytes) -> Tuple[Dict[str, Any], List[Sff2StandardRecord], List[Sff2PaletteRecord], List[str]]"""",684,"""
info,honesty-negative,maintenance_core/honesty_claims/honesty_claims_audit.csv,1318,"info,honesty-negative,maintenance_core/honesty_claims/honesty_claims_audit.md,114,""- **info / honesty-negative** `maintenance_core/module_catalog/module_api_catalog.csv:2313` — mugenforge/sff_codec.py,function,build_sff_v2_from_manifest,""""build_sff_v2_from_manifest(manifest_path: Path, out_path: Path, compression: str='raw') -> SffInfo"""",1199,Build a standard-table SFF2 candidate from a source sprite manifest."""
high,binary-fullness,maintenance_core/honesty_claims/honesty_claims_audit.csv,1319,"high,binary-fullness,maintenance_core/honesty_claims/honesty_claims_audit.md,115,""- **high / binary-fullness** `maintenance_core/module_catalog/module_api_catalog.csv:2314` — mugenforge/sff_codec.py,function,patch_sff2_axis_copy,""""patch_sff2_axis_copy(sff_path: Path, axis_rows: Iterable[Dict[str, Any]], out_path: Path) -> SffInfo"""",1319,Patch SFF1/SFF2 axis table fields into a copied file and return parsed info."""
high,binary-fullness,maintenance_core/honesty_claims/honesty_claims_audit.csv,1320,"high,binary-fullness,maintenance_core/honesty_claims/honesty_claims_audit.md,116,""- **high / binary-fullness** `maintenance_core/module_catalog/module_api_catalog.csv:2347` — mugenforge/sff_codec.py,function,build_sff2_standard_from_records,""""build_sff2_standard_from_records(records: Sequence[Dict[str, Any]], out_path: _Path, version_21: bool=True, default_strategy: str='png') -> Sff2StandardInfo"""",1942,Build a controlled standard SFF2 from record dictionaries."""
high,binary-fullness,maintenance_core/honesty_claims/honesty_claims_audit.csv,1321,"high,binary-fullness,maintenance_core/honesty_claims/honesty_claims_audit.md,117,""- **high / binary-fullness** `maintenance_core/module_catalog/module_api_catalog.csv:2354` — mugenforge/sff_codec.py,function,_mf_parse_sff2_standard,""""_mf_parse_sff2_standard(data: bytes) -> Tuple[Dict[str, Any], List[Sff2StandardRecord], List[Sff2PaletteRecord], List[str]]"""",2202,"""
info,honesty-negative,maintenance_core/honesty_claims/honesty_claims_audit.csv,1322,"info,honesty-negative,maintenance_core/honesty_claims/honesty_claims_audit.md,118,""- **info / honesty-negative** `maintenance_core/module_catalog/module_api_catalog.csv:2366` — mugenforge/sff_codec.py,function,build_sff_v2_from_manifest,""""build_sff_v2_from_manifest(manifest_path: Path, out_path: Path, compression: str='png32') -> SffInfo"""",2673,Build a common-table SFF2 v2.1 candidate from a MugenForge sprite manifest."""
high,binary-fullness,maintenance_core/honesty_claims/honesty_claims_audit.csv,1323,"high,binary-fullness,maintenance_core/honesty_claims/honesty_claims_audit.md,119,""- **high / binary-fullness** `maintenance_core/module_catalog/module_api_catalog.csv:2372` — mugenforge/sff_codec.py,function,_mf_parse_sff2_standard,""""_mf_parse_sff2_standard(data: bytes) -> Tuple[Dict[str, Any], List[Sff2StandardRecord], List[Sff2PaletteRecord], List[str]]"""",2941,"""
medium,safety-claim,maintenance_core/honesty_claims/honesty_claims_audit.csv,1324,"medium,safety-claim,maintenance_core/MAINTAINER_START_HERE.md,31,5. Keep binary claims tied to verified parser/rebuild paths and runtime claims tied to external evidence."
medium,plugin-execution,maintenance_core/honesty_claims/honesty_claims_audit.csv,1325,"medium,plugin-execution,maintenance_core/maintenance_backlog.md,22,- Convert manual regression checklists into scenario files that Runtime/Evidence Core can execute or track."
medium,safety-claim,maintenance_core/honesty_claims/honesty_claims_audit.csv,1326,"medium,safety-claim,maintenance_core/module_catalog/module_api_catalog.csv,1232,""mugenforge/creator_suite_visual.py,function,write_artist_handoff_pack,write_artist_handoff_pack(root: Path) -> SuiteResult,966,Create a beginner-safe art/sound handoff folder for replacing assets."""
info,honesty-negative,maintenance_core/honesty_claims/honesty_claims_audit.csv,1327,"info,honesty-negative,maintenance_core/module_catalog/module_api_catalog.csv,1332,""mugenforge/evidence_core.py,function,probe_engine_profile,probe_engine_profile(root: Path) -> EvidenceCoreResult,1229,Validate and run a dry profile probe. This does not launch a match unless the profile arguments do so."""
info,honesty-negative,maintenance_core/honesty_claims/honesty_claims_audit.csv,1328,"info,honesty-negative,maintenance_core/module_catalog/module_api_catalog.csv,1354,""mugenforge/evidence_core.py,function,ingest_engine_evidence,""""ingest_engine_evidence(root: Path, folder: Optional[Path]=None) -> EvidenceCoreResult"""",1464,UI compatibility alias for ingesting external engine evidence."""
info,honesty-negative,maintenance_core/honesty_claims/honesty_claims_audit.csv,1329,"info,honesty-negative,maintenance_core/module_catalog/module_api_catalog.csv,2249,""mugenforge/sff2_codec.py,function,_try_decode_rle5_indices,""""_try_decode_rle5_indices(payload: bytes, width: int, height: int) -> Tuple[bytes, str]"""",468,Experimental RLE5 decoder."""
info,honesty-negative,maintenance_core/honesty_claims/honesty_claims_audit.csv,1330,"info,honesty-negative,maintenance_core/module_catalog/module_api_catalog.csv,2251,""mugenforge/sff2_codec.py,function,_try_decode_lz5_indices,""""_try_decode_lz5_indices(payload: bytes, width: int, height: int) -> Tuple[bytes, str]"""",514,Experimental LZ5 probe decoder."""
high,binary-fullness,maintenance_core/honesty_claims/honesty_claims_audit.csv,1331,"high,binary-fullness,maintenance_core/module_catalog/module_api_catalog.csv,2270,""mugenforge/sff_codec.py,function,_inspect_sff2_header,""""_inspect_sff2_header(data: bytes) -> Dict[str, Any]"""",189,Return conservative SFF v2-ish metadata without claiming full decode support."""
medium,safety-claim,maintenance_core/honesty_claims/honesty_claims_audit.csv,1332,"medium,safety-claim,maintenance_core/module_catalog/module_api_catalog.csv,2280,""mugenforge/sff_codec.py,function,stage_sff_replacement_manifest,""""stage_sff_replacement_manifest(sff_path: Path, out_dir: Path) -> Path"""",413,Export supported sprites and create a replacement manifest for safe SFF v1 rebuilding."""
high,binary-fullness,maintenance_core/honesty_claims/honesty_claims_audit.csv,1333,"high,binary-fullness,maintenance_core/module_catalog/module_api_catalog.csv,2296,""mugenforge/sff_codec.py,function,_mf_parse_sff2_standard,""""_mf_parse_sff2_standard(data: bytes) -> Tuple[Dict[str, Any], List[Sff2StandardRecord], List[Sff2PaletteRecord], List[str]]"""",684,"""
info,honesty-negative,maintenance_core/honesty_claims/honesty_claims_audit.csv,1334,"info,honesty-negative,maintenance_core/module_catalog/module_api_catalog.csv,2314,""mugenforge/sff_codec.py,function,build_sff_v2_from_manifest,""""build_sff_v2_from_manifest(manifest_path: Path, out_path: Path, compression: str='raw') -> SffInfo"""",1199,Build a standard-table SFF2 candidate from a source sprite manifest."""
high,binary-fullness,maintenance_core/honesty_claims/honesty_claims_audit.csv,1335,"high,binary-fullness,maintenance_core/module_catalog/module_api_catalog.csv,2315,""mugenforge/sff_codec.py,function,patch_sff2_axis_copy,""""patch_sff2_axis_copy(sff_path: Path, axis_rows: Iterable[Dict[str, Any]], out_path: Path) -> SffInfo"""",1319,Patch SFF1/SFF2 axis table fields into a copied file and return parsed info."""
high,binary-fullness,maintenance_core/honesty_claims/honesty_claims_audit.csv,1336,"high,binary-fullness,maintenance_core/module_catalog/module_api_catalog.csv,2348,""mugenforge/sff_codec.py,function,build_sff2_standard_from_records,""""build_sff2_standard_from_records(records: Sequence[Dict[str, Any]], out_path: _Path, version_21: bool=True, default_strategy: str='png') -> Sff2StandardInfo"""",1942,Build a controlled standard SFF2 from record dictionaries."""
high,binary-fullness,maintenance_core/honesty_claims/honesty_claims_audit.csv,1337,"high,binary-fullness,maintenance_core/module_catalog/module_api_catalog.csv,2355,""mugenforge/sff_codec.py,function,_mf_parse_sff2_standard,""""_mf_parse_sff2_standard(data: bytes) -> Tuple[Dict[str, Any], List[Sff2StandardRecord], List[Sff2PaletteRecord], List[str]]"""",2202,"""
info,honesty-negative,maintenance_core/honesty_claims/honesty_claims_audit.csv,1338,"info,honesty-negative,maintenance_core/module_catalog/module_api_catalog.csv,2367,""mugenforge/sff_codec.py,function,build_sff_v2_from_manifest,""""build_sff_v2_from_manifest(manifest_path: Path, out_path: Path, compression: str='png32') -> SffInfo"""",2673,Build a common-table SFF2 v2.1 candidate from a MugenForge sprite manifest."""
high,binary-fullness,maintenance_core/honesty_claims/honesty_claims_audit.csv,1339,"high,binary-fullness,maintenance_core/module_catalog/module_api_catalog.csv,2373,""mugenforge/sff_codec.py,function,_mf_parse_sff2_standard,""""_mf_parse_sff2_standard(data: bytes) -> Tuple[Dict[str, Any], List[Sff2StandardRecord], List[Sff2PaletteRecord], List[str]]"""",2941,"""
medium,safety-claim,maintenance_core/honesty_claims/honesty_claims_audit.csv,1340,"medium,safety-claim,maintenance_core/module_catalog/module_api_catalog.json,11028,""""""doc"""": """"Create a beginner-safe art/sound handoff folder for replacing assets."""""""
info,honesty-negative,maintenance_core/honesty_claims/honesty_claims_audit.csv,1341,"info,honesty-negative,maintenance_core/module_catalog/module_api_catalog.json,11828,""""""doc"""": """"Validate and run a dry profile probe. This does not launch a match unless the profile arguments do so."""""""
info,honesty-negative,maintenance_core/honesty_claims/honesty_claims_audit.csv,1342,"info,honesty-negative,maintenance_core/module_catalog/module_api_catalog.json,12004,""""""doc"""": """"UI compatibility alias for ingesting external engine evidence."""""""
info,honesty-negative,maintenance_core/honesty_claims/honesty_claims_audit.csv,1343,"info,honesty-negative,maintenance_core/module_catalog/module_api_catalog.json,19164,""""""doc"""": """"Experimental RLE5 decoder."""""""
info,honesty-negative,maintenance_core/honesty_claims/honesty_claims_audit.csv,1344,"info,honesty-negative,maintenance_core/module_catalog/module_api_catalog.json,19180,""""""doc"""": """"Experimental LZ5 probe decoder."""""""
medium,safety-claim,maintenance_core/honesty_claims/honesty_claims_audit.csv,1345,"medium,safety-claim,maintenance_core/module_catalog/module_api_catalog.json,19412,""""""doc"""": """"Export supported sprites and create a replacement manifest for safe SFF v1 rebuilding."""""""
high,binary-fullness,maintenance_core/honesty_claims/honesty_claims_audit.csv,1346,"high,binary-fullness,maintenance_core/module_catalog/module_api_catalog.json,19538,""""""signature"""": """"_mf_parse_sff2_standard(data: bytes) -> Tuple[Dict[str, Any], List[Sff2StandardRecord], List[Sff2PaletteRecord], List[str]]"""","""
info,honesty-negative,maintenance_core/honesty_claims/honesty_claims_audit.csv,1347,"info,honesty-negative,maintenance_core/module_catalog/module_api_catalog.json,19684,""""""doc"""": """"Build a standard-table SFF2 candidate from a source sprite manifest."""""""
high,binary-fullness,maintenance_core/honesty_claims/honesty_claims_audit.csv,1348,"high,binary-fullness,maintenance_core/module_catalog/module_api_catalog.json,19690,""""""signature"""": """"patch_sff2_axis_copy(sff_path: Path, axis_rows: Iterable[Dict[str, Any]], out_path: Path) -> SffInfo"""","""
high,binary-fullness,maintenance_core/honesty_claims/honesty_claims_audit.csv,1349,"high,binary-fullness,maintenance_core/module_catalog/module_api_catalog.json,19954,""""""signature"""": """"build_sff2_standard_from_records(records: Sequence[Dict[str, Any]], out_path: _Path, version_21: bool=True, default_strategy: str='png') -> Sff2StandardInfo"""","""
high,binary-fullness,maintenance_core/honesty_claims/honesty_claims_audit.csv,1350,"high,binary-fullness,maintenance_core/module_catalog/module_api_catalog.json,20010,""""""signature"""": """"_mf_parse_sff2_standard(data: bytes) -> Tuple[Dict[str, Any], List[Sff2StandardRecord], List[Sff2PaletteRecord], List[str]]"""","""
info,honesty-negative,maintenance_core/honesty_claims/honesty_claims_audit.csv,1351,"info,honesty-negative,maintenance_core/module_catalog/module_api_catalog.json,20108,""""""doc"""": """"Build a common-table SFF2 v2.1 candidate from a MugenForge sprite manifest."""""""
high,binary-fullness,maintenance_core/honesty_claims/honesty_claims_audit.csv,1352,"high,binary-fullness,maintenance_core/module_catalog/module_api_catalog.json,20154,""""""signature"""": """"_mf_parse_sff2_standard(data: bytes) -> Tuple[Dict[str, Any], List[Sff2StandardRecord], List[Sff2PaletteRecord], List[str]]"""","""
medium,fighter-factory-reference,maintenance_core/honesty_claims/honesty_claims_audit.csv,1353,"medium,fighter-factory-reference,mugenforge/air_tools.py,98,""issues.append(f'Box {i} {b.kind}: coordinates appear inverted; Fighter Factory-style boxes usually use x1,y1,x2,y2 ordering.')"""
info,honesty-negative,maintenance_core/honesty_claims/honesty_claims_audit.csv,1354,"info,honesty-negative,mugenforge/air_tools.py,107,This intentionally does not rewrite ClsnDefault blocks. It only changes explicit per-frame CLSN"
medium,safety-claim,maintenance_core/honesty_claims/honesty_claims_audit.csv,1355,"medium,safety-claim,mugenforge/app.py,756,""'This tab targets Fighter Factory-style production workflows plus heavier beginner automation: code-sense banks, state graphs, safe imports, auto CLSN, storyboards, screenpack starters, sound cue banks, release QA, and one-click project upgrades.'"""
medium,safety-claim,maintenance_core/honesty_claims/honesty_claims_audit.csv,1356,"medium,safety-claim,mugenforge/app.py,773,""ttk.Button(code, text='Safe Import From Project', command=self.max_safe_import_ui).grid(row=3, column=0, sticky='ew', pady=2)"""
medium,safety-claim,maintenance_core/honesty_claims/honesty_claims_audit.csv,1357,"medium,safety-claim,mugenforge/app.py,847,""tune = ttk.LabelFrame(left, text='Safe auto-tuning', padding=(6, 6))"""
medium,safety-claim,maintenance_core/honesty_claims/honesty_claims_audit.csv,1358,"medium,safety-claim,mugenforge/app.py,879,""self.set_text(self.factory_ultra_output, 'Open/create a character folder, then run One-Click Factory Ultra Upgrade. This layer is built for non-coders: it writes reports, task queues, function maps, and safe scaffolds before you touch art/timing/hitboxes.')"""
info,honesty-negative,maintenance_core/honesty_claims/honesty_claims_audit.csv,1359,"info,honesty-negative,mugenforge/app.py,905,""('complexity', self.creator_os_complexity_var, ('Beginner', 'Intermediate', 'Advanced', 'Boss/Experimental')),"""
medium,safety-claim,maintenance_core/honesty_claims/honesty_claims_audit.csv,1360,"medium,safety-claim,mugenforge/app.py,1014,""header = ttk.LabelFrame(ql, text='Quality Lab: beginner-safe audit, polish, and asset handoff', padding=(8, 6))"""
info,honesty-negative,maintenance_core/honesty_claims/honesty_claims_audit.csv,1361,"info,honesty-negative,mugenforge/app.py,1050,""ttk.Button(safety, text='Backup + Restore Bundle', command=self.quality_lab_backup_ui).grid(row=0, column=0, sticky='ew', pady=2)"""
medium,safety-claim,maintenance_core/honesty_claims/honesty_claims_audit.csv,1362,"medium,safety-claim,mugenforge/app.py,1055,""self.set_text(self.quality_lab_note, 'The one-click pass is intentionally safe: it writes reports, copies, exports, and suggestions. It does not overwrite your main AIR with generated hitboxes unless you manually use the copy/replacement workflow.')"""
info,honesty-negative,maintenance_core/honesty_claims/honesty_claims_audit.csv,1363,"info,honesty-negative,mugenforge/app.py,1119,""self._quality_lab_run('Backup/restore bundle created.', create_backup_restore_bundle)"""
info,honesty-negative,maintenance_core/honesty_claims/honesty_claims_audit.csv,1364,"info,honesty-negative,mugenforge/app.py,1301,""'combo trials, controller maps, asset requests, patch macro bank, and a release website. It is report/export focused, so it does not silently rewrite core gameplay files.'"""
high,binary-fullness,maintenance_core/honesty_claims/honesty_claims_audit.csv,1365,"high,binary-fullness,mugenforge/app.py,1408,'It does not pretend to be full arbitrary SFF v2 binary mutation; it is a safer source-project bridge.'"
high,binary-fullness,maintenance_core/honesty_claims/honesty_claims_audit.csv,1366,"high,binary-fullness,mugenforge/app.py,1470,""self.set_text(self.sff2_bridge_output, 'Open/create a character folder, then use this tab to generate a Sprmake2 source project. This is source-based SFF2 support, not arbitrary SFF2 binary patching.')"""
info,honesty-negative,maintenance_core/honesty_claims/honesty_claims_audit.csv,1367,"info,honesty-negative,mugenforge/app.py,1603,""header = ttk.LabelFrame(rescue, text=f'Rescue Lab: asset recovery for unsupported packed files v{RESCUE_LAB_VERSION}', padding=(8, 6))"""
info,honesty-negative,maintenance_core/honesty_claims/honesty_claims_audit.csv,1368,"info,honesty-negative,mugenforge/app.py,1607,""'Use Rescue Lab when a character has packed assets, unsupported/unknown SFF/SND layouts, missing source folders, or asset files that need to be salvaged. '"""
medium,safety-claim,maintenance_core/honesty_claims/honesty_claims_audit.csv,1369,"medium,safety-claim,mugenforge/app.py,1629,""self.set_text(self.rescue_lab_note, 'Best beginner route: One-Click Rescue Lab Pass → open rescue_lab/RECOVERY_CONTACT_SHEET.png → replace bad/missing extracted images → Build Recovery Manifest From AIR → Build Recovered SFF v1 → test in Animation Player and CLSN Editor. This is a rescue workflow, not byte-perfect SFF v2 rebuilding.')"""
medium,safety-claim,maintenance_core/honesty_claims/honesty_claims_audit.csv,1370,"medium,safety-claim,mugenforge/app.py,1743,""self.set_text(self.image_factory_output, 'Choose a source folder of images. Output is always written to a separate folder so originals stay safe.')"""
medium,fighter-factory-reference,maintenance_core/honesty_claims/honesty_claims_audit.csv,1371,"medium,fighter-factory-reference,mugenforge/app.py,1788,""header = ttk.LabelFrame(plus_frame, text='Studio Plus: Fighter Factory-style workflows, no-code first', padding=(8, 6))"""
info,honesty-negative,maintenance_core/honesty_claims/honesty_claims_audit.csv,1372,"info,honesty-negative,mugenforge/app.py,2080,""ttk.Label(header, text='Store a local M.U.G.E.N executable path and launch it from the editor. This does not bundle M.U.G.E.N; it only points to your own install.', wraplength=1100, justify='left').grid(row=0, column=0, sticky='ew')"""
medium,safety-claim,maintenance_core/honesty_claims/honesty_claims_audit.csv,1373,"medium,safety-claim,mugenforge/app.py,2188,""'Start here. Visual Forge turns MugenForge into a guided no-code workflow: create a project, scaffold moves, edit timing visually, align offsets, place sounds, import legacy characters, and keep safe backups.'"""
info,honesty-negative,maintenance_core/honesty_claims/honesty_claims_audit.csv,1374,"info,honesty-negative,mugenforge/app.py,2215,""ttk.Button(tools, text='Create Backup Snapshot', command=self.vf_backup_snapshot_ui).grid(row=3, column=0, sticky='ew', pady=2)"""
high,binary-fullness,maintenance_core/honesty_claims/honesty_claims_audit.csv,1375,"high,binary-fullness,mugenforge/app.py,2256,""'The wizard creates clean M.U.G.E.N starter files, writes a dashboard and beginner guide, prepares data-only templates/plugins, and optionally installs starter move scaffolds. It keeps SFF/SND work conservative and does not claim arbitrary SFF2 binary editing.'"""
high,binary-fullness,maintenance_core/honesty_claims/honesty_claims_audit.csv,1376,"high,binary-fullness,mugenforge/app.py,2322,""4. Sprite Offset / Axis Editor: drag offsets into place. This edits AIR frame offsets, not arbitrary SFF2 binary axes."""
high,binary-fullness,maintenance_core/honesty_claims/honesty_claims_audit.csv,1377,"high,binary-fullness,mugenforge/app.py,2328,""Honest limits stay in force: generated code is scaffolding, balance/frame reports are estimates, and full mature SFF2 extraction/rebuild is not implemented."""
info,honesty-negative,maintenance_core/honesty_claims/honesty_claims_audit.csv,1378,"info,honesty-negative,mugenforge/app.py,2356,""'Source-backed AIR timeline. Drag a frame tile left/right to preview timing changes, then save to update the AIR frame ticks with a backup. Hitboxes and sound/HitDef events are drawn from parsed AIR/CNS/CMD data.'"""
high,binary-fullness,maintenance_core/honesty_claims/honesty_claims_audit.csv,1379,"high,binary-fullness,mugenforge/app.py,2578,'Drag the sprite preview to adjust AIR frame x/y offsets with coordinate display and snapping. Existing SFF axes are reference-only here; arbitrary SFF2 binary axis patching is not performed.'"
info,honesty-negative,maintenance_core/honesty_claims/honesty_claims_audit.csv,1380,"info,honesty-negative,mugenforge/app.py,2693,""info = [f""""Frame #{int(frame.get('index', 0))+1}"""", f""""Sprite: {key}"""", f""""AIR offset: {ox},{oy}"""", 'Drag the rectangle to preview; Save writes the AIR frame line with backup.']"""
info,honesty-negative,maintenance_core/honesty_claims/honesty_claims_audit.csv,1381,"info,honesty-negative,mugenforge/app.py,2697,""info.append('No SFF axis reference found for this sprite, or SFF unsupported for extraction.')"""
medium,safety-claim,maintenance_core/honesty_claims/honesty_claims_audit.csv,1382,"medium,safety-claim,mugenforge/app.py,2738,""ttk.Label(header, text='Assign and time PlaySnd cues to specific StateDefs/AnimElem frames. Inserts are text-based with backups and should be verified in M.U.G.E.N.', wraplength=1120, justify='left').grid(row=0, column=0, sticky='ew')"""
medium,plugin-execution,maintenance_core/honesty_claims/honesty_claims_audit.csv,1383,"medium,plugin-execution,mugenforge/app.py,2988,""header = ttk.LabelFrame(tab, text='Plugin / Template Architecture', padding=(8, 6))"""
medium,plugin-execution,maintenance_core/honesty_claims/honesty_claims_audit.csv,1384,"medium,plugin-execution,mugenforge/app.py,2990,""ttk.Label(header, text='Foundation for no-code presets, data-only community templates, and future plugins. Arbitrary third-party code execution is not enabled by default.', wraplength=1120, justify='left').grid(row=0, column=0, sticky='ew')"""
medium,plugin-execution,maintenance_core/honesty_claims/honesty_claims_audit.csv,1385,"medium,plugin-execution,mugenforge/app.py,2993,""ttk.Button(left, text='Install Template / Plugin Foundation', command=self.vf_install_templates_ui).grid(row=0, column=0, sticky='ew', pady=2)"""
medium,plugin-execution,maintenance_core/honesty_claims/honesty_claims_audit.csv,1386,"medium,plugin-execution,mugenforge/app.py,3013,self.status_var.set('Template/plugin foundation installed')"
medium,plugin-execution,maintenance_core/honesty_claims/honesty_claims_audit.csv,1387,"medium,plugin-execution,mugenforge/app.py,3016,""log_error(self.project_root, 'Template/plugin install', exc)"""
info,honesty-negative,maintenance_core/honesty_claims/honesty_claims_audit.csv,1388,"info,honesty-negative,mugenforge/app.py,3036,""header = ttk.LabelFrame(tab, text='Central Backup / Undo / Error Log', padding=(8, 6))"""
info,honesty-negative,maintenance_core/honesty_claims/honesty_claims_audit.csv,1389,"info,honesty-negative,mugenforge/app.py,3038,""ttk.Label(header, text='Create whole-project snapshots, restore the latest Visual Forge snapshot with a pre-restore guard backup, and inspect error logs.', wraplength=1120, justify='left').grid(row=0, column=0, sticky='ew')"""
info,honesty-negative,maintenance_core/honesty_claims/honesty_claims_audit.csv,1390,"info,honesty-negative,mugenforge/app.py,3066,self.status_var.set('Visual Forge backup snapshot created')"
info,honesty-negative,maintenance_core/honesty_claims/honesty_claims_audit.csv,1391,"info,honesty-negative,mugenforge/app.py,3068,""messagebox.showerror('Backup failed', str(exc))"""
info,honesty-negative,maintenance_core/honesty_claims/honesty_claims_audit.csv,1392,"info,honesty-negative,mugenforge/app.py,3069,""log_error(self.project_root, 'Backup snapshot', exc)"""
info,honesty-negative,maintenance_core/honesty_claims/honesty_claims_audit.csv,1393,"info,honesty-negative,mugenforge/app.py,3340,""self.set_text(self.run_output, f'Launch config written:\n{out}\n\nMugenForge does not include M.U.G.E.N. This only stores the path to your local executable.')"""
medium,safety-claim,maintenance_core/honesty_claims/honesty_claims_audit.csv,1394,"medium,safety-claim,mugenforge/app.py,3459,""self._max_show_result(result, 'Safe project import complete')"""
medium,safety-claim,maintenance_core/honesty_claims/honesty_claims_audit.csv,1395,"medium,safety-claim,mugenforge/app.py,3461,""messagebox.showerror('Safe import failed', str(exc))"""
info,honesty-negative,maintenance_core/honesty_claims/honesty_claims_audit.csv,1396,"info,honesty-negative,mugenforge/app.py,4345,sprite_status = 'missing or unsupported'"
info,honesty-negative,maintenance_core/honesty_claims/honesty_claims_audit.csv,1397,"info,honesty-negative,mugenforge/app.py,4746,backup = self.current_path.with_suffix(self.current_path.suffix + '.bak')"
info,honesty-negative,maintenance_core/honesty_claims/honesty_claims_audit.csv,1398,"info,honesty-negative,mugenforge/app.py,4748,""backup.write_text(read_text_safely(self.current_path), encoding='utf-8')"""
info,honesty-negative,maintenance_core/honesty_claims/honesty_claims_audit.csv,1399,"info,honesty-negative,mugenforge/app.py,4751,self.status_var.set(f'Saved AIR with backup: {backup.name}')"
info,honesty-negative,maintenance_core/honesty_claims/honesty_claims_audit.csv,1400,"info,honesty-negative,mugenforge/app.py,4752,""messagebox.showinfo('Saved', f'Saved AIR file and wrote backup:\n{backup}')"""
info,honesty-negative,maintenance_core/honesty_claims/honesty_claims_audit.csv,1401,"info,honesty-negative,mugenforge/app.py,4918,""'Important: this creates a fresh SFF v1-style PCX chain. It does not patch or preserve SFF v2 tables/compression.',"""
high,binary-fullness,maintenance_core/honesty_claims/honesty_claims_audit.csv,1402,"high,binary-fullness,mugenforge/app.py,5071,""'Important: this is an SFF v1-style PCX builder for staged sprites. It is meant for starter characters and pipeline testing, not full SFF v2 parity yet.',"""
high,binary-fullness,maintenance_core/honesty_claims/honesty_claims_audit.csv,1403,"high,binary-fullness,mugenforge/app.py,5267,""'Important: this is a simple RIFF/WAVE SND builder for starter characters and pipeline testing. Keep backups before replacing mature production SND files.',"""
info,honesty-negative,maintenance_core/honesty_claims/honesty_claims_audit.csv,1404,"info,honesty-negative,mugenforge/app.py,6024,""append_air = messagebox.askyesno('Append AIR actions?', 'Append one AIR action per imported sprite group when that action does not already exist?')"""
info,honesty-negative,maintenance_core/honesty_claims/honesty_claims_audit.csv,1405,"info,honesty-negative,mugenforge/app.py,6207,""if append and not messagebox.askyesno('Append AIR from SFF groups', 'This will append generated AIR actions to the project AIR file and create a backup first. Continue?'):"""
medium,safety-claim,maintenance_core/honesty_claims/honesty_claims_audit.csv,1406,"medium,safety-claim,mugenforge/app.py,6276,""self.set_text(self.plus_output, f'Stage template created:\n\n{out}\n\nThis expands MugenForge beyond characters with a beginner-safe stage DEF starter. Add real stage art/SFF later.')"""
medium,plugin-execution,maintenance_core/honesty_claims/honesty_claims_audit.csv,1407,"medium,plugin-execution,mugenforge/app.py,6302,""'It creates project-wide indexes, command/AIR batch sheets, state graphs, variable maps, template/plugin foundations, stage authoring packs, and release bundles. '"""
high,binary-fullness,maintenance_core/honesty_claims/honesty_claims_audit.csv,1408,"high,binary-fullness,mugenforge/app.py,6303,""'It stays honest: no proprietary source reuse, no arbitrary SFF2 binary patch claims, and generated gameplay still requires playtesting.'"""
medium,plugin-execution,maintenance_core/honesty_claims/honesty_claims_audit.csv,1409,"medium,plugin-execution,mugenforge/app.py,6323,""('Template / Plugin Foundation', self.forge_beyond_templates_ui),"""
info,honesty-negative,maintenance_core/honesty_claims/honesty_claims_audit.csv,1410,"info,honesty-negative,mugenforge/app.py,6461,""if not messagebox.askyesno('Apply AIR batch sheet', 'Apply group/image/x/y/ticks/flags edits to the AIR file with a backup?'):"""
medium,plugin-execution,maintenance_core/honesty_claims/honesty_claims_audit.csv,1411,"medium,plugin-execution,mugenforge/app.py,6477,""self._forge_beyond_show_result(result, 'Forge Beyond template/plugin foundation written')"""
info,honesty-negative,maintenance_core/honesty_claims/honesty_claims_audit.csv,1412,"info,honesty-negative,mugenforge/app.py,6558,""'Use this tab after Forge Beyond. It adds safer sheet validation previews, sprite-backed timeline contact sheets, an in-app state graph canvas, editable sound cue sheets, data-only template import, stage source-art preview, and backup history/restore helpers.'"""
info,honesty-negative,maintenance_core/honesty_claims/honesty_claims_audit.csv,1413,"info,honesty-negative,mugenforge/app.py,6574,""('Backup History', self.forge_polish_backup_history_ui),"""
info,honesty-negative,maintenance_core/honesty_claims/honesty_claims_audit.csv,1414,"info,honesty-negative,mugenforge/app.py,6575,""('Restore Selected Backup', self.forge_polish_restore_backup_ui),"""
info,honesty-negative,maintenance_core/honesty_claims/honesty_claims_audit.csv,1415,"info,honesty-negative,mugenforge/app.py,6598,""backup_frame = ttk.LabelFrame(body, text='Backup History', padding=(4, 4))"""
info,honesty-negative,maintenance_core/honesty_claims/honesty_claims_audit.csv,1416,"info,honesty-negative,mugenforge/app.py,6602,""for col, text, width in (('kind', 'Kind', 115), ('modified', 'Modified', 150), ('target', 'Restore target', 180), ('path', 'Backup path', 320)):"""
info,honesty-negative,maintenance_core/honesty_claims/honesty_claims_audit.csv,1417,"info,honesty-negative,mugenforge/app.py,6745,""if not messagebox.askyesno('Apply sound cue sheet', 'Apply enabled sound cue rows now? A backup will be written before text-code changes.'):"""
info,honesty-negative,maintenance_core/honesty_claims/honesty_claims_audit.csv,1418,"info,honesty-negative,mugenforge/app.py,6832,""self._forge_polish_show_result(result, 'Forge Polish backup history refreshed')"""
info,honesty-negative,maintenance_core/honesty_claims/honesty_claims_audit.csv,1419,"info,honesty-negative,mugenforge/app.py,6835,""messagebox.showerror('Backup history failed', str(exc))"""
info,honesty-negative,maintenance_core/honesty_claims/honesty_claims_audit.csv,1420,"info,honesty-negative,mugenforge/app.py,6844,""messagebox.showinfo('Restore backup', 'Select a backup row first. The list has been refreshed.')"""
info,honesty-negative,maintenance_core/honesty_claims/honesty_claims_audit.csv,1421,"info,honesty-negative,mugenforge/app.py,6854,""if not messagebox.askyesno('Confirm restore', f'Restore backup:\n{backup_rel}\n\nTo:\n{target}\n\nA pre-restore guard copy will be created if the target exists.'):"""
info,honesty-negative,maintenance_core/honesty_claims/honesty_claims_audit.csv,1422,"info,honesty-negative,mugenforge/app.py,6859,""self._forge_polish_show_result(result, 'Forge Polish backup restore complete')"""
info,honesty-negative,maintenance_core/honesty_claims/honesty_claims_audit.csv,1423,"info,honesty-negative,mugenforge/app.py,6862,""messagebox.showerror('Backup restore failed', str(exc))"""
high,engine-authority,maintenance_core/honesty_claims/honesty_claims_audit.csv,1424,"high,engine-authority,mugenforge/app.py,6889,'Binary SFF/SND mutation remains conservative; generated reports are not engine-authoritative runtime telemetry.'"
high,binary-fullness,maintenance_core/honesty_claims/honesty_claims_audit.csv,1425,"high,binary-fullness,mugenforge/app.py,6946,'This is source/sheet-backed editing. It does not implement full arbitrary SFF v2 binary editing/rebuilding.'"
medium,safety-claim,maintenance_core/honesty_claims/honesty_claims_audit.csv,1426,"medium,safety-claim,mugenforge/app.py,7182,""# Binary Core v5.5 native binary inspection, safe SFF/SND workflows"""
medium,safety-claim,maintenance_core/honesty_claims/honesty_claims_audit.csv,1427,"medium,safety-claim,mugenforge/app.py,7189,""header = ttk.LabelFrame(frame, text=f'Binary Core v{BINARY_CORE_VERSION} — SFF/SND inspection, safe rebuilds, backups, and roundtrip reports', padding=(8, 6))"""
high,binary-fullness,maintenance_core/honesty_claims/honesty_claims_audit.csv,1428,"high,binary-fullness,mugenforge/app.py,7195,'Unsupported arbitrary SFF2 mutation is refused instead of guessed.'"
info,honesty-negative,maintenance_core/honesty_claims/honesty_claims_audit.csv,1429,"info,honesty-negative,mugenforge/app.py,7215,""('Build Experimental SFF2 PNG Copy', self.binary_core_sff2_png_copy_ui),"""
high,binary-fullness,maintenance_core/honesty_claims/honesty_claims_audit.csv,1430,"high,binary-fullness,mugenforge/app.py,7257,""messagebox.showinfo('Binary Core complete', 'v5.5 Binary Core pass completed. Open binary_core/BINARY_CORE_START_HERE.md to review next steps.')"""
info,honesty-negative,maintenance_core/honesty_claims/honesty_claims_audit.csv,1431,"info,honesty-negative,mugenforge/app.py,7349,""if not messagebox.askyesno('Experimental SFF2 PNG Copy', 'Build the experimental MugenForge PNG-subset SFF2-style copy from the source workspace? This is for pipeline testing, not a full Sprmake2 replacement.'):"""
info,honesty-negative,maintenance_core/honesty_claims/honesty_claims_audit.csv,1432,"info,honesty-negative,mugenforge/app.py,7354,""self._binary_core_show_result(result, 'Experimental SFF2 PNG copy built')"""
info,honesty-negative,maintenance_core/honesty_claims/honesty_claims_audit.csv,1433,"info,honesty-negative,mugenforge/app.py,7356,""messagebox.showerror('Experimental SFF2 PNG copy failed', str(exc))"""
info,honesty-negative,maintenance_core/honesty_claims/honesty_claims_audit.csv,1434,"info,honesty-negative,mugenforge/app.py,7373,""if not messagebox.askyesno('Apply SND Bank Sheet', 'Create a rebuilt SND candidate from binary_core/snd_editor/snd_bank_edit_sheet.csv? The current SND is not overwritten.'):"""
info,honesty-negative,maintenance_core/honesty_claims/honesty_claims_audit.csv,1435,"info,honesty-negative,mugenforge/app.py,7427,""'Binary Deep is an experimental companion tab: broad SFF2 table discovery, PNG/PCX/zlib/raw/RLE8 recovery, diagnostic-only 5-bit/LZ-style probes, '"""
high,binary-fullness,maintenance_core/honesty_claims/honesty_claims_audit.csv,1436,"high,binary-fullness,mugenforge/app.py,7489,""messagebox.showinfo('Binary Deep complete', 'v5.5 Binary Deep pass completed. Open binary_deep/BINARY_DEEP_START_HERE.md to review outputs.')"""
info,honesty-negative,maintenance_core/honesty_claims/honesty_claims_audit.csv,1437,"info,honesty-negative,mugenforge/app.py,7541,""if not messagebox.askyesno('Apply SFF2 Mutation Sheet', 'Apply enabled rows from binary_deep/sff2_mutation/deep_sff2_mutation_sheet.csv? This creates candidate patched/rebuilt files first.'):"""
info,honesty-negative,maintenance_core/honesty_claims/honesty_claims_audit.csv,1438,"info,honesty-negative,mugenforge/app.py,7576,""if not messagebox.askyesno('Apply SND Direct Patch Sheet', 'Apply enabled rows from binary_deep/snd_direct_patch/snd_direct_patch_sheet.csv? This creates a patched candidate copy first.'):"""
medium,safety-claim,maintenance_core/honesty_claims/honesty_claims_audit.csv,1439,"medium,safety-claim,mugenforge/app.py,7615,""header = ttk.LabelFrame(frame, text=f'Binary Maturity v{BINARY_MATURITY_VERSION} — standard SFF2, safe rebuild candidates, SND slot patches, runtime harness', padding=(8, 6))"""
high,binary-fullness,maintenance_core/honesty_claims/honesty_claims_audit.csv,1440,"high,binary-fullness,mugenforge/app.py,7680,""messagebox.showinfo('Binary Maturity complete', 'v5.5 Binary Maturity pass completed. Open binary_maturity/BINARY_MATURITY_START_HERE.md to review outputs.')"""
info,honesty-negative,maintenance_core/honesty_claims/honesty_claims_audit.csv,1441,"info,honesty-negative,mugenforge/app.py,7710,""if not messagebox.askyesno('Apply SFF2 Edit Workspace', 'Build a new SFF2 candidate from binary_maturity/sff2_edit_workspace/sff2_sprite_edit_sheet.csv? The original SFF is not overwritten.'):"""
info,honesty-negative,maintenance_core/honesty_claims/honesty_claims_audit.csv,1442,"info,honesty-negative,mugenforge/app.py,7727,""self._binary_maturity_show_result(result, 'SFF2 source build candidate written')"""
info,honesty-negative,maintenance_core/honesty_claims/honesty_claims_audit.csv,1443,"info,honesty-negative,mugenforge/app.py,7746,""if not messagebox.askyesno('Apply SND Slot Patch Sheet', 'Apply enabled same-or-smaller WAV slot patches into a candidate SND copy? The original SND is not overwritten.'):"""
info,honesty-negative,maintenance_core/honesty_claims/honesty_claims_audit.csv,1444,"info,honesty-negative,mugenforge/app.py,7790,""# Runtime Lab v6.1: external engine harnesses, runtime evidence, log parsing, and release readiness."""
high,engine-authority,maintenance_core/honesty_claims/honesty_claims_audit.csv,1445,"high,engine-authority,mugenforge/app.py,7800,""'Runtime Lab closes the external-playtest gap. It does not simulate M.U.G.E.N/IKEMEN; it writes editable launchers, '"""
info,honesty-negative,maintenance_core/honesty_claims/honesty_claims_audit.csv,1446,"info,honesty-negative,mugenforge/app.py,7825,'One-Click Runtime Lab Pass → edit runtime_config.json → review launcher scripts → run the external engine → '"
high,engine-authority,maintenance_core/honesty_claims/honesty_claims_audit.csv,1447,"high,engine-authority,mugenforge/app.py,7827,""'Readiness is a release aid, not engine-authoritative proof.'"""
info,honesty-negative,maintenance_core/honesty_claims/honesty_claims_audit.csv,1448,"info,honesty-negative,mugenforge/app.py,7834,""self.set_text(self.runtime_lab_output, f'Runtime Lab v{rt_lab.RUNTIME_LAB_VERSION} is ready. Generate configs and launchers, run the external engine, then feed logs/evidence back into MugenForge.')"""
info,honesty-negative,maintenance_core/honesty_claims/honesty_claims_audit.csv,1449,"info,honesty-negative,mugenforge/app.py,7899,""if not messagebox.askyesno('Install Runtime Debug Overlay', 'Append a State -2 DisplayToClipboard helper to the project CNS/ST file? A backup is written first.'):"""
info,honesty-negative,maintenance_core/honesty_claims/honesty_claims_audit.csv,1450,"info,honesty-negative,mugenforge/app.py,8090,""if not messagebox.askyesno('Run external engine?', 'This will run the configured external engine executable. Continue?'):"""
medium,safety-claim,maintenance_core/honesty_claims/honesty_claims_audit.csv,1451,"medium,safety-claim,mugenforge/app.py,8194,""# Authority Core v7.0: engine-backed evidence, corpus validation, verified installs, and tuning feedback."""
medium,safety-claim,maintenance_core/honesty_claims/honesty_claims_audit.csv,1452,"medium,safety-claim,mugenforge/app.py,8201,""header = ttk.LabelFrame(frame, text=f'Authority Core v{ac.AUTHORITY_CORE_VERSION} — engine evidence, corpus validation, verified installs, and tuning feedback', padding=(8, 6))"""
medium,safety-claim,maintenance_core/honesty_claims/honesty_claims_audit.csv,1453,"medium,safety-claim,mugenforge/app.py,8205,""'validate SFF/SND corpora, triage unknown binaries, install verified binary candidates with backups, and apply gameplay tuning feedback from playtests.'"""
medium,safety-claim,maintenance_core/honesty_claims/honesty_claims_audit.csv,1454,"medium,safety-claim,mugenforge/app.py,8234,'validate binary corpus → install only verified candidates → apply tuning feedback → regenerate Authority Score.'"
info,honesty-negative,maintenance_core/honesty_claims/honesty_claims_audit.csv,1455,"info,honesty-negative,mugenforge/app.py,8312,""if not messagebox.askyesno('Run external engine', 'Launch the configured local engine now? MugenForge will capture stdout/stderr/result JSON and will not modify your engine install.'):"""
info,honesty-negative,maintenance_core/honesty_claims/honesty_claims_audit.csv,1456,"info,honesty-negative,mugenforge/app.py,8317,""self._authority_core_show_result(ac.run_authoritative_engine_scenario(root, scenario_id=scenario, timeout_seconds=timeout, dry_run=False), 'External engine scenario attempted')"""
medium,safety-claim,maintenance_core/honesty_claims/honesty_claims_audit.csv,1457,"medium,safety-claim,mugenforge/app.py,8375,""if not messagebox.askyesno('Install verified binary candidates', 'Install rows marked enabled=yes in authority_core/verified_binary_install/verified_binary_install_sheet.csv? Backups will be written first.'):"""
medium,safety-claim,maintenance_core/honesty_claims/honesty_claims_audit.csv,1458,"medium,safety-claim,mugenforge/app.py,8378,""self._authority_core_show_result(ac.install_verified_binary_candidates(root), 'Verified binary candidates installed')"""
info,honesty-negative,maintenance_core/honesty_claims/honesty_claims_audit.csv,1459,"info,honesty-negative,mugenforge/app.py,8381,""messagebox.showerror('Binary candidate install failed', str(exc))"""
medium,safety-claim,maintenance_core/honesty_claims/honesty_claims_audit.csv,1460,"medium,safety-claim,mugenforge/app.py,8422,""# Authority Lab v7.0 — evidence-backed release gate, source-runtime simulation, corpus validation, and verified binary commit."""
medium,safety-claim,maintenance_core/honesty_claims/honesty_claims_audit.csv,1461,"medium,safety-claim,mugenforge/app.py,8429,""header = ttk.LabelFrame(frame, text=f'Authority Lab v{auth_lab.AUTHORITY_LAB_VERSION} — close remaining gaps with evidence and verified commits', padding=(8, 6))"""
medium,safety-claim,maintenance_core/honesty_claims/honesty_claims_audit.csv,1462,"medium,safety-claim,mugenforge/app.py,8433,""'source-runtime simulation, SFF2 corpus validation and fingerprinting, verified binary candidate promotion, '"""
medium,safety-claim,maintenance_core/honesty_claims/honesty_claims_audit.csv,1463,"medium,safety-claim,mugenforge/app.py,8510,""self._authority_lab_show_result(auth_lab.verify_engine_profile(root, run_probe=False), 'Engine profile verified')"""
info,honesty-negative,maintenance_core/honesty_claims/honesty_claims_audit.csv,1464,"info,honesty-negative,mugenforge/app.py,8518,""if not messagebox.askyesno('Probe engine', 'Run the configured external engine command briefly? This uses runtime_lab/runtime_config.json and captures stdout/stderr.'):"""
medium,safety-claim,maintenance_core/honesty_claims/honesty_claims_audit.csv,1465,"medium,safety-claim,mugenforge/app.py,8554,""self._authority_lab_show_result(auth_lab.export_verified_binary_commit_sheet(root), 'Verified binary commit sheet written')"""
medium,safety-claim,maintenance_core/honesty_claims/honesty_claims_audit.csv,1466,"medium,safety-claim,mugenforge/app.py,8565,""self._authority_lab_show_result(auth_lab.apply_verified_binary_commit_sheet(root), 'Verified binary commit sheet applied')"""
medium,safety-claim,maintenance_core/honesty_claims/honesty_claims_audit.csv,1467,"medium,safety-claim,mugenforge/app.py,8606,""header = ttk.LabelFrame(frame, text=f'Closure Lab v{CLOSURE_LAB_VERSION} — runtime simulation, engine adapters, corpus validation, safe commit, tuning loop', padding=(8, 6))"""
high,engine-authority,maintenance_core/honesty_claims/honesty_claims_audit.csv,1468,"high,engine-authority,mugenforge/app.py,8690,""ticks = simpledialog.askinteger('Offline runtime', 'Ticks to simulate:', initialvalue=180, minvalue=1, maxvalue=10000) or 180"""
info,honesty-negative,maintenance_core/honesty_claims/honesty_claims_audit.csv,1469,"info,honesty-negative,mugenforge/app.py,8728,""if not messagebox.askyesno('Run external engine', 'Run your configured local engine profile now? Configure and dry-run first. MugenForge captures stdout/stderr and result JSON.'):"""
medium,safety-claim,maintenance_core/honesty_claims/honesty_claims_audit.csv,1470,"medium,safety-claim,mugenforge/app.py,8827,""# Evidence Core v7.0 — external engine evidence, corpus validation, verified candidate promotion, and runtime tuning."""
medium,safety-claim,maintenance_core/honesty_claims/honesty_claims_audit.csv,1471,"medium,safety-claim,mugenforge/app.py,8834,""header = ttk.LabelFrame(frame, text=f'Evidence Core v{ev_core.EVIDENCE_CORE_VERSION} — engine-backed evidence, corpus validation, and verified promotion', padding=(8, 6))"""
info,honesty-negative,maintenance_core/honesty_claims/honesty_claims_audit.csv,1472,"info,honesty-negative,mugenforge/app.py,8837,""'Evidence Core turns the remaining honest limitations into practical workflows: configure/probe an external engine, '"""
medium,safety-claim,maintenance_core/honesty_claims/honesty_claims_audit.csv,1473,"medium,safety-claim,mugenforge/app.py,8838,""'build launch matrices, capture real stdout/stderr/log evidence, validate SFF2 files against a corpus, promote binary candidates only through a verified install sheet, '"""
high,engine-authority,maintenance_core/honesty_claims/honesty_claims_audit.csv,1474,"high,engine-authority,mugenforge/app.py,8839,'and export/apply playtest-backed tuning sheets. It does not bundle or emulate M.U.G.E.N/IKEMEN.'"
medium,safety-claim,maintenance_core/honesty_claims/honesty_claims_audit.csv,1475,"medium,safety-claim,mugenforge/app.py,8854,""('Verified Install Sheet', self.evidence_core_candidate_sheet_ui),"""
medium,safety-claim,maintenance_core/honesty_claims/honesty_claims_audit.csv,1476,"medium,safety-claim,mugenforge/app.py,8855,""('Apply Verified Install', self.evidence_core_apply_candidate_ui),"""
medium,safety-claim,maintenance_core/honesty_claims/honesty_claims_audit.csv,1477,"medium,safety-claim,mugenforge/app.py,8869,'Ingest Evidence → Authority Report → Corpus Validation → Verified Install Sheet → Runtime Tuning / Playtest Closure.'"
info,honesty-negative,maintenance_core/honesty_claims/honesty_claims_audit.csv,1478,"info,honesty-negative,mugenforge/app.py,8960,""if not messagebox.askyesno('Run external engine validation', 'Launch your configured local engine for enabled Evidence Core scenarios? Review the launch matrix first.'):"""
medium,safety-claim,maintenance_core/honesty_claims/honesty_claims_audit.csv,1479,"medium,safety-claim,mugenforge/app.py,9019,""self._evidence_core_show_result(ev_core.export_verified_candidate_install_sheet(root), 'Verified candidate install sheet written')"""
medium,safety-claim,maintenance_core/honesty_claims/honesty_claims_audit.csv,1480,"medium,safety-claim,mugenforge/app.py,9021,""messagebox.showerror('Verified candidate sheet failed', str(exc))"""
medium,safety-claim,maintenance_core/honesty_claims/honesty_claims_audit.csv,1481,"medium,safety-claim,mugenforge/app.py,9027,""if not messagebox.askyesno('Apply verified candidate install sheet', 'Apply enabled rows from evidence_core/candidate_promotion/verified_candidate_install_sheet.csv? Current targets will be backed up first.'):"""
medium,safety-claim,maintenance_core/honesty_claims/honesty_claims_audit.csv,1482,"medium,safety-claim,mugenforge/app.py,9030,""self._evidence_core_show_result(ev_core.apply_verified_candidate_install_sheet(root), 'Verified candidate install sheet applied')"""
medium,safety-claim,maintenance_core/honesty_claims/honesty_claims_audit.csv,1483,"medium,safety-claim,mugenforge/app.py,9032,""messagebox.showerror('Apply verified candidate sheet failed', str(exc))"""
medium,safety-claim,maintenance_core/honesty_claims/honesty_claims_audit.csv,1484,"medium,safety-claim,mugenforge/app.py,9296,""# Maintenance Core v7.5 — context-safe handoff, catalogs, UI inventory, smoke scripts, and claim audits."""
info,honesty-negative,maintenance_core/honesty_claims/honesty_claims_audit.csv,1485,"info,honesty-negative,mugenforge/app.py,9307,""'release lineage, claim-risk audit, smoke scripts, backlog, and a maintenance bundle. It does not modify gameplay code or user binaries.'"""
medium,safety-claim,maintenance_core/honesty_claims/honesty_claims_audit.csv,1486,"medium,safety-claim,mugenforge/app.py,9337,""self.set_text(self.maintenance_core_output, 'Maintenance Core v7.5 is ready. Open or create a project folder, then run One-Click Maintenance Pass for a context-safe handoff bundle.')"""
info,honesty-negative,maintenance_core/honesty_claims/honesty_claims_audit.csv,1487,"info,honesty-negative,mugenforge/authority_core.py,33,""WARN_RE = re.compile(r'\b(warn(?:ing)?|missing|not found|invalid|cannot|could not|unable|unsupported)\b', re.I)"""
info,honesty-negative,maintenance_core/honesty_claims/honesty_claims_audit.csv,1488,"info,honesty-negative,mugenforge/authority_core.py,159,backup = path.with_name(path.name + f'.bak_authority_{_timestamp()}')"
info,honesty-negative,maintenance_core/honesty_claims/honesty_claims_audit.csv,1489,"info,honesty-negative,mugenforge/authority_core.py,160,""shutil.copy2(path, backup)"""
info,honesty-negative,maintenance_core/honesty_claims/honesty_claims_audit.csv,1490,"info,honesty-negative,mugenforge/authority_core.py,161,return backup"
info,honesty-negative,maintenance_core/honesty_claims/honesty_claims_audit.csv,1491,"info,honesty-negative,mugenforge/authority_core.py,274,- External engine scenario runner with captured stdout/stderr/result JSON."
medium,safety-claim,maintenance_core/honesty_claims/honesty_claims_audit.csv,1492,"medium,safety-claim,mugenforge/authority_core.py,279,""- Verified binary candidate install workflow with hashes, backups, and parser checks."""
info,honesty-negative,maintenance_core/honesty_claims/honesty_claims_audit.csv,1493,"info,honesty-negative,mugenforge/authority_core.py,351,""add('error', 'engine_executable', f'configured path does not exist: {exe}')"""
info,honesty-negative,maintenance_core/honesty_claims/honesty_claims_audit.csv,1494,"info,honesty-negative,mugenforge/authority_core.py,356,""add('warning', 'working_directory', f'configured working directory does not exist: {cwd}')"""
info,honesty-negative,maintenance_core/honesty_claims/honesty_claims_audit.csv,1495,"info,honesty-negative,mugenforge/authority_core.py,442,result.add_note('Dry-run command generated; no external engine process was launched.')"
info,honesty-negative,maintenance_core/honesty_claims/honesty_claims_audit.csv,1496,"info,honesty-negative,mugenforge/authority_core.py,450,result.add_warning(f'Engine executable does not exist: {cmd[0]}')"
info,honesty-negative,maintenance_core/honesty_claims/honesty_claims_audit.csv,1497,"info,honesty-negative,mugenforge/authority_core.py,464,result.add_note('External engine process exited with code 0. This run is captured as runtime evidence.')"
info,honesty-negative,maintenance_core/honesty_claims/honesty_claims_audit.csv,1498,"info,honesty-negative,mugenforge/authority_core.py,466,result.add_warning(f'External engine process exited with code {proc.returncode}.')"
info,honesty-negative,maintenance_core/honesty_claims/honesty_claims_audit.csv,1499,"info,honesty-negative,mugenforge/authority_core.py,470,result.add_warning(f'External engine process timed out after {timeout} seconds.')"
info,honesty-negative,maintenance_core/honesty_claims/honesty_claims_audit.csv,1500,"info,honesty-negative,mugenforge/authority_core.py,474,result.add_warning(f'External engine process failed: {exc}')"
info,honesty-negative,maintenance_core/honesty_claims/honesty_claims_audit.csv,1501,"info,honesty-negative,mugenforge/authority_core.py,607,result.add_warning(f'Corpus folder does not exist: {corpus}')"
info,honesty-negative,maintenance_core/honesty_claims/honesty_claims_audit.csv,1502,"info,honesty-negative,mugenforge/authority_core.py,664,""if status in {'parse_failed', 'unknown'} or 'unsupported' in warnings or 'invalid' in warnings:"""
medium,safety-claim,maintenance_core/honesty_claims/honesty_claims_audit.csv,1503,"medium,safety-claim,mugenforge/authority_core.py,688,result = AuthorityCoreResult('Verified Binary Install Sheet')"
medium,safety-claim,maintenance_core/honesty_claims/honesty_claims_audit.csv,1504,"medium,safety-claim,mugenforge/authority_core.py,708,status = 'verified' if info.variant != 'unknown' else 'needs_review'"
medium,safety-claim,maintenance_core/honesty_claims/honesty_claims_audit.csv,1505,"medium,safety-claim,mugenforge/authority_core.py,712,status = 'verified' if info.sounds or info.has_signature else 'needs_review'"
info,honesty-negative,maintenance_core/honesty_claims/honesty_claims_audit.csv,1506,"info,honesty-negative,mugenforge/authority_core.py,720,""'install_mode': 'backup_then_replace', 'notes': 'Set enabled=yes only after verifying this candidate in your target engine.'"""
medium,safety-claim,maintenance_core/honesty_claims/honesty_claims_audit.csv,1507,"medium,safety-claim,mugenforge/authority_core.py,731,result = AuthorityCoreResult('Verified Binary Candidate Installer')"
info,honesty-negative,maintenance_core/honesty_claims/honesty_claims_audit.csv,1508,"info,honesty-negative,mugenforge/authority_core.py,745,result.add_warning(f'Candidate missing: {cand}')"
info,honesty-negative,maintenance_core/honesty_claims/honesty_claims_audit.csv,1509,"info,honesty-negative,mugenforge/authority_core.py,758,result.add_warning(f'Unsupported install kind: {kind}')"
info,honesty-negative,maintenance_core/honesty_claims/honesty_claims_audit.csv,1510,"info,honesty-negative,mugenforge/authority_core.py,764,backup = _backup_file(target) if target.exists() else None"
info,honesty-negative,maintenance_core/honesty_claims/honesty_claims_audit.csv,1511,"info,honesty-negative,mugenforge/authority_core.py,767,""installed.append({'candidate': str(cand), 'target': str(target), 'candidate_sha256': actual_hash, 'backup': str(backup or '')})"""
medium,safety-claim,maintenance_core/honesty_claims/honesty_claims_audit.csv,1512,"medium,safety-claim,mugenforge/authority_core.py,769,result.add_note(f'Installed {len(installed)} verified candidate(s).')"
info,honesty-negative,maintenance_core/honesty_claims/honesty_claims_audit.csv,1513,"info,honesty-negative,mugenforge/authority_core.py,969,""lines.append(f'- External engine evidence present: {""""yes"""" if evidence_backed else """"no""""}')"""
info,honesty-negative,maintenance_core/honesty_claims/honesty_claims_audit.csv,1514,"info,honesty-negative,mugenforge/authority_core.py,1025,""result.merge(run_authoritative_engine_scenario(root, dry_run=False), 'external engine auto-run')"""
medium,plugin-execution,maintenance_core/honesty_claims/honesty_claims_audit.csv,1515,"medium,plugin-execution,mugenforge/authority_core.py,1026,""result.merge(parse_engine_run_results(root), 'engine run parser after auto-run')"""
medium,plugin-execution,maintenance_core/honesty_claims/honesty_claims_audit.csv,1516,"medium,plugin-execution,mugenforge/authority_core.py,1027,""result.merge(write_authority_score(root), 'authority score after auto-run')"""
info,honesty-negative,maintenance_core/honesty_claims/honesty_claims_audit.csv,1517,"info,honesty-negative,mugenforge/authority_core.py,1029,result.add_warning(f'external engine auto-run failed: {exc}')"
high,engine-authority,maintenance_core/honesty_claims/honesty_claims_audit.csv,1518,"high,engine-authority,mugenforge/authority_lab.py,316,""""""previous_limitation"""": """"Editor-side reports were not engine-authoritative."""","""
high,engine-authority,maintenance_core/honesty_claims/honesty_claims_audit.csv,1519,"high,engine-authority,mugenforge/authority_lab.py,326,""""""previous_limitation"""": """"MugenForge did not simulate runtime behavior."""","""
info,honesty-negative,maintenance_core/honesty_claims/honesty_claims_audit.csv,1520,"info,honesty-negative,mugenforge/authority_lab.py,341,""""""previous_limitation"""": """"Binary mutation was candidate/backup-first only."""","""
medium,safety-claim,maintenance_core/honesty_claims/honesty_claims_audit.csv,1521,"medium,safety-claim,mugenforge/authority_lab.py,342,""""""v7_feature"""": """"Verified Binary Commit Sheet promotes chosen candidate SFF/SND files to live DEF-referenced files after SHA verification and automatic backup."""","""
info,honesty-negative,maintenance_core/honesty_claims/honesty_claims_audit.csv,1522,"info,honesty-negative,mugenforge/authority_lab.py,363,""""""No editor can make subjective move feel, balance, or player-fun decisions without playtesting. Authority Lab narrows the technical gaps by collecting evidence, verifying external engine setup, and making risky binary changes deliberate and reversible."""","""
info,honesty-negative,maintenance_core/honesty_claims/honesty_claims_audit.csv,1523,"info,honesty-negative,mugenforge/authority_lab.py,459,""""""This verifies local engine configuration and optional startup behavior. It does not certify engine-specific command-line semantics for every build."""","""
medium,safety-claim,maintenance_core/honesty_claims/honesty_claims_audit.csv,1524,"medium,safety-claim,mugenforge/authority_lab.py,725,# Verified binary commit workflows"
medium,safety-claim,maintenance_core/honesty_claims/honesty_claims_audit.csv,1525,"medium,safety-claim,mugenforge/authority_lab.py,753,""res = AuthorityLabResult(""""Verified Binary Commit Sheet"""")"""
info,honesty-negative,maintenance_core/honesty_claims/honesty_claims_audit.csv,1526,"info,honesty-negative,mugenforge/authority_lab.py,770,""""""notes"""": """"Set enabled=yes only after testing this candidate in your target engine."""","""
medium,safety-claim,maintenance_core/honesty_claims/honesty_claims_audit.csv,1527,"medium,safety-claim,mugenforge/authority_lab.py,776,""""""# Verified Binary Commit Sheet"""","""
info,honesty-negative,maintenance_core/honesty_claims/honesty_claims_audit.csv,1528,"info,honesty-negative,mugenforge/authority_lab.py,778,""""""This sheet promotes a tested candidate `.sff` or `.snd` into the live DEF-referenced file with a backup and SHA-256 verification."""","""
info,honesty-negative,maintenance_core/honesty_claims/honesty_claims_audit.csv,1529,"info,honesty-negative,mugenforge/authority_lab.py,780,""""""1. Test the candidate in your target engine."""","""
info,honesty-negative,maintenance_core/honesty_claims/honesty_claims_audit.csv,1530,"info,honesty-negative,mugenforge/authority_lab.py,782,""""""3. Set `enabled=yes` for the exact candidate to promote."""","""
info,honesty-negative,maintenance_core/honesty_claims/honesty_claims_audit.csv,1531,"info,honesty-negative,mugenforge/authority_lab.py,786,""""""Blind overwrites are intentionally blocked. The app verifies the candidate hash before copying and writes a backup of the live file first."""","""
info,honesty-negative,maintenance_core/honesty_claims/honesty_claims_audit.csv,1532,"info,honesty-negative,mugenforge/authority_lab.py,788,""res.add_note(f""""Exported {len(rows)} candidate row(s)."""")"""
medium,safety-claim,maintenance_core/honesty_claims/honesty_claims_audit.csv,1533,"medium,safety-claim,mugenforge/authority_lab.py,794,""res = AuthorityLabResult(""""Apply Verified Binary Commit Sheet"""")"""
medium,safety-claim,maintenance_core/honesty_claims/honesty_claims_audit.csv,1534,"medium,safety-claim,mugenforge/authority_lab.py,800,""res.add_warning(""""Verified binary commit sheet not found."""")"""
info,honesty-negative,maintenance_core/honesty_claims/honesty_claims_audit.csv,1535,"info,honesty-negative,mugenforge/authority_lab.py,809,""res.add_warning(f""""Skipping unsupported kind: {kind}"""")"""
info,honesty-negative,maintenance_core/honesty_claims/honesty_claims_audit.csv,1536,"info,honesty-negative,mugenforge/authority_lab.py,815,""res.add_warning(f""""Candidate does not exist: {cand}"""")"""
info,honesty-negative,maintenance_core/honesty_claims/honesty_claims_audit.csv,1537,"info,honesty-negative,mugenforge/authority_lab.py,820,""res.add_warning(f""""Candidate SHA mismatch for {cand.name}; expected {expected}, got {actual}. Row skipped."""")"""
info,honesty-negative,maintenance_core/honesty_claims/honesty_claims_audit.csv,1538,"info,honesty-negative,mugenforge/authority_lab.py,827,""backup = backup_dir / f""""{Path(live).name}.bak_authority_{_now()}"""""""
info,honesty-negative,maintenance_core/honesty_claims/honesty_claims_audit.csv,1539,"info,honesty-negative,mugenforge/authority_lab.py,828,""shutil.copy2(live, backup)"""
info,honesty-negative,maintenance_core/honesty_claims/honesty_claims_audit.csv,1540,"info,honesty-negative,mugenforge/authority_lab.py,830,""res.add_created(root, backup)"""
info,honesty-negative,maintenance_core/honesty_claims/honesty_claims_audit.csv,1541,"info,honesty-negative,mugenforge/authority_lab.py,835,""""""candidate"""": _rel(root, cand),"""
info,honesty-negative,maintenance_core/honesty_claims/honesty_claims_audit.csv,1542,"info,honesty-negative,mugenforge/authority_lab.py,838,""""""backup"""": _rel(root, backup),"""
medium,safety-claim,maintenance_core/honesty_claims/honesty_claims_audit.csv,1543,"medium,safety-claim,mugenforge/authority_lab.py,848,""res.add_note(f""""Promoted {len(commit_log)} verified binary candidate(s) into live files."""")"""
info,honesty-negative,maintenance_core/honesty_claims/honesty_claims_audit.csv,1544,"info,honesty-negative,mugenforge/authority_lab.py,905,""""""This workbench does not pretend generated gameplay code is finished. It turns generated scaffolding into testable tuning sheets."""","""
high,engine-authority,maintenance_core/honesty_claims/honesty_claims_audit.csv,1545,"high,engine-authority,mugenforge/authority_lab.py,1006,""""""Authority Gate is evidence-backed when it includes real external engine logs/probe output. Without real engine evidence, it remains a strong preflight check rather than runtime certification."""","""
medium,safety-claim,maintenance_core/honesty_claims/honesty_claims_audit.csv,1546,"medium,safety-claim,mugenforge/automation_bank.py,68,""FeaturePreset(""""starter_basics"""", """"Starter basics / required actions"""", """"Setup"""", """"Beginner"""", """"Adds beginner-safe AIR placeholders for common required animations, plus basic CMD shortcuts and a clipboard/debug helper."""", (""""cmd"""", """"cns"""", """"air""""), (""""Use this first on a new character."""", """"It creates placeholders, not finished art.""""), (""""setup"""", """"air"""", """"cmd"""")),"""
medium,safety-claim,maintenance_core/honesty_claims/honesty_claims_audit.csv,1547,"medium,safety-claim,mugenforge/automation_bank.py,81,""FeaturePreset(""""taunt"""", """"Taunt"""", """"Personality"""", """"Beginner"""", """"Start-button taunt state with a safe non-attacking animation block."""", (""""cmd"""", """"cns"""", """"air""""), tags=(""""taunt"""", """"personality"""")),"""
info,honesty-negative,maintenance_core/honesty_claims/honesty_claims_audit.csv,1548,"info,honesty-negative,mugenforge/automation_bank.py,401,backup = _backup_path(path)"
info,honesty-negative,maintenance_core/honesty_claims/honesty_claims_audit.csv,1549,"info,honesty-negative,mugenforge/automation_bank.py,402,""backup.write_text(old, encoding=""""utf-8"""", errors=""""replace"""")"""
medium,safety-claim,maintenance_core/honesty_claims/honesty_claims_audit.csv,1550,"medium,safety-claim,mugenforge/automation_bank.py,666,""FeaturePreset(""""counter_attack"""", """"Counter attack"""", """"Defense"""", """"Intermediate"""", """"Counter starter that uses a safe beginner skeleton with a delayed strike."""", (""""cmd"""", """"cns"""", """"air""""), tags=(""""defense"""", """"counter"""")),"""
medium,safety-claim,maintenance_core/honesty_claims/honesty_claims_audit.csv,1551,"medium,safety-claim,mugenforge/automation_bank.py,694,""extras.append(f'''[State {state_no}, Beginner-safe invuln window]"""
medium,safety-claim,maintenance_core/honesty_claims/honesty_claims_audit.csv,1552,"medium,safety-claim,mugenforge/automation_bank.py,839,""[State {state_no}, Safe recovery]"""
medium,safety-claim,maintenance_core/honesty_claims/honesty_claims_audit.csv,1553,"medium,safety-claim,mugenforge/automation_bank.py,1045,; This is intentionally conservative. It gives you safe examples rather than taking over your character."
medium,safety-claim,maintenance_core/honesty_claims/honesty_claims_audit.csv,1554,"medium,safety-claim,mugenforge/automation_bank.py,1303,""FeaturePreset(""""meter_charge"""", """"Meter charge"""", """"Supers / Meter"""", """"Beginner"""", """"Hold-button meter charge state with safe beginner limits."""", (""""cmd"""", """"cns"""", """"air""""), tags=(""""meter"""", """"utility"""")),"""
medium,safety-claim,maintenance_core/honesty_claims/honesty_claims_audit.csv,1555,"medium,safety-claim,mugenforge/automation_bank.py,1414,; These are safe examples. Move/copy the PlaySnd controllers into your actual intro/taunt/special/super/win/lose states."
medium,fighter-factory-reference,maintenance_core/honesty_claims/honesty_claims_audit.csv,1556,"medium,fighter-factory-reference,mugenforge/automation_bank.py,2099,# v2.3 Fighter Factory+ no-code systems and polish bank"
medium,safety-claim,maintenance_core/honesty_claims/honesty_claims_audit.csv,1557,"medium,safety-claim,mugenforge/automation_bank.py,2119,""FeaturePreset(""""guardstun_tuning_bank"""", """"Guardstun tuning bank"""", """"FF+ Balance"""", """"Beginner"""", """"Adds commented guard timing examples for safe and unsafe moves."""", (""""cns"""",), tags=(""""balance"""", """"guard"""")),"""
medium,safety-claim,maintenance_core/honesty_claims/honesty_claims_audit.csv,1558,"medium,safety-claim,mugenforge/automation_bank.py,2135,""FeaturePreset(""""training_dummy_guard_mode"""", """"Training dummy guard mode notes"""", """"FF+ Training"""", """"Advanced"""", """"Adds a safe commented starter for guard-mode testing hooks."""", (""""cns"""",), tags=(""""training"""", """"guard"""")),"""
medium,safety-claim,maintenance_core/honesty_claims/honesty_claims_audit.csv,1559,"medium,safety-claim,mugenforge/automation_bank.py,2193,""- Is the move safe, unsafe, armored, projectile-based, or throw-based?"""
medium,safety-claim,maintenance_core/honesty_claims/honesty_claims_audit.csv,1560,"medium,safety-claim,mugenforge/automation_bank.py,2231,""summary = """"Adds beginner-safe placeholders for many common required/round-flow actions. Replace art later."""""""
medium,safety-claim,maintenance_core/honesty_claims/honesty_claims_audit.csv,1561,"medium,safety-claim,mugenforge/automation_bank.py,2265,""notes: List[str] = [""""Generated as a beginner-readable system skeleton. It is safe to install, but final tuning still needs in-game testing.""""]"""
medium,safety-claim,maintenance_core/honesty_claims/honesty_claims_audit.csv,1562,"medium,safety-claim,mugenforge/automation_bank.py,2368,""""""guardstun_tuning_bank"""": """"""""""""; HitDef guardtime examples:\n; unsafe light guard.hittime = 8\n; safe special guard.hittime = 16\n; plus-frame super guard.hittime = 24\n[State -2, FF+ guardstun note]\ntype = Null\ntrigger1 = 1"""""""""""","""
info,honesty-negative,maintenance_core/honesty_claims/honesty_claims_audit.csv,1563,"info,honesty-negative,mugenforge/automation_bank.py,2372,""""""training_hitbox_toggle"""": """"""""""""[State -2, FF+ CLSN note]\ntype = DisplayToClipboard\ntrigger1 = 0 ; set to 1 while tuning CLSN in-game\ntext = \""""Use MugenForge CLSN Editor for visual hitbox edits, then save AIR with backup.\""""\nignorehitpause = 1"""""""""""","""
medium,fighter-factory-reference,maintenance_core/honesty_claims/honesty_claims_audit.csv,1564,"medium,fighter-factory-reference,mugenforge/automation_bank.py,2438,""""""FF+ Fighter Factory-Style Essentials"""": ["""
medium,fighter-factory-reference,maintenance_core/honesty_claims/honesty_claims_audit.csv,1565,"medium,fighter-factory-reference,mugenforge/automation_bank.py,2464,""KIT_PRESETS[""""Full No-Code Creator Pack""""] = list(dict.fromkeys(KIT_PRESETS.get(""""Full No-Code Creator Pack"""", []) + KIT_PRESETS[""""FF+ Fighter Factory-Style Essentials""""] + KIT_PRESETS[""""FF+ Visual Polish Kit""""]))"""
medium,fighter-factory-reference,maintenance_core/honesty_claims/honesty_claims_audit.csv,1566,"medium,fighter-factory-reference,mugenforge/automation_bank.py,2471,# Fighter Factory-style editor parity docs/tools"
medium,safety-claim,maintenance_core/honesty_claims/honesty_claims_audit.csv,1567,"medium,safety-claim,mugenforge/automation_bank.py,2472,""FeaturePreset(""""max_sprite_organizer_docs"""", """"Sprite organizer workflow"""", """"Factory Max Editor Parity"""", """"Beginner"""", """"Plain-English sprite organizer workflow for group/image naming, axis notes, collision-safe imports, and contact sheets."""", (""""docs"""",), tags=(""""sprites"""", """"organizer"""", """"docs"""")),"""
medium,safety-claim,maintenance_core/honesty_claims/honesty_claims_audit.csv,1568,"medium,safety-claim,mugenforge/automation_bank.py,2479,""FeaturePreset(""""max_import_resolver_docs"""", """"Project import resolver"""", """"Factory Max Editor Parity"""", """"Intermediate"""", """"Safe import/collision-resolution checklist for borrowing assets from your own projects without overwriting current files."""", (""""docs"""",), tags=(""""import"""", """"docs"""")),"""
info,honesty-negative,maintenance_core/honesty_claims/honesty_claims_audit.csv,1569,"info,honesty-negative,mugenforge/automation_bank.py,2484,""FeaturePreset(""""max_code_history_safety_docs"""", """"Edit history / backup safety"""", """"Factory Max Editor Parity"""", """"Beginner"""", """"Backup/restore workflow for generated code blocks, binary assets, and release packaging."""", (""""docs"""",), tags=(""""safety"""", """"docs"""")),"""
medium,safety-claim,maintenance_core/honesty_claims/honesty_claims_audit.csv,1570,"medium,safety-claim,mugenforge/automation_bank.py,2496,""FeaturePreset(""""max_pushback_router"""", """"Pushback tuning router"""", """"Factory Max Combat Lab"""", """"Intermediate"""", """"Central notes for pushback/vel tuning and safe/unsafe move review."""", (""""cns"""",), tags=(""""balance"""", """"pushback"""")),"""
info,honesty-negative,maintenance_core/honesty_claims/honesty_claims_audit.csv,1571,"info,honesty-negative,mugenforge/automation_bank.py,2506,""FeaturePreset(""""max_tag_rules_router"""", """"Tag/assist prototype router"""", """"Factory Max Combat Lab"""", """"Advanced"""", """"Experimental tag-system planning skeleton for full-game creators."""", (""""cns"""",), tags=(""""tag"""", """"system"""")),"""
medium,safety-claim,maintenance_core/honesty_claims/honesty_claims_audit.csv,1572,"medium,safety-claim,mugenforge/automation_bank.py,2563,""- Is it fast, slow, safe, risky, flashy, simple, or boss-level?"""
medium,safety-claim,maintenance_core/honesty_claims/honesty_claims_audit.csv,1573,"medium,safety-claim,mugenforge/automation_bank.py,2588,""safe = re.sub(r""""[^A-Za-z0-9_\-]+"""", """"_"""", feature_id).upper()"""
medium,safety-claim,maintenance_core/honesty_claims/honesty_claims_audit.csv,1574,"medium,safety-claim,mugenforge/automation_bank.py,2589,""rel = f""""docs/FACTORY_MAX_{safe}.md"""""""
medium,safety-claim,maintenance_core/honesty_claims/honesty_claims_audit.csv,1575,"medium,safety-claim,mugenforge/automation_bank.py,2650,""notes=[""""This is a safe starter hook. Use the visual editors/reports to tune it instead of hand-coding from scratch.""""],"""
medium,fighter-factory-reference,maintenance_core/honesty_claims/honesty_claims_audit.csv,1576,"medium,fighter-factory-reference,mugenforge/automation_bank.py,2715,""KIT_PRESETS.get(""""FF+ Fighter Factory-Style Essentials"""", []) +"""
medium,safety-claim,maintenance_core/honesty_claims/honesty_claims_audit.csv,1577,"medium,safety-claim,mugenforge/automation_bank.py,2737,""FeaturePreset(""""ultra_snapshot_docs"""", """"Snapshot safety workflow"""", """"Factory Ultra Guides"""", """"Beginner"""", """"Teaches safe snapshot/backup habits before using generated code or batch edits."""", (""""docs"""",), tags=(""""backup"""", """"safety"""")),"""
medium,safety-claim,maintenance_core/honesty_claims/honesty_claims_audit.csv,1578,"medium,safety-claim,mugenforge/automation_bank.py,2749,""FeaturePreset(""""ultra_random_color_intro"""", """"Random color intro hook"""", """"Factory Ultra Systems"""", """"Beginner"""", """"Intro/palette personality hook skeleton with safe comments."""", (""""cns"""", """"air""""), tags=(""""intro"""", """"palette"""")),"""
medium,safety-claim,maintenance_core/honesty_claims/honesty_claims_audit.csv,1579,"medium,safety-claim,mugenforge/automation_bank.py,2761,""FeaturePreset(""""ultra_safe_special"""", """"Safe special starter"""", """"Factory Ultra Moves"""", """"Intermediate"""", """"Lower-risk special move starter with modest damage and pushback."""", (""""cmd"""", """"cns"""", """"air""""), tags=(""""special"""", """"safe"""")),"""
info,honesty-negative,maintenance_core/honesty_claims/honesty_claims_audit.csv,1580,"info,honesty-negative,mugenforge/automation_bank.py,2803,- Backup snapshots before risky edits."
medium,safety-claim,maintenance_core/honesty_claims/honesty_claims_audit.csv,1581,"medium,safety-claim,mugenforge/automation_bank.py,2812,""safe = re.sub(r""""[^A-Za-z0-9_\-]+"""", """"_"""", feature_id).upper()"""
medium,safety-claim,maintenance_core/honesty_claims/honesty_claims_audit.csv,1582,"medium,safety-claim,mugenforge/automation_bank.py,2816,""extra_files={f""""docs/FACTORY_ULTRA_{safe}.md"""": _v26_doc_text(feature_id, preset.name)},"""
medium,safety-claim,maintenance_core/honesty_claims/honesty_claims_audit.csv,1583,"medium,safety-claim,mugenforge/automation_bank.py,2879,""notes=[""""Safe starter hook. Use the Creator Cockpit, Task Board, and reports to tune without hand-coding.""""],"""
medium,safety-claim,maintenance_core/honesty_claims/honesty_claims_audit.csv,1584,"medium,safety-claim,mugenforge/automation_bank.py,2886,""""""ultra_safe_special"""": _spec(""""Safe Special"""", """"ultra_safe_special"""", """"~D, DF, F, x"""", 4120, damage=52, frame_count=7, hit_frame=4, hit_box=(20, -72, 92, -30), sound=(5, 3), ground_velocity=(-2, 0)),"""
info,honesty-negative,maintenance_core/honesty_claims/honesty_claims_audit.csv,1585,"info,honesty-negative,mugenforge/automation_bank.py,2952,""FeaturePreset(""""v26_time_machine_docs"""", """"Time Machine snapshot guide"""", """"Creator AutoPilot Docs"""", """"Beginner"""", """"Teaches the snapshot-before-big-edits safety workflow."""", (""""docs"""",), tags=(""""backup"""", """"docs"""")),"""
medium,safety-claim,maintenance_core/honesty_claims/honesty_claims_audit.csv,1586,"medium,safety-claim,mugenforge/automation_bank.py,2957,""FeaturePreset(""""v26_beginner_tuning_docs"""", """"Beginner tuning guide"""", """"Creator AutoPilot Docs"""", """"Beginner"""", """"Explains safe damage/speed/hit-pause/pushback tuning knobs."""", (""""docs"""",), tags=(""""tuning"""", """"docs"""")),"""
medium,safety-claim,maintenance_core/honesty_claims/honesty_claims_audit.csv,1587,"medium,safety-claim,mugenforge/automation_bank.py,2969,""FeaturePreset(""""v26_auto_combo_assist_router"""", """"Auto-combo assist router"""", """"Creator AutoPilot Systems"""", """"Intermediate"""", """"Safe starter hook for optional simplified combo routes."""", (""""cmd"""", """"cns""""), tags=(""""combo"""", """"assist"""")),"""
medium,safety-claim,maintenance_core/honesty_claims/honesty_claims_audit.csv,1588,"medium,safety-claim,mugenforge/automation_bank.py,2989,""FeaturePreset(""""v26_safe_fireball"""", """"Safe test fireball"""", """"Creator AutoPilot Moves"""", """"Beginner"""", """"Projectile starter tuned for learning spacing rather than final balance."""", (""""cmd"""", """"cns"""", """"air""""), tags=(""""projectile"""", """"beginner"""")),"""
medium,safety-claim,maintenance_core/honesty_claims/honesty_claims_audit.csv,1589,"medium,safety-claim,mugenforge/automation_bank.py,3009,""safe = re.sub(r""""[^A-Za-z0-9_\-]+"""", """"_"""", feature_id).upper()"""
medium,safety-claim,maintenance_core/honesty_claims/honesty_claims_audit.csv,1590,"medium,safety-claim,mugenforge/automation_bank.py,3010,""rel = f""""docs/CREATOR_AUTOPILOT_{safe}.md"""""""
medium,safety-claim,maintenance_core/honesty_claims/honesty_claims_audit.csv,1591,"medium,safety-claim,mugenforge/automation_bank.py,3022,2. Let MugenForge generate safe starter scaffolding and reports."
medium,safety-claim,maintenance_core/honesty_claims/honesty_claims_audit.csv,1592,"medium,safety-claim,mugenforge/automation_bank.py,3092,""""""v26_safe_fireball"""": _spec(""""Safe Test Fireball"""", """"v26_safe_fireball"""", """"~D, DF, F, x"""", 1440, move_type=""""projectile"""", damage=48, frame_count=7, hit_frame=4, hit_box=(22, -72, 80, -32), sound=(5, 3), ground_velocity=(-3, 0)),"""
medium,safety-claim,maintenance_core/honesty_claims/honesty_claims_audit.csv,1593,"medium,safety-claim,mugenforge/automation_bank.py,3150,""safe = re.sub(r""""[^A-Za-z0-9_\-]+"""", """"_"""", feature_id).upper()"""
medium,safety-claim,maintenance_core/honesty_claims/honesty_claims_audit.csv,1594,"medium,safety-claim,mugenforge/automation_bank.py,3169,""return FeaturePackage(feature_id=feature_id, name=preset.name, extra_files={f""""docs/FACTORY_ULTRA_{safe}.md"""": text}, summary=f""""Writes Factory Ultra guide: {preset.name}."""", notes=[""""No-code documentation helper.""""])"""
medium,safety-claim,maintenance_core/honesty_claims/honesty_claims_audit.csv,1595,"medium,safety-claim,mugenforge/automation_bank.py,3203,""return FeaturePackage(feature_id=feature_id, name=preset.name, cmd_block=_wrap(feature_id, preset.name, cmd), cns_block=_wrap(feature_id, preset.name, cns), air_block=_wrap(feature_id, preset.name, air), summary=f""""Adds Factory Ultra no-code scaffold: {preset.name}."""", notes=[""""Safe starter hook; use visual reports to tune.""""])"""
info,honesty-negative,maintenance_core/honesty_claims/honesty_claims_audit.csv,1596,"info,honesty-negative,mugenforge/automation_bank.py,3252,""FeaturePreset('ql_backup_restore_docs', 'Backup / restore safety guide', 'Quality Lab', 'Beginner', 'Adds a safety guide for creating restore bundles before big no-code passes.', ('docs',), tags=('backup', 'safety')),"""
medium,fighter-factory-reference,maintenance_core/honesty_claims/honesty_claims_audit.csv,1597,"medium,fighter-factory-reference,mugenforge/automation_bank.py,3264,""FeaturePreset('ql_ff_parity_migration_docs', 'Fighter Factory migration checklist', 'Quality Lab', 'Beginner', 'Adds a workflow checklist for creators coming from Fighter Factory-style tools into MugenForge no-code workflows.', ('docs',), tags=('migration', 'workflow')),"""
medium,safety-claim,maintenance_core/honesty_claims/honesty_claims_audit.csv,1598,"medium,safety-claim,mugenforge/automation_bank.py,3269,""FeaturePreset('ql_ai_test_router', 'AI smoke-test router', 'Quality Lab Systems', 'Intermediate', 'Adds a conservative AI smoke-test router that randomly chooses safe existing-ish states when AILevel is active.', ('cns',), tags=('ai', 'testing')),"""
medium,safety-claim,maintenance_core/honesty_claims/honesty_claims_audit.csv,1599,"medium,safety-claim,mugenforge/automation_bank.py,3275,""FeaturePreset('ql_credits_license_docs', 'Credits/license release guide', 'Quality Lab', 'Beginner', 'Adds a release-safe credits, permission, and source-art checklist.', ('docs',), tags=('license', 'credits')),"""
info,honesty-negative,maintenance_core/honesty_claims/honesty_claims_audit.csv,1600,"info,honesty-negative,mugenforge/automation_bank.py,3276,""FeaturePreset('ql_rc_smoke_test_docs', 'Release candidate smoke-test guide', 'Quality Lab', 'Beginner', 'Adds a short QA script for checking select.def entry, arcade launch, moves, hits, blocks, sounds, and no missing sprites.', ('docs',), tags=('release', 'qa')),"""
info,honesty-negative,maintenance_core/honesty_claims/honesty_claims_audit.csv,1601,"info,honesty-negative,mugenforge/automation_bank.py,3308,5. Make a backup before generated-code or asset rebuild passes."
medium,safety-claim,maintenance_core/honesty_claims/honesty_claims_audit.csv,1602,"medium,safety-claim,mugenforge/automation_bank.py,3326,notes=['Safe for beginners: this preset writes documentation/checklists only.']"
info,honesty-negative,maintenance_core/honesty_claims/honesty_claims_audit.csv,1603,"info,honesty-negative,mugenforge/automation_bank.py,3444,""FeaturePreset('rescue_embedded_scan_docs', 'Embedded asset scanner guide', 'Rescue Lab', 'Beginner', 'Explains how to scan unsupported SFF/SND/binary files for embedded PNG, PCX, and WAV payloads without writing code.', ('docs',), tags=('rescue', 'assets', 'sff', 'snd')),"""
medium,safety-claim,maintenance_core/honesty_claims/honesty_claims_audit.csv,1604,"medium,safety-claim,mugenforge/automation_bank.py,3447,""FeaturePreset('rescue_sff_rebuild_docs', 'Recovered SFF v1 rebuild guide', 'Rescue Lab', 'Beginner', 'Explains the safe difference between rebuilding a fresh starter SFF v1 and byte-perfect SFF v2 editing.', ('docs',), tags=('rescue', 'sff')),"""
info,honesty-negative,maintenance_core/honesty_claims/honesty_claims_audit.csv,1605,"info,honesty-negative,mugenforge/automation_bank.py,3452,""FeaturePreset('factory_complete_safety_docs', 'Factory Complete safety rules', 'Factory Complete', 'Beginner', 'Writes simple backup, restore, and generated-code safety rules for non-coders.', ('docs',), tags=('safety', 'backup')),"""
medium,safety-claim,maintenance_core/honesty_claims/honesty_claims_audit.csv,1606,"medium,safety-claim,mugenforge/automation_bank.py,3454,""FeaturePreset('factory_complete_beginner_debug_hook', 'Beginner debug hook', 'Factory Complete Systems', 'Beginner', 'Adds a safe clipboard overlay that points the creator to the current state/action/frame while testing.', ('cns',), tags=('debug', 'testing')),"""
info,honesty-negative,maintenance_core/honesty_claims/honesty_claims_audit.csv,1607,"info,honesty-negative,mugenforge/automation_bank.py,3479,1. Make a backup or restore bundle before heavy edits."
info,honesty-negative,maintenance_core/honesty_claims/honesty_claims_audit.csv,1608,"info,honesty-negative,mugenforge/automation_bank.py,3482,4. Use Rescue Lab only when packed assets or unsupported binaries block progress."
medium,safety-claim,maintenance_core/honesty_claims/honesty_claims_audit.csv,1609,"medium,safety-claim,mugenforge/automation_bank.py,3494,Recovery tools are practical creator helpers. They do not claim byte-perfect SFF v2 mutation or ownership/permission over recovered assets."
medium,safety-claim,maintenance_core/honesty_claims/honesty_claims_audit.csv,1610,"medium,safety-claim,mugenforge/automation_bank.py,3496,""return FeaturePackage(feature_id=feature_id, name=preset.name, extra_files={f'docs/RESCUE_LAB_{stem}.md': body}, summary=f'Writes Rescue/Factory Complete guide: {preset.name}.', notes=['Documentation-only preset; safe for beginners.'])"""
medium,safety-claim,maintenance_core/honesty_claims/honesty_claims_audit.csv,1611,"medium,safety-claim,mugenforge/automation_bank.py,3563,# These are intentionally safe defaults. Many write docs/checklists; selected"
medium,safety-claim,maintenance_core/honesty_claims/honesty_claims_audit.csv,1612,"medium,safety-claim,mugenforge/automation_bank.py,3580,""('ch_palette_plan_docs', 'Palette/costume plan', 'Production', 'Beginner', 'Plan palette variants, costume naming, and accessibility-safe color contrast.'),"""
info,honesty-negative,maintenance_core/honesty_claims/honesty_claims_audit.csv,1613,"info,honesty-negative,mugenforge/automation_bank.py,3607,""('ch_release_candidate_overlay', 'Creator Hub release-candidate overlay', 'Testing Helpers', 'Beginner', 'Adds final QA clipboard hints for release-candidate testing.'),"""
info,honesty-negative,maintenance_core/honesty_claims/honesty_claims_audit.csv,1614,"info,honesty-negative,mugenforge/automation_bank.py,3641,This doc preset writes files only. It does not mutate gameplay code."
medium,safety-claim,maintenance_core/honesty_claims/honesty_claims_audit.csv,1615,"medium,safety-claim,mugenforge/automation_bank.py,3643,""return FeaturePackage(feature_id=feature_id, name=preset.name, extra_files={f'creator_hub/feature_guides/{stem}.md': body}, summary=f'Writes Creator Hub guide: {preset.name}.', notes=['Safe documentation preset.'])"""
info,honesty-negative,maintenance_core/honesty_claims/honesty_claims_audit.csv,1616,"info,honesty-negative,mugenforge/automation_bank.py,3738,cns = '''; Creator Hub release-candidate overlay"
medium,safety-claim,maintenance_core/honesty_claims/honesty_claims_audit.csv,1617,"medium,safety-claim,mugenforge/binary_core.py,32,""'Binary Core is conservative. It performs native metadata inspection, safe extraction for supported payloads, '"""
high,binary-fullness,maintenance_core/honesty_claims/honesty_claims_audit.csv,1618,"high,binary-fullness,mugenforge/binary_core.py,34,'It refuses unsupported arbitrary SFF2 mutation instead of guessing.'"
high,binary-fullness,maintenance_core/honesty_claims/honesty_claims_audit.csv,1619,"high,binary-fullness,mugenforge/binary_core.py,269,""'- Full arbitrary mature SFF v2 extraction/rebuild/mutation is still not implemented.',"""
info,honesty-negative,maintenance_core/honesty_claims/honesty_claims_audit.csv,1620,"info,honesty-negative,mugenforge/binary_core.py,271,""'- Unsupported SFF2 compression/layouts are reported and refused, not guessed.',"""
info,honesty-negative,maintenance_core/honesty_claims/honesty_claims_audit.csv,1621,"info,honesty-negative,mugenforge/binary_core.py,373,warnings.append('Candidate SFF2 record table runs beyond EOF; metadata-only.')"
info,honesty-negative,maintenance_core/honesty_claims/honesty_claims_audit.csv,1622,"info,honesty-negative,mugenforge/binary_core.py,390,warnings.append(f'Could not parse candidate SFF2 record {idx}: {exc}')"
info,honesty-negative,maintenance_core/honesty_claims/honesty_claims_audit.csv,1623,"info,honesty-negative,mugenforge/binary_core.py,423,warnings.append('Some candidate SFF2 records had invalid payload ranges.')"
info,honesty-negative,maintenance_core/honesty_claims/honesty_claims_audit.csv,1624,"info,honesty-negative,mugenforge/binary_core.py,506,""lines.append('Supported path: this file matches the MugenForge experimental PNG-subset table, so payload extraction and axis patch-copy are available for that subset.')"""
high,binary-fullness,maintenance_core/honesty_claims/honesty_claims_audit.csv,1625,"high,binary-fullness,mugenforge/binary_core.py,508,lines.append('Supported path: metadata and embedded payload discovery only. Full arbitrary SFF2 mutation/rebuild is refused in this release.')"
info,honesty-negative,maintenance_core/honesty_claims/honesty_claims_audit.csv,1626,"info,honesty-negative,mugenforge/binary_core.py,580,res.add_warning('No supported extractable payloads found. Unsupported compressed SFF2 layouts remain metadata-only.')"
info,honesty-negative,maintenance_core/honesty_claims/honesty_claims_audit.csv,1627,"info,honesty-negative,mugenforge/binary_core.py,637,""'note': 'Supported only for MugenForge experimental PNG-subset SFF2 tables. Apply creates a patched copy.',"""
info,honesty-negative,maintenance_core/honesty_claims/honesty_claims_audit.csv,1628,"info,honesty-negative,mugenforge/binary_core.py,656,res.add_warning('No patchable SFF axis records were found. General SFF2 axis mutation remains unsupported.')"
info,honesty-negative,maintenance_core/honesty_claims/honesty_claims_audit.csv,1629,"info,honesty-negative,mugenforge/binary_core.py,709,""errors.append(f""""Unsupported record_type for row {row.get('index')}: {rec_type or 'blank'}"""")"""
info,honesty-negative,maintenance_core/honesty_claims/honesty_claims_audit.csv,1630,"info,honesty-negative,mugenforge/binary_core.py,736,# SFF2 source workspace and experimental PNG-subset copy"
info,honesty-negative,maintenance_core/honesty_claims/honesty_claims_audit.csv,1631,"info,honesty-negative,mugenforge/binary_core.py,796,""'note': 'This workspace is source-based. For release-grade SFF2 builds, use Elecbyte Sprmake2 with this source set. The experimental PNG copy builder is not a full Sprmake2 replacement.',"""
high,binary-fullness,maintenance_core/honesty_claims/honesty_claims_audit.csv,1632,"high,binary-fullness,mugenforge/binary_core.py,823,""'For release-grade SFF2 output, use Elecbyte Sprmake2 or another documented external pipeline. MugenForge v5.0 does not claim full arbitrary SFF2 rebuild parity.',"""
info,honesty-negative,maintenance_core/honesty_claims/honesty_claims_audit.csv,1633,"info,honesty-negative,mugenforge/binary_core.py,845,raise RuntimeError('Pillow is required for the experimental PNG-subset SFF copy builder.') from exc"
info,honesty-negative,maintenance_core/honesty_claims/honesty_claims_audit.csv,1634,"info,honesty-negative,mugenforge/binary_core.py,855,res = BinaryCoreResult('Experimental SFF2 PNG Workspace Copy')"
info,honesty-negative,maintenance_core/honesty_claims/honesty_claims_audit.csv,1635,"info,honesty-negative,mugenforge/binary_core.py,861,res.add_warning('SFF2 workspace manifest not found; cannot build experimental copy.')"
info,honesty-negative,maintenance_core/honesty_claims/honesty_claims_audit.csv,1636,"info,honesty-negative,mugenforge/binary_core.py,894,res.add_warning('No valid PNG payloads were available for the experimental copy.')"
info,honesty-negative,maintenance_core/honesty_claims/honesty_claims_audit.csv,1637,"info,honesty-negative,mugenforge/binary_core.py,927,out_dir = work / 'experimental'"
info,honesty-negative,maintenance_core/honesty_claims/honesty_claims_audit.csv,1638,"info,honesty-negative,mugenforge/binary_core.py,934,res.notes.append('Built an experimental MugenForge PNG-subset SFF2-style copy for inspection/pipeline testing. Use Sprmake2 for release-grade SFF2 builds.')"
info,honesty-negative,maintenance_core/honesty_claims/honesty_claims_audit.csv,1639,"info,honesty-negative,mugenforge/binary_core.py,977,""'note': 'Use action=delete to omit, action=keep/replace/add to include. Rebuild creates a candidate SND first.',"""
info,honesty-negative,maintenance_core/honesty_claims/honesty_claims_audit.csv,1640,"info,honesty-negative,mugenforge/binary_core.py,994,""'- `enabled=yes` includes a row in the rebuilt candidate unless `action=delete`.',"""
info,honesty-negative,maintenance_core/honesty_claims/honesty_claims_audit.csv,1641,"info,honesty-negative,mugenforge/binary_core.py,998,""'- Optional install writes a backup before replacing the original SND.',"""
info,honesty-negative,maintenance_core/honesty_claims/honesty_claims_audit.csv,1642,"info,honesty-negative,mugenforge/binary_core.py,1023,res.add_warning('No original SND found. A rebuilt candidate can still be created only if the sheet references valid WAV files.')"
info,honesty-negative,maintenance_core/honesty_claims/honesty_claims_audit.csv,1643,"info,honesty-negative,mugenforge/binary_core.py,1088,res.notes.append(f'Built rebuilt SND candidate with {len(records)} sounds.')"
info,honesty-negative,maintenance_core/honesty_claims/honesty_claims_audit.csv,1644,"info,honesty-negative,mugenforge/binary_core.py,1100,""res.notes.append(f'Original SND backup written: {_rel(root, bak)}')"""
info,honesty-negative,maintenance_core/honesty_claims/honesty_claims_audit.csv,1645,"info,honesty-negative,mugenforge/binary_core.py,1251,""'5. Export the SND bank sheet, edit WAV IDs/order, and build a rebuilt candidate before optional install.',"""
info,honesty-negative,maintenance_core/honesty_claims/honesty_claims_audit.csv,1646,"info,honesty-negative,mugenforge/binary_core.py,1335,res.add_warning('binary_core folder does not exist yet. Run a Binary Core report first.')"
medium,safety-claim,maintenance_core/honesty_claims/honesty_claims_audit.csv,1647,"medium,safety-claim,mugenforge/binary_core.py,1345,res.notes.append('Bundled Binary Core reports and safe workspaces.')"
info,honesty-negative,maintenance_core/honesty_claims/honesty_claims_audit.csv,1648,"info,honesty-negative,mugenforge/binary_core.py,1431,""'decodable raw/RLE8/RLE5/LZ5-style payload export for supported records, standard-table SFF2 candidate rebuilds, '"""
info,honesty-negative,maintenance_core/honesty_claims/honesty_claims_audit.csv,1649,"info,honesty-negative,mugenforge/binary_core.py,1441,""'- SFF2 rebuilds create standard-table candidate files from source manifests; unknown third-party codec variants are detected and refused rather than guessed.',"""
medium,safety-claim,maintenance_core/honesty_claims/honesty_claims_audit.csv,1650,"medium,safety-claim,mugenforge/binary_core.py,1442,""'- Axis mutation writes a verified patched copy first; optional installation remains a deliberate user action outside the sheet export step.',"""
info,honesty-negative,maintenance_core/honesty_claims/honesty_claims_audit.csv,1651,"info,honesty-negative,mugenforge/binary_core.py,1820,""'note': 'This workspace can build standard-table SFF2 candidate files with raw/rle8/rle5/lz5 payloads. Test in target engine before release.',"""
info,honesty-negative,maintenance_core/honesty_claims/honesty_claims_audit.csv,1652,"info,honesty-negative,mugenforge/binary_core.py,1849,""'The builder creates a candidate SFF2 under `experimental/`; verify in the target engine before replacing a release file.',"""
info,honesty-negative,maintenance_core/honesty_claims/honesty_claims_audit.csv,1653,"info,honesty-negative,mugenforge/binary_core.py,1870,res = BinaryCoreResult('Build Standard SFF2 Candidate')"
info,honesty-negative,maintenance_core/honesty_claims/honesty_claims_audit.csv,1654,"info,honesty-negative,mugenforge/binary_core.py,1878,out_dir = work / 'experimental'"
info,honesty-negative,maintenance_core/honesty_claims/honesty_claims_audit.csv,1655,"info,honesty-negative,mugenforge/binary_core.py,1902,res.notes.append(f'Built standard-table SFF2 candidate with {len(rows)} parsed sprite record(s).')"
info,honesty-negative,maintenance_core/honesty_claims/honesty_claims_audit.csv,1656,"info,honesty-negative,mugenforge/binary_core.py,2005,""res.notes.append(f'Original SND backup written: {_rel(root, bak)}')"""
info,honesty-negative,maintenance_core/honesty_claims/honesty_claims_audit.csv,1657,"info,honesty-negative,mugenforge/binary_core.py,2161,""'5. Use **SFF2 Standard Rebuild Workspace** and **Build Standard SFF2 Candidate** for source-based candidate output.',"""
info,honesty-negative,maintenance_core/honesty_claims/honesty_claims_audit.csv,1658,"info,honesty-negative,mugenforge/binary_core.py,2194,built = _bc(root) / 'sff2_rebuild_workspace' / 'experimental' / f'{root.name}_standard_table.sff'"
info,honesty-negative,maintenance_core/honesty_claims/honesty_claims_audit.csv,1659,"info,honesty-negative,mugenforge/binary_core.py,2287,""'standard SFF2 candidate rebuilds from manifests, SFF1/SFF2 copied axis mutation, guarded SND slot patch candidates, '"""
info,honesty-negative,maintenance_core/honesty_claims/honesty_claims_audit.csv,1660,"info,honesty-negative,mugenforge/binary_core.py,2299,""'- Native SFF2 rebuilds are candidate files built from explicit source manifests; engine testing is still required before release.',"""
info,honesty-negative,maintenance_core/honesty_claims/honesty_claims_audit.csv,1661,"info,honesty-negative,mugenforge/binary_core.py,2301,""'- Generated gameplay code still requires real playtesting. Runtime Lab can capture configured external engine evidence, but static reports remain source-analysis aids.',"""
medium,safety-claim,maintenance_core/honesty_claims/honesty_claims_audit.csv,1662,"medium,safety-claim,mugenforge/binary_core.py,2427,res.add_warning('Embedded PNG scan exported raw images without guaranteed group/image/axis mapping.')"
info,honesty-negative,maintenance_core/honesty_claims/honesty_claims_audit.csv,1663,"info,honesty-negative,mugenforge/binary_core.py,2512,res = BinaryCoreResult('Standard SFF2 Build Candidate')"
info,honesty-negative,maintenance_core/honesty_claims/honesty_claims_audit.csv,1664,"info,honesty-negative,mugenforge/binary_core.py,2518,res.add_warning('SFF2 workspace manifest not found; cannot build candidate.')"
info,honesty-negative,maintenance_core/honesty_claims/honesty_claims_audit.csv,1665,"info,honesty-negative,mugenforge/binary_core.py,2531,res.notes.append(f'Built standard-table SFF2 PNG32 candidate with {len(info.sprites)} sprite record(s).')"
info,honesty-negative,maintenance_core/honesty_claims/honesty_claims_audit.csv,1666,"info,honesty-negative,mugenforge/binary_core.py,2534,res.add_warning(f'SFF2 build candidate failed: {exc}')"
info,honesty-negative,maintenance_core/honesty_claims/honesty_claims_audit.csv,1667,"info,honesty-negative,mugenforge/binary_core.py,2599,errors.append(f'Row {idx} WAV is larger than original slot ({len(blob)} > {sound.length}); use rebuild candidate instead.')"
info,honesty-negative,maintenance_core/honesty_claims/honesty_claims_audit.csv,1668,"info,honesty-negative,mugenforge/binary_core.py,2631,""res.notes.append(f'Original SND backup written: {_rel(root, bak)}')"""
high,engine-authority,maintenance_core/honesty_claims/honesty_claims_audit.csv,1669,"high,engine-authority,mugenforge/binary_core.py,2670,""'This folder is for external engine evidence. Static source reports are useful, but not engine-authoritative.',"""
info,honesty-negative,maintenance_core/honesty_claims/honesty_claims_audit.csv,1670,"info,honesty-negative,mugenforge/binary_core.py,2674,res.notes.append('Created runtime validation scaffolding for external engine log/evidence capture.')"
info,honesty-negative,maintenance_core/honesty_claims/honesty_claims_audit.csv,1671,"info,honesty-negative,mugenforge/binary_core.py,2688,""('standard sff2 candidate build', build_sff2_png_workspace_copy),"""
info,honesty-negative,maintenance_core/honesty_claims/honesty_claims_audit.csv,1672,"info,honesty-negative,mugenforge/binary_deep.py,58,""'Binary Deep is an experimental companion to Binary Maturity. It adds table-driven SFF2 discovery, direct PNG/PCX/zlib export, '"""
medium,safety-claim,maintenance_core/honesty_claims/honesty_claims_audit.csv,1673,"medium,safety-claim,mugenforge/binary_deep.py,348,# PCX does not contain a guaranteed EOF marker. Use header sanity plus next common marker/EOF."
info,honesty-negative,maintenance_core/honesty_claims/honesty_claims_audit.csv,1674,"info,honesty-negative,mugenforge/binary_deep.py,518,warnings.append(f'{bad} candidate records were rejected while scanning this table.')"
high,binary-fullness,maintenance_core/honesty_claims/honesty_claims_audit.csv,1675,"high,binary-fullness,mugenforge/binary_deep.py,605,# Full SFF2 palette-table discovery is format-variant-sensitive. Use embedded ACT-like"
info,honesty-negative,maintenance_core/honesty_claims/honesty_claims_audit.csv,1676,"info,honesty-negative,mugenforge/binary_deep.py,898,""'## Candidate SFF2 tables', '',"""
info,honesty-negative,maintenance_core/honesty_claims/honesty_claims_audit.csv,1677,"info,honesty-negative,mugenforge/binary_deep.py,903,""f'### Candidate {n}',"""
info,honesty-negative,maintenance_core/honesty_claims/honesty_claims_audit.csv,1678,"info,honesty-negative,mugenforge/binary_deep.py,923,res.notes.append(f'Deep SFF2 discovery found {len(tables)} candidate table(s).')"
info,honesty-negative,maintenance_core/honesty_claims/honesty_claims_audit.csv,1679,"info,honesty-negative,mugenforge/binary_deep.py,949,res.notes.append(f'Exported/recovered {len(exports)} payload(s) from best SFF2 table candidate.')"
info,honesty-negative,maintenance_core/honesty_claims/honesty_claims_audit.csv,1680,"info,honesty-negative,mugenforge/binary_deep.py,1026,""'note': 'action=axis patches coordinates in a candidate copy. action=replace rebuilds a native SFF2 PNG copy using replace_image when set.',"""
info,honesty-negative,maintenance_core/honesty_claims/honesty_claims_audit.csv,1681,"info,honesty-negative,mugenforge/binary_deep.py,1036,""'- `action=axis` changes `new_axis_x` / `new_axis_y` in a patched candidate copy.',"""
medium,safety-claim,maintenance_core/honesty_claims/honesty_claims_audit.csv,1682,"medium,safety-claim,mugenforge/binary_deep.py,1181,res.notes.append(f'Built native table-backed SFF2 PNG file with {len(normalized)} sprites and verified it with the deep parser.')"
info,honesty-negative,maintenance_core/honesty_claims/honesty_claims_audit.csv,1683,"info,honesty-negative,mugenforge/binary_deep.py,1203,res.add_skipped('No rows have enabled=yes; no SFF2 mutation candidate was created.')"
info,honesty-negative,maintenance_core/honesty_claims/honesty_claims_audit.csv,1684,"info,honesty-negative,mugenforge/binary_deep.py,1255,""res.notes.append(f'Backup before SFF install: {_rel(root, bak)}')"""
info,honesty-negative,maintenance_core/honesty_claims/honesty_claims_audit.csv,1685,"info,honesty-negative,mugenforge/binary_deep.py,1315,""'This sheet creates a patched candidate copy of the original SND.',"""
info,honesty-negative,maintenance_core/honesty_claims/honesty_claims_audit.csv,1686,"info,honesty-negative,mugenforge/binary_deep.py,1319,""'- Larger replacements are intentionally sent to the rebuilt-candidate workflow, not shoved into arbitrary bytes.',"""
info,honesty-negative,maintenance_core/honesty_claims/honesty_claims_audit.csv,1687,"info,honesty-negative,mugenforge/binary_deep.py,1320,""'- Optional install always writes a backup first.',"""
info,honesty-negative,maintenance_core/honesty_claims/honesty_claims_audit.csv,1688,"info,honesty-negative,mugenforge/binary_deep.py,1343,res.add_skipped('No rows have enabled=yes; no SND direct patch candidate was created.')"
info,honesty-negative,maintenance_core/honesty_claims/honesty_claims_audit.csv,1689,"info,honesty-negative,mugenforge/binary_deep.py,1395,""res.notes.append(f'Backup before SND install: {_rel(root, bak)}')"""
info,honesty-negative,maintenance_core/honesty_claims/honesty_claims_audit.csv,1690,"info,honesty-negative,mugenforge/binary_deep.py,1413,res.warnings.append(f'{len(rebuild_needed)} WAV replacement(s) require rebuilt-candidate workflow because they do not fit in place.')"
info,honesty-negative,maintenance_core/honesty_claims/honesty_claims_audit.csv,1691,"info,honesty-negative,mugenforge/binary_deep.py,1414,""res.notes.append(f'Patched candidate SND IDs={patched_ids}, in-place WAVs={patched_wavs}.')"""
info,honesty-negative,maintenance_core/honesty_claims/honesty_claims_audit.csv,1692,"info,honesty-negative,mugenforge/binary_deep.py,1499,""sff_line = f'{_rel(root, sff)} — deep candidate tables={len(tables)}; best records={len(tables[0].records) if tables else 0}; warnings={len(warns)}'"""
info,honesty-negative,maintenance_core/honesty_claims/honesty_claims_audit.csv,1693,"info,honesty-negative,mugenforge/binary_deep.py,1514,""'- Adds direct export/decode attempts for PNG, PCX, zlib-wrapped images, raw indexed/RGB/RGBA and RLE8 payloads, plus diagnostic-only 5-bit/LZ-style probes for unsupported records.',"""
medium,safety-claim,maintenance_core/honesty_claims/honesty_claims_audit.csv,1694,"medium,safety-claim,mugenforge/binary_deep.py,1519,""'Unknown, corrupt, encrypted, or tool-specific binary variants can still require manual review. MugenForge now attempts more formats and writes candidates, but it will still warn/refuse when a record cannot be proven safe.',"""
info,honesty-negative,maintenance_core/honesty_claims/honesty_claims_audit.csv,1695,"info,honesty-negative,mugenforge/binary_deep.py,1532,res.add_warning('binary_deep folder does not exist yet. Run a Binary Deep report first.')"
info,honesty-negative,maintenance_core/honesty_claims/honesty_claims_audit.csv,1696,"info,honesty-negative,mugenforge/binary_deep.py,1555,""('native sff2 build manifest/candidate', build_native_sff2_from_manifest),"""
info,honesty-negative,maintenance_core/honesty_claims/honesty_claims_audit.csv,1697,"info,honesty-negative,mugenforge/binary_deep.py,1661,This does not prove every third-party SFF2 in the wild; it proves that the native"
medium,plugin-execution,maintenance_core/honesty_claims/honesty_claims_audit.csv,1698,"medium,plugin-execution,mugenforge/binary_deep.py,1713,""'This proves the decoder paths execute on controlled fixtures. Third-party files with different table layouts or compression variants may still require manual review.',"""
high,binary-fullness,maintenance_core/honesty_claims/honesty_claims_audit.csv,1699,"high,binary-fullness,mugenforge/binary_deep.py,1718,res.notes.append('All controlled SFF2 codec probe fixtures decoded successfully.')"
info,honesty-negative,maintenance_core/honesty_claims/honesty_claims_audit.csv,1700,"info,honesty-negative,mugenforge/binary_deep.py,1751,""('native sff2 build manifest/candidate', build_native_sff2_from_manifest),"""
info,honesty-negative,maintenance_core/honesty_claims/honesty_claims_audit.csv,1701,"info,honesty-negative,mugenforge/binary_maturity.py,39,""'controlled SFF2 rebuilds, payload-preserving mutation for unsupported compression rows, in-place-copy SND WAV patching, '"""
info,honesty-negative,maintenance_core/honesty_claims/honesty_claims_audit.csv,1702,"info,honesty-negative,mugenforge/binary_maturity.py,183,""'SFF2 mutation writes a rebuilt candidate or patched copy; original files are not overwritten unless a separate install step is added by the user.',"""
info,honesty-negative,maintenance_core/honesty_claims/honesty_claims_audit.csv,1703,"info,honesty-negative,mugenforge/binary_maturity.py,184,""'SND in-place patching is copy-based and only patches replacement WAVs that fit inside the original payload slot; larger changes use rebuilt candidate SND files.',"""
info,honesty-negative,maintenance_core/honesty_claims/honesty_claims_audit.csv,1704,"info,honesty-negative,mugenforge/binary_maturity.py,278,""note = 'Unsupported compression payload preserved. Leave as keep, or provide replacement image_file.'"""
info,honesty-negative,maintenance_core/honesty_claims/honesty_claims_audit.csv,1705,"info,honesty-negative,mugenforge/binary_maturity.py,317,""'- `enabled=yes` includes the row in the rebuilt candidate.',"""
info,honesty-negative,maintenance_core/honesty_claims/honesty_claims_audit.csv,1706,"info,honesty-negative,mugenforge/binary_maturity.py,322,""'- Applying creates a new SFF2 candidate under `binary_maturity/sff2_rebuilt/`.', '',"""
info,honesty-negative,maintenance_core/honesty_claims/honesty_claims_audit.csv,1707,"info,honesty-negative,mugenforge/binary_maturity.py,412,res.notes.append(f'Built standard SFF2 candidate with {len(records)} row(s).')"
info,honesty-negative,maintenance_core/honesty_claims/honesty_claims_audit.csv,1708,"info,honesty-negative,mugenforge/binary_maturity.py,647,res.add_warning(f'engine_executable does not exist: {exe}')"
info,honesty-negative,maintenance_core/honesty_claims/honesty_claims_audit.csv,1709,"info,honesty-negative,mugenforge/binary_maturity.py,681,res.add_warning('binary_maturity folder does not exist yet.')"
info,honesty-negative,maintenance_core/honesty_claims/honesty_claims_audit.csv,1710,"info,honesty-negative,mugenforge/closure_core.py,260,""('Runtime behavior', 'Source-level micro-runtime plus external engine probe/evidence gate.'),"""
info,honesty-negative,maintenance_core/honesty_claims/honesty_claims_audit.csv,1711,"info,honesty-negative,mugenforge/closure_core.py,276,""'Closure Core is the gap-closing layer for the previous honest limitations list. It does not blindly claim universal behavior; it adds executable workflows, source-level simulation, corpus probes, forensic recovery, and explicit transactional publishing so each limitation has a concrete tool path.',"""
high,binary-fullness,maintenance_core/honesty_claims/honesty_claims_audit.csv,1712,"high,binary-fullness,mugenforge/closure_core.py,291,""'4. Use **Transactional Publish Sheet** for any candidate SFF/SND replacement.',"""
info,honesty-negative,maintenance_core/honesty_claims/honesty_claims_audit.csv,1713,"info,honesty-negative,mugenforge/closure_core.py,583,warnings.append(f'{scenario.scenario_id}: start state {current_state} does not exist.')"
info,honesty-negative,maintenance_core/honesty_claims/honesty_claims_audit.csv,1714,"info,honesty-negative,mugenforge/closure_core.py,633,warnings.append(f'{scenario.scenario_id}: ChangeState target {target} does not exist.')"
info,honesty-negative,maintenance_core/honesty_claims/honesty_claims_audit.csv,1715,"info,honesty-negative,mugenforge/closure_core.py,694,warnings.append(f'{scenario.scenario_id}: unsupported triggers skipped: ' + '; '.join(unknown_triggers[:20]))"
info,honesty-negative,maintenance_core/honesty_claims/honesty_claims_audit.csv,1716,"info,honesty-negative,mugenforge/closure_core.py,798,result.add_warning(f'Configured engine executable does not exist: {exe}')"
info,honesty-negative,maintenance_core/honesty_claims/honesty_claims_audit.csv,1717,"info,honesty-negative,mugenforge/closure_core.py,800,result.add_warning('runtime_lab/runtime_config.json does not contain engine_executable yet.')"
info,honesty-negative,maintenance_core/honesty_claims/honesty_claims_audit.csv,1718,"info,honesty-negative,mugenforge/closure_core.py,909,""ding(20, 'external engine executable has not been successfully probed')"""
info,honesty-negative,maintenance_core/honesty_claims/honesty_claims_audit.csv,1719,"info,honesty-negative,mugenforge/closure_core.py,926,""'interpretation': 'evidence-backed readiness score; strongest when external engine logs and screenshots/videos are present',"""
info,honesty-negative,maintenance_core/honesty_claims/honesty_claims_audit.csv,1720,"info,honesty-negative,mugenforge/closure_core.py,1149,""'This implements the unknown/corrupt/tool-specific binary review path. Instead of stopping at “manual review,” Closure Core maps signatures, entropy blocks, recoverable embedded PNG/WAV assets, and hashes so unsupported files can be triaged or salvaged systematically.',"""
info,honesty-negative,maintenance_core/honesty_claims/honesty_claims_audit.csv,1721,"info,honesty-negative,mugenforge/closure_core.py,1199,""'publish_note': 'Set enabled=yes only after verifying the candidate in Binary/Runtime Lab.',"""
info,honesty-negative,maintenance_core/honesty_claims/honesty_claims_audit.csv,1722,"info,honesty-negative,mugenforge/closure_core.py,1203,result.add_warning('No candidate SFF/SND outputs were found under generated tool folders.')"
info,honesty-negative,maintenance_core/honesty_claims/honesty_claims_audit.csv,1723,"info,honesty-negative,mugenforge/closure_core.py,1210,""'This implements the old “candidate/backup-first” limitation as an explicit publish system. Generated binary candidates are not silently promoted. To publish one:',"""
info,honesty-negative,maintenance_core/honesty_claims/honesty_claims_audit.csv,1724,"info,honesty-negative,mugenforge/closure_core.py,1212,""'1. Verify the candidate with Binary Core/Deep/Maturity and Runtime Lab.',"""
info,honesty-negative,maintenance_core/honesty_claims/honesty_claims_audit.csv,1725,"info,honesty-negative,mugenforge/closure_core.py,1218,""'Apply writes a backup, checks hashes, overwrites the target atomically, and records a rollback manifest.',"""
info,honesty-negative,maintenance_core/honesty_claims/honesty_claims_audit.csv,1726,"info,honesty-negative,mugenforge/closure_core.py,1241,result.add_warning(f'Skipped missing candidate: {cand}')"
info,honesty-negative,maintenance_core/honesty_claims/honesty_claims_audit.csv,1727,"info,honesty-negative,mugenforge/closure_core.py,1244,result.add_warning(f'Skipped target with unsupported extension: {target}')"
info,honesty-negative,maintenance_core/honesty_claims/honesty_claims_audit.csv,1728,"info,honesty-negative,mugenforge/closure_core.py,1249,result.add_warning(f'Skipped {cand}: candidate hash changed since sheet export.')"
info,honesty-negative,maintenance_core/honesty_claims/honesty_claims_audit.csv,1729,"info,honesty-negative,mugenforge/closure_core.py,1255,backup = None"
info,honesty-negative,maintenance_core/honesty_claims/honesty_claims_audit.csv,1730,"info,honesty-negative,mugenforge/closure_core.py,1259,backup = backup_dir / f'{target.name}.bak_{_now()}'"
info,honesty-negative,maintenance_core/honesty_claims/honesty_claims_audit.csv,1731,"info,honesty-negative,mugenforge/closure_core.py,1260,""shutil.copy2(target, backup)"""
info,honesty-negative,maintenance_core/honesty_claims/honesty_claims_audit.csv,1732,"info,honesty-negative,mugenforge/closure_core.py,1269,""'candidate': _rel(root, cand),"""
info,honesty-negative,maintenance_core/honesty_claims/honesty_claims_audit.csv,1733,"info,honesty-negative,mugenforge/closure_core.py,1273,""'backup': _rel(root, backup) if backup else '',"""
info,honesty-negative,maintenance_core/honesty_claims/honesty_claims_audit.csv,1734,"info,honesty-negative,mugenforge/closure_core.py,1283,result.add_note(f'Published {changed} candidate binary file(s) with backups and rollback manifest.')"
info,honesty-negative,maintenance_core/honesty_claims/honesty_claims_audit.csv,1735,"info,honesty-negative,mugenforge/closure_core.py,1404,""'The estimates help prioritize testing; the external engine is still the authority for final feel.',"""
info,honesty-negative,maintenance_core/honesty_claims/honesty_claims_audit.csv,1736,"info,honesty-negative,mugenforge/closure_core.py,1424,result.add_warning('closure_core folder does not exist yet. Run other Closure Core tools first.')"
info,honesty-negative,maintenance_core/honesty_claims/honesty_claims_audit.csv,1737,"info,honesty-negative,mugenforge/closure_lab.py,384,ChangeState/SelfState transitions. Unsupported trigger expressions are logged as"
info,honesty-negative,maintenance_core/honesty_claims/honesty_claims_audit.csv,1738,"info,honesty-negative,mugenforge/closure_lab.py,414,unsupported: List[str] = []"
info,honesty-negative,maintenance_core/honesty_claims/honesty_claims_audit.csv,1739,"info,honesty-negative,mugenforge/closure_lab.py,449,""unsupported.append(f""""{st_rec.get('rel')} line {getattr(ctrl_obj, 'line', '?')}: trigger eval failed: {exc}"""")"""
info,honesty-negative,maintenance_core/honesty_claims/honesty_claims_audit.csv,1740,"info,honesty-negative,mugenforge/closure_lab.py,490,""unsupported.append(f""""{st_rec.get('rel')} line {getattr(ctrl_obj, 'line', '?')}: dynamic ChangeState value not simulated: {val}"""")"""
medium,plugin-execution,maintenance_core/honesty_claims/honesty_claims_audit.csv,1741,"medium,plugin-execution,mugenforge/closure_lab.py,507,# Keep unknown controllers visible without pretending to execute them."
info,honesty-negative,maintenance_core/honesty_claims/honesty_claims_audit.csv,1742,"info,honesty-negative,mugenforge/closure_lab.py,560,""""""Does not model opponent collision/contact or engine physics exactly"""","""
info,honesty-negative,maintenance_core/honesty_claims/honesty_claims_audit.csv,1743,"info,honesty-negative,mugenforge/closure_lab.py,561,""""""Unsupported trigger expressions are reported rather than guessed"""","""
info,honesty-negative,maintenance_core/honesty_claims/honesty_claims_audit.csv,1744,"info,honesty-negative,mugenforge/closure_lab.py,564,""""""unsupported"""": unsupported[:500],"""
info,honesty-negative,maintenance_core/honesty_claims/honesty_claims_audit.csv,1745,"info,honesty-negative,mugenforge/closure_lab.py,577,<p>This is a source-level mini-runtime for common controller patterns. Use the external engine harness for authoritative runtime evidence.</p>"
info,honesty-negative,maintenance_core/honesty_claims/honesty_claims_audit.csv,1746,"info,honesty-negative,mugenforge/closure_lab.py,578,<p>Rows: {len(rows)}. Events: {len(events)}. Warnings: {len(warnings)}. Unsupported expressions/controllers: {len(unsupported)}.</p>"
info,honesty-negative,maintenance_core/honesty_claims/honesty_claims_audit.csv,1747,"info,honesty-negative,mugenforge/closure_lab.py,583,if unsupported:"
info,honesty-negative,maintenance_core/honesty_claims/honesty_claims_audit.csv,1748,"info,honesty-negative,mugenforge/closure_lab.py,584,""result.add_note(f""""Unsupported expressions/controllers recorded: {len(unsupported)}"""")"""
medium,plugin-execution,maintenance_core/honesty_claims/honesty_claims_audit.csv,1749,"medium,plugin-execution,mugenforge/closure_lab.py,661,print('Dry run only. Add --run to execute.')"
info,honesty-negative,maintenance_core/honesty_claims/honesty_claims_audit.csv,1750,"info,honesty-negative,mugenforge/closure_lab.py,930,""""""notes"""": """"Set enabled=yes, action=commit, and confirm_phrase=I_UNDERSTAND_BACKUP_COMMIT to overwrite target with backup/rollback."""","""
info,honesty-negative,maintenance_core/honesty_claims/honesty_claims_audit.csv,1751,"info,honesty-negative,mugenforge/closure_lab.py,937,This is the opt-in path for committing a vetted binary candidate over the live project SFF/SND."
info,honesty-negative,maintenance_core/honesty_claims/honesty_claims_audit.csv,1752,"info,honesty-negative,mugenforge/closure_lab.py,946,This replaces the old candidate-only workflow with a controlled commit/rollback system. It still avoids blind overwrites."
info,honesty-negative,maintenance_core/honesty_claims/honesty_claims_audit.csv,1753,"info,honesty-negative,mugenforge/closure_lab.py,948,""result.add_note(f""""Candidate rows: {len(rows)}"""")"""
info,honesty-negative,maintenance_core/honesty_claims/honesty_claims_audit.csv,1754,"info,honesty-negative,mugenforge/closure_lab.py,982,""result.add_warning(f""""Row {idx}: candidate/target must be inside project folder; skipped."""")"""
info,honesty-negative,maintenance_core/honesty_claims/honesty_claims_audit.csv,1755,"info,honesty-negative,mugenforge/closure_lab.py,985,""result.add_warning(f""""Row {idx}: candidate or target missing; skipped."""")"""
info,honesty-negative,maintenance_core/honesty_claims/honesty_claims_audit.csv,1756,"info,honesty-negative,mugenforge/closure_lab.py,988,""result.add_warning(f""""Row {idx}: extension mismatch or unsupported binary type; skipped."""")"""
info,honesty-negative,maintenance_core/honesty_claims/honesty_claims_audit.csv,1757,"info,honesty-negative,mugenforge/closure_lab.py,994,""z.write(cand, f""""candidate/{cand.name}"""")"""
info,honesty-negative,maintenance_core/honesty_claims/honesty_claims_audit.csv,1758,"info,honesty-negative,mugenforge/closure_lab.py,997,""""""candidate"""": str(cand),"""
info,honesty-negative,maintenance_core/honesty_claims/honesty_claims_audit.csv,1759,"info,honesty-negative,mugenforge/closure_lab.py,1006,""""""candidate"""": str(cand),"""
info,honesty-negative,maintenance_core/honesty_claims/honesty_claims_audit.csv,1760,"info,honesty-negative,mugenforge/closure_lab.py,1018,""result.add_note(f""""Committed {len(commits)} binary candidate(s) with rollback snapshots."""")"""
info,honesty-negative,maintenance_core/honesty_claims/honesty_claims_audit.csv,1761,"info,honesty-negative,mugenforge/closure_lab.py,1040,""result.add_warning(""""Snapshot does not contain a before/ file."""")"""
info,honesty-negative,maintenance_core/honesty_claims/honesty_claims_audit.csv,1762,"info,honesty-negative,mugenforge/closure_lab.py,1090,2. Run the external Engine Adapter smoke/scenario tests if your engine is configured."
info,honesty-negative,maintenance_core/honesty_claims/honesty_claims_audit.csv,1763,"info,honesty-negative,mugenforge/closure_lab.py,1212,This does not remove the need for engine testing; it makes the difference visible and machine-readable."
info,honesty-negative,maintenance_core/honesty_claims/honesty_claims_audit.csv,1764,"info,honesty-negative,mugenforge/closure_lab.py,1247,""f""""| Static readiness is not authoritative | Evidence contract and runtime-evidence index | {status_map['report_evidence_contract']} |"""","""
info,honesty-negative,maintenance_core/honesty_claims/honesty_claims_audit.csv,1765,"info,honesty-negative,mugenforge/closure_lab.py,1250,""f""""| Candidate-only binary mutation | Opt-in commit/rollback sheet | {status_map['mutation_commit_sheet']} |"""","""
medium,safety-claim,maintenance_core/honesty_claims/honesty_claims_audit.csv,1766,"medium,safety-claim,mugenforge/code_authoring.py,156,# Negative common states and 0 are engine/common-state safe enough to ignore."
info,honesty-negative,maintenance_core/honesty_claims/honesty_claims_audit.csv,1767,"info,honesty-negative,mugenforge/codec_core.py,54,""'- Native SFF2 candidate builds from source manifests.',"""
info,honesty-negative,maintenance_core/honesty_claims/honesty_claims_audit.csv,1768,"info,honesty-negative,mugenforge/creator_hub.py,249,return 'release-candidate'"
info,honesty-negative,maintenance_core/honesty_claims/honesty_claims_audit.csv,1769,"info,honesty-negative,mugenforge/creator_hub.py,310,""body{{font-family:Arial,sans-serif;margin:24px;background:#f7f7fb;color:#20242a}}a{{color:#0b5cab}}.score{{display:inline-flex;gap:18px;align-items:baseline;border-radius:14px;padding:18px 22px;background:white;box-shadow:0 2px 10px #0001;margin-bottom:18px}}.score b{{font-size:42px}}.score span{{font-size:18px;text-transform:uppercase;letter-spacing:.08em}}.release-candidate{{border-left:10px solid #1a9f55}}.playable-but-polish{{border-left:1"
info,honesty-negative,maintenance_core/honesty_claims/honesty_claims_audit.csv,1770,"info,honesty-negative,mugenforge/creator_hub.py,343,""add('High', 'Animations', f'Code references missing AIR action {a}', 'ChangeAnim expects an animation that does not exist.', 'Create that AIR action or change the code to an existing animation.')"""
medium,safety-claim,maintenance_core/honesty_claims/honesty_claims_audit.csv,1771,"medium,safety-claim,mugenforge/creator_hub.py,439,""'This is a safe plan, not a destructive auto-patch. It tells a non-coder which values to inspect first.', '']"""
medium,safety-claim,maintenance_core/honesty_claims/honesty_claims_audit.csv,1772,"medium,safety-claim,mugenforge/creator_hub.py,448,""'- Light normals should be quick, low damage, and safe-ish only if range is short.',"""
medium,safety-claim,maintenance_core/honesty_claims/honesty_claims_audit.csv,1773,"medium,safety-claim,mugenforge/creator_hub.py,676,""{'name': 'Add beginner debug overlay', 'safe': True, 'writes': ['CNS State -2 DisplayToClipboard'], 'user_choice': 'Enable only while testing.'},"""
medium,safety-claim,maintenance_core/honesty_claims/honesty_claims_audit.csv,1774,"medium,safety-claim,mugenforge/creator_hub.py,677,""{'name': 'Add missing command', 'safe': True, 'writes': ['CMD [Command]', 'Statedef -1 route'], 'user_choice': 'Pick input and target state.'},"""
medium,safety-claim,maintenance_core/honesty_claims/honesty_claims_audit.csv,1775,"medium,safety-claim,mugenforge/creator_hub.py,678,""{'name': 'Create attack move', 'safe': True, 'writes': ['CMD', 'CNS StateDef', 'AIR action', 'CLSN boxes'], 'user_choice': 'Move name, damage, frames, hitbox.'},"""
medium,safety-claim,maintenance_core/honesty_claims/honesty_claims_audit.csv,1776,"medium,safety-claim,mugenforge/creator_hub.py,679,""{'name': 'Create projectile move', 'safe': True, 'writes': ['CMD', 'CNS Projectile controller', 'AIR action'], 'user_choice': 'Input, speed, damage, sprite group.'},"""
medium,safety-claim,maintenance_core/honesty_claims/honesty_claims_audit.csv,1777,"medium,safety-claim,mugenforge/creator_hub.py,680,""{'name': 'Repair missing AIR action', 'safe': True, 'writes': ['AIR placeholder action'], 'user_choice': 'Animation number and frame count.'},"""
medium,safety-claim,maintenance_core/honesty_claims/honesty_claims_audit.csv,1778,"medium,safety-claim,mugenforge/creator_hub.py,681,""{'name': 'Generate placeholder SFF', 'safe': True, 'writes': ['SFF v1 from AIR refs'], 'user_choice': 'Use placeholders until final art is ready.'},"""
medium,safety-claim,maintenance_core/honesty_claims/honesty_claims_audit.csv,1779,"medium,safety-claim,mugenforge/creator_hub.py,682,""{'name': 'Build SND placeholder bank', 'safe': True, 'writes': ['WAV placeholders', 'SND bank'], 'user_choice': 'Replace WAVs later.'},"""
medium,safety-claim,maintenance_core/honesty_claims/honesty_claims_audit.csv,1780,"medium,safety-claim,mugenforge/creator_hub.py,683,""{'name': 'Run release QA pass', 'safe': True, 'writes': ['reports only'], 'user_choice': 'Review high-priority cards.'},"""
medium,safety-claim,maintenance_core/honesty_claims/honesty_claims_audit.csv,1781,"medium,safety-claim,mugenforge/creator_hub.py,686,""md = ['# Patch Macro Bank', '', 'This is the non-coder action library concept: each macro explains what the app will change behind the scenes.', '', '| Macro | Safe? | Writes | User handles |', '|---|---|---|---|']"""
medium,safety-claim,maintenance_core/honesty_claims/honesty_claims_audit.csv,1782,"medium,safety-claim,mugenforge/creator_hub.py,688,""md.append(f""""| {m['name']} | {m['safe']} | {', '.join(m['writes'])} | {m['user_choice']} |"""")"""
medium,safety-claim,maintenance_core/honesty_claims/honesty_claims_audit.csv,1783,"medium,safety-claim,mugenforge/creator_hub.py,692,result.notes.append('Documented safe high-level patch macros for non-coders.')"
medium,safety-claim,maintenance_core/honesty_claims/honesty_claims_audit.csv,1784,"medium,safety-claim,mugenforge/creator_os.py,297,""lines.append(""""- Run Auto-Fix Missing StateDefs. It appends safe fallback states with backups."""")"""
medium,safety-claim,maintenance_core/honesty_claims/honesty_claims_audit.csv,1785,"medium,safety-claim,mugenforge/creator_os.py,379,""""""plain_english"""": """"Adds safe ChangeState links between moves so a beginner can build chains without writing triggers manually."""","""
medium,safety-claim,maintenance_core/honesty_claims/honesty_claims_audit.csv,1786,"medium,safety-claim,mugenforge/creator_os.py,650,""""""instructions"""": """"Edit routes, set enabled true, then use Apply Combo Routes. This appends beginner-safe ChangeState cancel controllers with backups."""","""
medium,safety-claim,maintenance_core/honesty_claims/honesty_claims_audit.csv,1787,"medium,safety-claim,mugenforge/creator_os.py,753,""result.add_changed(f""""{_rel(root, cns)} appended {len(missing)} safe placeholder StateDefs"""")"""
medium,safety-claim,maintenance_core/honesty_claims/honesty_claims_audit.csv,1788,"medium,safety-claim,mugenforge/creator_os.py,798,""""""Beginner Safe"""": {""""factor"""": 0.85, """"cap"""": 120, """"note"""": """"Safer prototype values while testing feel.""""},"""
medium,safety-claim,maintenance_core/honesty_claims/honesty_claims_audit.csv,1789,"medium,safety-claim,mugenforge/creator_os.py,811,""preset = _BALANCE_PRESETS.get(preset_name) or _BALANCE_PRESETS[""""Beginner Safe""""]"""
medium,safety-claim,maintenance_core/honesty_claims/honesty_claims_audit.csv,1790,"medium,safety-claim,mugenforge/creator_suite.py,128,""""""Balanced Starter"""": [""""clean basics"""", """"safe six-button kit"""", """"easy testing""""],"""
high,binary-fullness,maintenance_core/honesty_claims/honesty_claims_audit.csv,1791,"high,binary-fullness,mugenforge/creator_suite_visual.py,214,""result.add_warning('Current SFF looks like SFF v2/non-v1. This version generates SFF2 build projects, but does not extract mature SFF2 sprite tables.')"""
high,binary-fullness,maintenance_core/honesty_claims/honesty_claims_audit.csv,1792,"high,binary-fullness,mugenforge/creator_suite_visual.py,307,This folder is a safe SFF v2 build handoff. MugenForge writes the source image folder and Sprmake2 definition file; it does not pretend to safely patch unknown mature SFF v2 binary tables."
info,honesty-negative,maintenance_core/honesty_claims/honesty_claims_audit.csv,1793,"info,honesty-negative,mugenforge/creator_suite_visual.py,451,result.add_warning('No onion-skin previews could be made. SFF payloads may be unsupported or actions may be empty.')"
medium,safety-claim,maintenance_core/honesty_claims/honesty_claims_audit.csv,1794,"medium,safety-claim,mugenforge/creator_suite_visual.py,713,""'beginner_tip': 'Do not make every super full-screen safe. Decide what the player is paying meter for.',"""
medium,safety-claim,maintenance_core/honesty_claims/honesty_claims_audit.csv,1795,"medium,safety-claim,mugenforge/creator_suite_visual.py,809,""('Sprites/SFF v2', 'Source-project generator for Sprmake2', 'Available as safe source workflow'),"""
high,binary-fullness,maintenance_core/honesty_claims/honesty_claims_audit.csv,1796,"high,binary-fullness,mugenforge/creator_suite_visual.py,816,""('Mature SFF v2 mutation', 'Direct binary patch/rebuild of arbitrary SFF2 tables', 'Not implemented; use source-project handoff'),"""
high,binary-fullness,maintenance_core/honesty_claims/honesty_claims_audit.csv,1797,"high,binary-fullness,mugenforge/creator_suite_visual.py,820,""md += ['', '## Tell-it-like-it-is note', '', 'MugenForge is strongest when the project is source-organized: loose sprites, generated manifests, AIR/CMD/CNS text, WAVs, and repeatable build steps. It is intentionally conservative about patching mature SFF v2 binaries because corrupting sprite tables would be worse than forcing a rebuild from source.']"""
medium,safety-claim,maintenance_core/honesty_claims/honesty_claims_audit.csv,1798,"medium,safety-claim,mugenforge/creator_suite_visual.py,967,""""""""""""""Create a beginner-safe art/sound handoff folder for replacing assets."""""""""""""""
high,engine-authority,maintenance_core/honesty_claims/honesty_claims_audit.csv,1799,"high,engine-authority,mugenforge/engine_authority.py,392,""""""Use Runtime Evidence Certification to reconcile this model with actual M.U.G.E.N/IKEMEN sessions."""","""
info,honesty-negative,maintenance_core/honesty_claims/honesty_claims_audit.csv,1800,"info,honesty-negative,mugenforge/engine_authority.py,417,""res = AuthorityResult(""""External Engine Validator"""")"""
info,honesty-negative,maintenance_core/honesty_claims/honesty_claims_audit.csv,1801,"info,honesty-negative,mugenforge/engine_authority.py,452,""""""note"""": """"This validates local launch configuration before running the external engine. It does not bundle or modify M.U.G.E.N/IKEMEN."""","""
info,honesty-negative,maintenance_core/honesty_claims/honesty_claims_audit.csv,1802,"info,honesty-negative,mugenforge/engine_authority.py,463,""res.add_note(""""Validated the configured external engine profile and wrote launch readiness artifacts."""")"""
info,honesty-negative,maintenance_core/honesty_claims/honesty_claims_audit.csv,1803,"info,honesty-negative,mugenforge/engine_authority.py,465,""res.add_warning(""""External engine profile is not fully launch-ready; configure runtime_lab/runtime_config.json."""")"""
info,honesty-negative,maintenance_core/honesty_claims/honesty_claims_audit.csv,1804,"info,honesty-negative,mugenforge/engine_authority.py,517,""(""""warning"""", re.compile(r""""\b(warn|deprecated|fallback|unsupported)\b"""", re.I)),"""
high,engine-authority,maintenance_core/honesty_claims/honesty_claims_audit.csv,1805,"high,engine-authority,mugenforge/engine_authority.py,569,""""""note"""": """"Certification is local/evidence-based. It means the configured evidence set passed MugenForge checks; it is not an official M.U.G.E.N/IKEMEN guarantee."""","""
medium,plugin-execution,maintenance_core/honesty_claims/honesty_claims_audit.csv,1806,"medium,plugin-execution,mugenforge/engine_authority.py,651,""md = [""""# Binary Corpus Validator"""", """""""", f""""Files tested: **{len(rows)}**"""", """""""", f""""Corpus folder: `{corpus}`"""", """""""", """"Put third-party test files in `binary_corpus/` and rerun this tool to expand compatibility evidence."""", """""""", """"## Status counts"""", """"""""]"""
info,honesty-negative,maintenance_core/honesty_claims/honesty_claims_audit.csv,1807,"info,honesty-negative,mugenforge/engine_authority.py,710,# Candidate table windows: look for repeated 28-byte rows with plausible group/image/width/height/data offsets."
info,honesty-negative,maintenance_core/honesty_claims/honesty_claims_audit.csv,1808,"info,honesty-negative,mugenforge/engine_authority.py,754,""res.add_note(""""Wrote SFF2 forensic payload/table candidate reports and carved recognizable PNG payloads."""")"""
info,honesty-negative,maintenance_core/honesty_claims/honesty_claims_audit.csv,1809,"info,honesty-negative,mugenforge/engine_authority.py,786,""""""notes"""": """"Set enabled=yes only after reviewing parser reports and testing candidate in target engine."""","""
info,honesty-negative,maintenance_core/honesty_claims/honesty_claims_audit.csv,1810,"info,honesty-negative,mugenforge/engine_authority.py,790,""res.add_note(f""""Exported {len(rows)} candidate rows for guarded SFF/SND promotion."""")"""
info,honesty-negative,maintenance_core/honesty_claims/honesty_claims_audit.csv,1811,"info,honesty-negative,mugenforge/engine_authority.py,792,""res.add_warning(""""No binary candidate files were found under binary_* or engine_authority outputs."""")"""
medium,safety-claim,maintenance_core/honesty_claims/honesty_claims_audit.csv,1812,"medium,safety-claim,mugenforge/engine_authority.py,798,""res = AuthorityResult(""""Apply Verified Binary Promotions"""")"""
info,honesty-negative,maintenance_core/honesty_claims/honesty_claims_audit.csv,1813,"info,honesty-negative,mugenforge/engine_authority.py,811,""candidate = (root / str(row.get(""""candidate_file"""") or """""""")).resolve()"""
info,honesty-negative,maintenance_core/honesty_claims/honesty_claims_audit.csv,1814,"info,honesty-negative,mugenforge/engine_authority.py,812,""kind = str(row.get(""""target_kind"""") or candidate.suffix.lower().lstrip(""""."""")).lower().strip()"""
info,honesty-negative,maintenance_core/honesty_claims/honesty_claims_audit.csv,1815,"info,honesty-negative,mugenforge/engine_authority.py,814,""res.add_warning(f""""Skipped unsupported promotion kind: {kind}"""")"""
info,honesty-negative,maintenance_core/honesty_claims/honesty_claims_audit.csv,1816,"info,honesty-negative,mugenforge/engine_authority.py,816,if not candidate.exists():"
info,honesty-negative,maintenance_core/honesty_claims/honesty_claims_audit.csv,1817,"info,honesty-negative,mugenforge/engine_authority.py,817,""res.add_warning(f""""Candidate does not exist: {candidate}"""")"""
info,honesty-negative,maintenance_core/honesty_claims/honesty_claims_audit.csv,1818,"info,honesty-negative,mugenforge/engine_authority.py,819,# Verify candidate parses before promotion."
info,honesty-negative,maintenance_core/honesty_claims/honesty_claims_audit.csv,1819,"info,honesty-negative,mugenforge/engine_authority.py,823,info = read_sff(candidate)"
info,honesty-negative,maintenance_core/honesty_claims/honesty_claims_audit.csv,1820,"info,honesty-negative,mugenforge/engine_authority.py,826,""res.add_warning(f""""SFF candidate did not parse strongly; skipped: {candidate}"""")"""
info,honesty-negative,maintenance_core/honesty_claims/honesty_claims_audit.csv,1821,"info,honesty-negative,mugenforge/engine_authority.py,829,info = read_snd(candidate)"
info,honesty-negative,maintenance_core/honesty_claims/honesty_claims_audit.csv,1822,"info,honesty-negative,mugenforge/engine_authority.py,832,""res.add_warning(f""""SND candidate did not expose any sounds; skipped: {candidate}"""")"""
info,honesty-negative,maintenance_core/honesty_claims/honesty_claims_audit.csv,1823,"info,honesty-negative,mugenforge/engine_authority.py,835,""res.add_warning(f""""Candidate verification failed for {candidate}: {exc}"""")"""
info,honesty-negative,maintenance_core/honesty_claims/honesty_claims_audit.csv,1824,"info,honesty-negative,mugenforge/engine_authority.py,840,backup = None"
info,honesty-negative,maintenance_core/honesty_claims/honesty_claims_audit.csv,1825,"info,honesty-negative,mugenforge/engine_authority.py,842,""backup = target.with_name(target.name + f"""".bak_engine_authority_{_now()}"""")"""
info,honesty-negative,maintenance_core/honesty_claims/honesty_claims_audit.csv,1826,"info,honesty-negative,mugenforge/engine_authority.py,843,""shutil.copy2(target, backup)"""
info,honesty-negative,maintenance_core/honesty_claims/honesty_claims_audit.csv,1827,"info,honesty-negative,mugenforge/engine_authority.py,844,""res.add_created(root, backup)"""
info,honesty-negative,maintenance_core/honesty_claims/honesty_claims_audit.csv,1828,"info,honesty-negative,mugenforge/engine_authority.py,846,""shutil.copy2(candidate, target)"""
info,honesty-negative,maintenance_core/honesty_claims/honesty_claims_audit.csv,1829,"info,honesty-negative,mugenforge/engine_authority.py,849,""""""candidate"""": _rel(root, candidate), """"target"""": _rel(root, target), """"backup"""": _rel(root, backup) if backup else """""""","""
info,honesty-negative,maintenance_core/honesty_claims/honesty_claims_audit.csv,1830,"info,honesty-negative,mugenforge/engine_authority.py,850,""""""kind"""": kind, """"candidate_sha256"""": _hash_file(candidate), """"target_sha256"""": _hash_file(target), """"verify_status"""": verify_status,"""
info,honesty-negative,maintenance_core/honesty_claims/honesty_claims_audit.csv,1831,"info,honesty-negative,mugenforge/engine_authority.py,855,""_write_csv(out / f""""binary_promotion_apply_log_{_now()}.csv"""", applied, [""""candidate"""", """"target"""", """"backup"""", """"kind"""", """"candidate_sha256"""", """"target_sha256"""", """"verify_status"""", """"applied_at""""], res, root)"""
medium,safety-claim,maintenance_core/honesty_claims/honesty_claims_audit.csv,1832,"medium,safety-claim,mugenforge/engine_authority.py,857,""res.add_note(f""""Promoted {len(applied)} verified binary candidate(s) with backups."""")"""
medium,safety-claim,maintenance_core/honesty_claims/honesty_claims_audit.csv,1833,"medium,safety-claim,mugenforge/engine_authority.py,912,""md = [""""# Gameplay Closure Pack"""", """""""", f""""Findings: **{len(problems)}**"""", """""""", """"This pack moves generated gameplay from loose starter scaffolding toward verified source/runtime tasks. Use the CSV patch plan plus Runtime Evidence Certificate before release."""", """"""""]"""
high,engine-authority,maintenance_core/honesty_claims/honesty_claims_audit.csv,1834,"high,engine-authority,mugenforge/engine_authority.py,975,""{""""former_limitation"""": """"MugenForge did not emulate/simulate runtime behavior"""", """"v7_implementation"""": """"Supported Runtime Model builds a deterministic source-level mirror for common AIR/StateDef/controller timing and reconciles it with real evidence."""", """"remaining_truth"""": """"Not a full engine emulator; target engine evidence is still required for exact behavior.""""},"""
info,honesty-negative,maintenance_core/honesty_claims/honesty_claims_audit.csv,1835,"info,honesty-negative,mugenforge/engine_authority.py,976,""{""""former_limitation"""": """"Runtime launcher scripts required manual review"""", """"v7_implementation"""": """"External Engine Validator checks configured executable, working directory, scenario sheet, and project DEF before launch."""", """"remaining_truth"""": """"Engine command-line flags still vary, but bad local profiles are now caught before launch.""""},"""
high,engine-authority,maintenance_core/honesty_claims/honesty_claims_audit.csv,1836,"high,engine-authority,mugenforge/engine_authority.py,977,""{""""former_limitation"""": """"Readiness scores were only evidence aids"""", """"v7_implementation"""": """"Runtime Evidence Certificate hashes evidence, reads scenario status, counts errors/fatals, and issues local certification statuses."""", """"remaining_truth"""": """"Certification is local/evidence-based, not an official engine guarantee.""""},"""
medium,safety-claim,maintenance_core/honesty_claims/honesty_claims_audit.csv,1837,"medium,safety-claim,mugenforge/engine_authority.py,980,""{""""former_limitation"""": """"SFF/SND mutation was candidate-only"""", """"v7_implementation"""": """"Binary Promotion sheet applies verified candidates into active project files with backups and SHA-256 logs."""", """"remaining_truth"""": """"Blind overwrite remains intentionally unavailable.""""},"""
high,engine-authority,maintenance_core/honesty_claims/honesty_claims_audit.csv,1838,"high,engine-authority,mugenforge/engine_authority.py,982,""{""""former_limitation"""": """"Reports/previews were not runtime-authoritative"""", """"v7_implementation"""": """"Static/Runtime Reconciler compares modeled states/anims with imported runtime evidence."""", """"remaining_truth"""": """"Reports become stronger as evidence coverage improves.""""},"""
info,honesty-negative,maintenance_core/honesty_claims/honesty_claims_audit.csv,1839,"info,honesty-negative,mugenforge/engine_authority.py,991,""md += [""""## Suggested order"""", """""""", """"1. Supported Runtime Model"""", """"2. External Engine Validator"""", """"3. Runtime Evidence Certificate"""", """"4. Static/Runtime Reconciler"""", """"5. Binary Corpus Validator"""", """"6. SFF2 Forensic Recovery"""", """"7. Binary Promotion Sheet"""", """"8. Gameplay Closure Pack"""", """"""""]"""
info,honesty-negative,maintenance_core/honesty_claims/honesty_claims_audit.csv,1840,"info,honesty-negative,mugenforge/engine_authority.py,1018,""(""""external engine validator"""", write_external_engine_validator),"""
info,honesty-negative,maintenance_core/honesty_claims/honesty_claims_audit.csv,1841,"info,honesty-negative,mugenforge/evidence_core.py,35,""re.compile(r'\b(warn(?:ing)?|deprecated|skipped|fallback|unsupported)\b', re.I),"""
info,honesty-negative,maintenance_core/honesty_claims/honesty_claims_audit.csv,1842,"info,honesty-negative,mugenforge/evidence_core.py,232,- create unknown-binary recovery workspaces for unsupported/corrupt files;"
medium,safety-claim,maintenance_core/honesty_claims/honesty_claims_audit.csv,1843,"medium,safety-claim,mugenforge/evidence_core.py,233,- install verified binary/text candidate files with SHA-256 backups and rollback manifests;"
high,engine-authority,maintenance_core/honesty_claims/honesty_claims_audit.csv,1844,"high,engine-authority,mugenforge/evidence_core.py,236,""This does not include an engine and does not pretend to emulate one. Runtime confidence now comes from actual external-engine evidence, not static reports alone."""
info,honesty-negative,maintenance_core/honesty_claims/honesty_claims_audit.csv,1845,"info,honesty-negative,mugenforge/evidence_core.py,281,""'Set working_directory to the engine folder if blank cwd does not work.',"""
info,honesty-negative,maintenance_core/honesty_claims/honesty_claims_audit.csv,1846,"info,honesty-negative,mugenforge/evidence_core.py,320,""findings.append({'severity': 'blocker', 'field': 'engine_executable', 'message': f'Engine executable does not exist: {engine}'})"""
info,honesty-negative,maintenance_core/honesty_claims/honesty_claims_audit.csv,1847,"info,honesty-negative,mugenforge/evidence_core.py,407,blocked['reason'] = 'engine_executable is missing or does not exist'"
info,honesty-negative,maintenance_core/honesty_claims/honesty_claims_audit.csv,1848,"info,honesty-negative,mugenforge/evidence_core.py,473,""add('required_animation', action.number, f'Animation {action.number} displays correctly and does not reference blank/misaligned sprites.', 'manual_playtest')"""
info,honesty-negative,maintenance_core/honesty_claims/honesty_claims_audit.csv,1849,"info,honesty-negative,mugenforge/evidence_core.py,889,""md = ['# Unknown Binary Recovery Workspace', '', 'This workspace carves obvious embedded PNG/WAV/PCX-like payloads and writes header hex files for unsupported or corrupt binary review.', '', 'Encrypted or custom-compressed payloads cannot be decoded without their format/key, but they are now quarantined with repeatable evidence instead of silently ignored.', '', f'Files scanned: {len(binaries)}', f'Rows written: {len(rows)}']"""
medium,safety-claim,maintenance_core/honesty_claims/honesty_claims_audit.csv,1850,"medium,safety-claim,mugenforge/evidence_core.py,895,# Verified candidate install and rollback"
info,honesty-negative,maintenance_core/honesty_claims/honesty_claims_audit.csv,1851,"info,honesty-negative,mugenforge/evidence_core.py,931,result = EvidenceCoreResult('Evidence Core Candidate Install Sheet')"
info,honesty-negative,maintenance_core/honesty_claims/honesty_claims_audit.csv,1852,"info,honesty-negative,mugenforge/evidence_core.py,953,""if not any(word in name_l for word in ['candidate', 'patched', 'rebuilt', 'build', 'workspace_copy', 'output']):"""
info,honesty-negative,maintenance_core/honesty_claims/honesty_claims_audit.csv,1853,"info,honesty-negative,mugenforge/evidence_core.py,965,""'notes': 'Set enabled=yes only after inspecting candidate and target. Apply writes SHA-256 backup and rollback manifest.',"""
info,honesty-negative,maintenance_core/honesty_claims/honesty_claims_audit.csv,1854,"info,honesty-negative,mugenforge/evidence_core.py,970,result.warnings.append('No generated candidate files were found yet.')"
medium,safety-claim,maintenance_core/honesty_claims/honesty_claims_audit.csv,1855,"medium,safety-claim,mugenforge/evidence_core.py,976,result = EvidenceCoreResult('Evidence Core Verified Candidate Install')"
info,honesty-negative,maintenance_core/honesty_claims/honesty_claims_audit.csv,1856,"info,honesty-negative,mugenforge/evidence_core.py,979,""result.warnings.append(f'Candidate install sheet not found: {_rel(root, sheet)}')"""
info,honesty-negative,maintenance_core/honesty_claims/honesty_claims_audit.csv,1857,"info,honesty-negative,mugenforge/evidence_core.py,994,""result.warnings.append(f'Candidate missing: {row.get(""""candidate_file"""", """""""")}')"""
info,honesty-negative,maintenance_core/honesty_claims/honesty_claims_audit.csv,1858,"info,honesty-negative,mugenforge/evidence_core.py,1001,""result.warnings.append(f'Candidate verifier failed for {_rel(root, cand)}: {detail}')"""
medium,safety-claim,maintenance_core/honesty_claims/honesty_claims_audit.csv,1859,"medium,safety-claim,mugenforge/evidence_core.py,1026,""_write_text(root, commit_dir / 'ROLLBACK_INSTRUCTIONS.md', '# Rollback\n\nUse Evidence Core → Rollback Latest Verified Commit, or manually copy files from `backups/` to their `target_file` paths listed in `commit_manifest.json`.', result)"""
medium,safety-claim,maintenance_core/honesty_claims/honesty_claims_audit.csv,1860,"medium,safety-claim,mugenforge/evidence_core.py,1028,result.notes.append(f'Installed {len(entries)} verified candidate file(s).')"
medium,safety-claim,maintenance_core/honesty_claims/honesty_claims_audit.csv,1861,"medium,safety-claim,mugenforge/evidence_core.py,1034,result = EvidenceCoreResult('Evidence Core Rollback Latest Verified Commit')"
medium,safety-claim,maintenance_core/honesty_claims/honesty_claims_audit.csv,1862,"medium,safety-claim,mugenforge/evidence_core.py,1038,result.warnings.append('No verified commit manifests found.')"
info,honesty-negative,maintenance_core/honesty_claims/honesty_claims_audit.csv,1863,"info,honesty-negative,mugenforge/evidence_core.py,1046,backup = str(entry.get('backup_file') or '')"
info,honesty-negative,maintenance_core/honesty_claims/honesty_claims_audit.csv,1864,"info,honesty-negative,mugenforge/evidence_core.py,1048,if not backup or not target:"
info,honesty-negative,maintenance_core/honesty_claims/honesty_claims_audit.csv,1865,"info,honesty-negative,mugenforge/evidence_core.py,1050,b = (root / backup).resolve()"
medium,safety-claim,maintenance_core/honesty_claims/honesty_claims_audit.csv,1866,"medium,safety-claim,mugenforge/evidence_core.py,1059,result.notes.append(f'Restored {restored} file(s) from latest verified commit backup.')"
info,honesty-negative,maintenance_core/honesty_claims/honesty_claims_audit.csv,1867,"info,honesty-negative,mugenforge/evidence_core.py,1189,""('candidate install sheet', export_candidate_install_sheet),"""
info,honesty-negative,maintenance_core/honesty_claims/honesty_claims_audit.csv,1868,"info,honesty-negative,mugenforge/evidence_core.py,1230,""""""""""""""Validate and run a dry profile probe. This does not launch a match unless the profile arguments do so."""""""""""""""
info,honesty-negative,maintenance_core/honesty_claims/honesty_claims_audit.csv,1869,"info,honesty-negative,mugenforge/evidence_core.py,1465,""""""""""""""UI compatibility alias for ingesting external engine evidence."""""""""""""""
info,honesty-negative,maintenance_core/honesty_claims/honesty_claims_audit.csv,1870,"info,honesty-negative,mugenforge/factory_max.py,74,""backup = path.with_name(path.name + f"""".bak_{_now()}"""")"""
info,honesty-negative,maintenance_core/honesty_claims/honesty_claims_audit.csv,1871,"info,honesty-negative,mugenforge/factory_max.py,75,backup.write_bytes(path.read_bytes())"
info,honesty-negative,maintenance_core/honesty_claims/honesty_claims_audit.csv,1872,"info,honesty-negative,mugenforge/factory_max.py,76,return backup"
medium,safety-claim,maintenance_core/honesty_claims/honesty_claims_audit.csv,1873,"medium,safety-claim,mugenforge/factory_max.py,258,""""""ChangeState safe return"""": {"""
medium,safety-claim,maintenance_core/honesty_claims/honesty_claims_audit.csv,1874,"medium,safety-claim,mugenforge/factory_max.py,297,""lines = [""""# MugenForge CodeSense Bank"""", """""""", """"Common controllers/triggers/snippets for safe M.U.G.E.N authoring."""", """""""", """"## Controllers"""", """"""""]"""
medium,safety-claim,maintenance_core/honesty_claims/honesty_claims_audit.csv,1875,"medium,safety-claim,mugenforge/factory_max.py,544,""safe = re.sub(r""""[^A-Za-z0-9_\-]+"""", """"_"""", name).strip(""""_"""") or """"intro"""""""
medium,safety-claim,maintenance_core/honesty_claims/honesty_claims_audit.csv,1876,"medium,safety-claim,mugenforge/factory_max.py,547,""def_path = folder / f""""{safe}.def"""""""
medium,safety-claim,maintenance_core/honesty_claims/honesty_claims_audit.csv,1877,"medium,safety-claim,mugenforge/factory_max.py,551,spr = {safe}.sff"
high,binary-fullness,maintenance_core/honesty_claims/honesty_claims_audit.csv,1878,"high,binary-fullness,mugenforge/factory_max.py,611,""result.notes.append(""""Starter screenpack text only. Full motif editing still requires art/SFF/SND replacement."""")"""
medium,safety-claim,maintenance_core/honesty_claims/honesty_claims_audit.csv,1879,"medium,safety-claim,mugenforge/factory_max.py,663,""""""- One safe poke, one anti-air, one punish, one movement option, one pressure option."""","""
medium,safety-claim,maintenance_core/honesty_claims/honesty_claims_audit.csv,1880,"medium,safety-claim,mugenforge/factory_max.py,679,""result = MaxResult(""""Factory Max Safe Project Import"""")"""
info,honesty-negative,maintenance_core/honesty_claims/honesty_claims_audit.csv,1881,"info,honesty-negative,mugenforge/factory_max.py,681,""result.warnings.append(""""Source project folder does not exist."""")"""
medium,safety-claim,maintenance_core/honesty_claims/honesty_claims_audit.csv,1882,"medium,safety-claim,mugenforge/factory_max.py,705,""""""note"""": """"Safe import copies assets/code into an imports folder first. Merge manually or use Feature Bank to recreate behavior safely."""","""
medium,fighter-factory-reference,maintenance_core/honesty_claims/honesty_claims_audit.csv,1883,"medium,fighter-factory-reference,mugenforge/factory_max.py,744,""""""FF+ Fighter Factory-Style Essentials"""","""
info,honesty-negative,maintenance_core/honesty_claims/honesty_claims_audit.csv,1884,"info,honesty-negative,mugenforge/factory_plus.py,87,""backup = path.with_suffix(path.suffix + f"""".bak_{datetime.now().strftime('%Y%m%d_%H%M%S')}"""")"""
info,honesty-negative,maintenance_core/honesty_claims/honesty_claims_audit.csv,1885,"info,honesty-negative,mugenforge/factory_plus.py,88,backup.write_bytes(path.read_bytes())"
info,honesty-negative,maintenance_core/honesty_claims/honesty_claims_audit.csv,1886,"info,honesty-negative,mugenforge/factory_plus.py,89,return backup"
info,honesty-negative,maintenance_core/honesty_claims/honesty_claims_audit.csv,1887,"info,honesty-negative,mugenforge/factory_plus.py,143,""result.notes.append(f""""Backup written: {b.name}"""")"""
medium,safety-claim,maintenance_core/honesty_claims/honesty_claims_audit.csv,1888,"medium,safety-claim,mugenforge/factory_plus.py,185,""block_lines = ["""""""", """"; MugenForge Factory+ Required Animation Repair"""", """"; These are safe placeholder actions. Replace art and adjust boxes visually."""", """"""""]"""
info,honesty-negative,maintenance_core/honesty_claims/honesty_claims_audit.csv,1889,"info,honesty-negative,mugenforge/factory_plus.py,260,""result.notes.append(f""""Backup written: {b.name}"""")"""
info,honesty-negative,maintenance_core/honesty_claims/honesty_claims_audit.csv,1890,"info,honesty-negative,mugenforge/factory_plus.py,297,""result.warnings.append(f""""Sprite source folder does not exist: {source_folder}"""")"""
info,honesty-negative,maintenance_core/honesty_claims/honesty_claims_audit.csv,1891,"info,honesty-negative,mugenforge/factory_plus.py,334,""result.notes.append(f""""Backup written: {b.name}"""")"""
high,binary-fullness,maintenance_core/honesty_claims/honesty_claims_audit.csv,1892,"high,binary-fullness,mugenforge/factory_plus.py,613,""lines.append(""""Run **Factory+ Smart Complete / Repair** first. It creates/repairs structure, common animations, placeholder SFF/SND, and beginner docs."""")"""
info,honesty-negative,maintenance_core/honesty_claims/honesty_claims_audit.csv,1893,"info,honesty-negative,mugenforge/factory_plus.py,745,""result.notes.append(f""""Backup written: {b.name}"""")"""
info,honesty-negative,maintenance_core/honesty_claims/honesty_claims_audit.csv,1894,"info,honesty-negative,mugenforge/factory_plus.py,756,""result.notes.append(""""Smart Complete does not replace finished art. It creates a safer scaffold and gives plain-English next steps."""")"""
info,honesty-negative,maintenance_core/honesty_claims/honesty_claims_audit.csv,1895,"info,honesty-negative,mugenforge/factory_plus.py,790,# Compatibility helpers for experimental Factory+/Forge+ UI hooks."
info,honesty-negative,maintenance_core/honesty_claims/honesty_claims_audit.csv,1896,"info,honesty-negative,mugenforge/factory_ultra.py,79,""backup = path.with_name(path.name + f"""".bak_{_now()}"""")"""
info,honesty-negative,maintenance_core/honesty_claims/honesty_claims_audit.csv,1897,"info,honesty-negative,mugenforge/factory_ultra.py,80,backup.write_bytes(path.read_bytes())"
info,honesty-negative,maintenance_core/honesty_claims/honesty_claims_audit.csv,1898,"info,honesty-negative,mugenforge/factory_ultra.py,81,return backup"
medium,safety-claim,maintenance_core/honesty_claims/honesty_claims_audit.csv,1899,"medium,safety-claim,mugenforge/factory_ultra.py,357,""lines += ["""""""", """"## Tuning rules"""", """""""", """"- Fast normals should usually be lower damage than slow/heavy moves."""", """"- Projectiles need recovery or positioning risk."""", """"- Supers can be high damage, but should cost meter or have clear startup."""", """"- If a move is safe, fast, long-range, and high damage, it is doing too much.""""]"""
info,honesty-negative,maintenance_core/honesty_claims/honesty_claims_audit.csv,1900,"info,honesty-negative,mugenforge/factory_ultra.py,720,""lines = [""""# Factory Ultra AI Tuning Lab"""", """""""", """"Beginner-readable AI move weighting sheet. This does not force AI code; it gives you tuning notes."""", """""""", """"| State | Anim | Range | Easy | Normal | Hard |"""", """"|---:|---:|---|---:|---:|---:|""""]"""
medium,safety-claim,maintenance_core/honesty_claims/honesty_claims_audit.csv,1901,"medium,safety-claim,mugenforge/factory_ultra.py,912,""safe = re.sub(r""""[^A-Za-z0-9_\-]+"""", """"_"""", str(variant_name)).strip(""""_"""") or f""""{root.name}_variant"""""""
medium,safety-claim,maintenance_core/honesty_claims/honesty_claims_audit.csv,1902,"medium,safety-claim,mugenforge/factory_ultra.py,913,dest = root.parent / safe"
medium,safety-claim,maintenance_core/honesty_claims/honesty_claims_audit.csv,1903,"medium,safety-claim,mugenforge/factory_ultra.py,915,""dest = root.parent / f""""{safe}_{_now()}"""""""
medium,safety-claim,maintenance_core/honesty_claims/honesty_claims_audit.csv,1904,"medium,safety-claim,mugenforge/factory_ultra.py,922,""new_def = dest / f""""{safe}.def"""""""
medium,safety-claim,maintenance_core/honesty_claims/honesty_claims_audit.csv,1905,"medium,safety-claim,mugenforge/factory_ultra.py,927,""text = f""""[Info]\nname = \""""{safe}\""""\ndisplayname = \""""{variant_name}\""""\n\n"""" + text"""
medium,safety-claim,maintenance_core/honesty_claims/honesty_claims_audit.csv,1906,"medium,safety-claim,mugenforge/factory_ultra.py,930,""text = re.sub(r""""^(\s*name\s*=\s*).*$"""", rf""""\1\""""{safe}\"""""""", text, count=1, flags=re.I | re.M)"""
medium,safety-claim,maintenance_core/honesty_claims/honesty_claims_audit.csv,1907,"medium,safety-claim,mugenforge/forge_beyond.py,342,safe = _safe_name(new_name or archive_path.stem)"
medium,safety-claim,maintenance_core/honesty_claims/honesty_claims_audit.csv,1908,"medium,safety-claim,mugenforge/forge_beyond.py,343,dest = destination_parent / safe"
medium,safety-claim,maintenance_core/honesty_claims/honesty_claims_audit.csv,1909,"medium,safety-claim,mugenforge/forge_beyond.py,345,""dest = destination_parent / f""""{safe}_{_timestamp()}"""""""
high,binary-fullness,maintenance_core/honesty_claims/honesty_claims_audit.csv,1910,"high,binary-fullness,mugenforge/forge_beyond.py,426,""{""""capability"""": """"Sprite image editor"""", """"coverage"""": """"Source-image trim, resize, mirror, quantize, canvas pad, batch conversion"""", """"status"""": """"Implemented source-based"""", """"honest_notes"""": """"Does not mutate arbitrary SFF2 binaries in place""""},"""
info,honesty-negative,maintenance_core/honesty_claims/honesty_claims_audit.csv,1911,"info,honesty-negative,mugenforge/forge_beyond.py,436,""{""""capability"""": """"Variable usage map"""", """"coverage"""": """"var/fvar/sysvar reference CSVs"""", """"status"""": """"Implemented"""", """"honest_notes"""": """"Helps avoid collisions; does not evaluate expressions""""},"""
medium,safety-claim,maintenance_core/honesty_claims/honesty_claims_audit.csv,1912,"medium,safety-claim,mugenforge/forge_beyond.py,440,""{""""capability"""": """"Plugins/templates"""", """"coverage"""": """"Safe JSON/data manifests, macro packs, no-code template foundation"""", """"status"""": """"Implemented foundation"""", """"honest_notes"""": """"Does not auto-run arbitrary downloaded Python""""},"""
high,binary-fullness,maintenance_core/honesty_claims/honesty_claims_audit.csv,1913,"high,binary-fullness,mugenforge/forge_beyond.py,441,""{""""capability"""": """"Full arbitrary SFF2 rebuild/edit"""", """"coverage"""": """"Source-pack bridge via external tools"""", """"status"""": """"Not implemented"""", """"honest_notes"""": """"Explicit limitation retained""""},"""
medium,fighter-factory-reference,maintenance_core/honesty_claims/honesty_claims_audit.csv,1914,"medium,fighter-factory-reference,mugenforge/forge_beyond.py,446,""""""This matrix is a clean-room feature implementation ledger. It does not use or reproduce proprietary Fighter Factory/VirtualTek code, assets, or private logic."""","""
medium,safety-claim,maintenance_core/honesty_claims/honesty_claims_audit.csv,1915,"medium,safety-claim,mugenforge/forge_beyond.py,457,""""""MugenForge goes beyond a raw asset/code editor by turning production work into beginner-safe, no-code passes: dashboards, task boards, tuning sheets, move composers, migration reports, backup snapshots, release checks, artist/sound handoff packs, and source-based SFF2 projects."""","""
medium,fighter-factory-reference,maintenance_core/honesty_claims/honesty_claims_audit.csv,1916,"medium,fighter-factory-reference,mugenforge/forge_beyond.py,461,""""""- No proprietary Fighter Factory/VirtualTek source, assets, or private implementation logic are used."""","""
high,binary-fullness,maintenance_core/honesty_claims/honesty_claims_audit.csv,1917,"high,binary-fullness,mugenforge/forge_beyond.py,462,""""""- Full arbitrary mature SFF v2 extraction/rebuild/editing is still not implemented."""","""
high,engine-authority,maintenance_core/honesty_claims/honesty_claims_audit.csv,1918,"high,engine-authority,mugenforge/forge_beyond.py,464,""""""- Frame data, balance, animation, and debug reports are creator aids, not engine-authoritative truth."""","""
medium,safety-claim,maintenance_core/honesty_claims/honesty_claims_audit.csv,1919,"medium,safety-claim,mugenforge/forge_beyond.py,863,""result = ForgeBeyondResult(""""Forge Beyond Safe Macro Pack"""")"""
info,honesty-negative,maintenance_core/honesty_claims/honesty_claims_audit.csv,1920,"info,honesty-negative,mugenforge/forge_beyond.py,869,""{""""id"""": """"generate_index"""", """"label"""": """"Generate project index"""", """"description"""": """"Writes reports; does not mutate gameplay files.""""},"""
medium,safety-claim,maintenance_core/honesty_claims/honesty_claims_audit.csv,1921,"medium,safety-claim,mugenforge/forge_beyond.py,875,""_write_text(root, out / """"README.md"""", """"# Forge Beyond Safe Macro Pack\n\nData-only macros. MugenForge does not auto-run arbitrary downloaded code."""", result)"""
medium,plugin-execution,maintenance_core/honesty_claims/honesty_claims_audit.csv,1922,"medium,plugin-execution,mugenforge/forge_beyond.py,881,""result = ForgeBeyondResult(""""Forge Beyond Template / Plugin Foundation"""")"""
medium,safety-claim,maintenance_core/honesty_claims/honesty_claims_audit.csv,1923,"medium,safety-claim,mugenforge/forge_beyond.py,886,""result.merge(install_safe_macro_pack(root), """"safe macros"""")"""
high,binary-fullness,maintenance_core/honesty_claims/honesty_claims_audit.csv,1924,"high,binary-fullness,mugenforge/forge_beyond.py,888,""manifest = {""""schema"""": """"mugenforge.forge_beyond.templates.v1"""", """"version"""": FORGE_BEYOND_VERSION, """"execution_model"""": """"declarative-first"""", """"safe_policy"""": [""""Preview generated changes before applying."""", """"Back up files before mutation."""", """"Do not auto-run arbitrary downloaded Python code."""", """"Keep SFF2 rebuild work source-based unless a real implementation is added.""""], """"template_types"""": [""""move"""", """"system"""", """"stage"""", """"sound-cu"
medium,plugin-execution,maintenance_core/honesty_claims/honesty_claims_audit.csv,1925,"medium,plugin-execution,mugenforge/forge_beyond.py,890,""_write_text(root, out / """"README.md"""", """"# Forge Beyond Template / Plugin Foundation\n\nDeclarative templates and macros for no-code expansion. Arbitrary downloaded Python plugins are not auto-executed."""", result)"""
medium,plugin-execution,maintenance_core/honesty_claims/honesty_claims_audit.csv,1926,"medium,plugin-execution,mugenforge/forge_beyond.py,891,""result.notes.append(""""Template/plugin foundation installed with metadata-first safety rules."""")"""
info,honesty-negative,maintenance_core/honesty_claims/honesty_claims_audit.csv,1927,"info,honesty-negative,mugenforge/forge_beyond.py,1013,""result.merge(create_backup_snapshot(root), """"backup snapshot"""")"""
medium,plugin-execution,maintenance_core/honesty_claims/honesty_claims_audit.csv,1928,"medium,plugin-execution,mugenforge/forge_beyond.py,1024,""(""""template/plugin foundation"""", write_template_plugin_foundation),"""
info,honesty-negative,maintenance_core/honesty_claims/honesty_claims_audit.csv,1929,"info,honesty-negative,mugenforge/forge_beyond.py,1043,""""""3. Edit command/AIR batch CSVs only after making a backup."""","""
high,binary-fullness,maintenance_core/honesty_claims/honesty_claims_audit.csv,1930,"high,binary-fullness,mugenforge/forge_beyond.py,1049,""""""- Full arbitrary mature SFF v2 extraction/rebuild is not implemented."""","""
high,engine-authority,maintenance_core/honesty_claims/honesty_claims_audit.csv,1931,"high,engine-authority,mugenforge/forge_beyond.py,1052,""""""- Frame/balance reports are estimates, not engine-authoritative."""","""
medium,plugin-execution,maintenance_core/honesty_claims/honesty_claims_audit.csv,1932,"medium,plugin-execution,mugenforge/forge_beyond.py,1053,""""""- Third-party plugin execution remains disabled by default."""","""
medium,plugin-execution,maintenance_core/honesty_claims/honesty_claims_audit.csv,1933,"medium,plugin-execution,mugenforge/forge_beyond.py,1068,""{""""area"""": """"Templates/plugins"""", """"status"""": """"data-first foundation"""", """"where"""": """"Forge Beyond Template / Plugin Foundation""""},"""
high,binary-fullness,maintenance_core/honesty_claims/honesty_claims_audit.csv,1934,"high,binary-fullness,mugenforge/forge_beyond.py,1087,""Honest boundaries remain: no proprietary source/assets, no arbitrary mature SFF2 binary rewrite claim, and gameplay scaffolds require M.U.G.E.N playtesting."""
high,binary-fullness,maintenance_core/honesty_claims/honesty_claims_audit.csv,1935,"high,binary-fullness,mugenforge/forge_flow.py,369,""""""- v4.5 improves visual source-driven workflows; it does not add arbitrary mature SFF v2 binary editing/rebuilding."""","""
high,engine-authority,maintenance_core/honesty_claims/honesty_claims_audit.csv,1936,"high,engine-authority,mugenforge/forge_flow.py,370,""""""- Timeline and state reports are source-analysis aids, not engine-authoritative runtime telemetry."""","""
high,binary-fullness,maintenance_core/honesty_claims/honesty_claims_audit.csv,1937,"high,binary-fullness,mugenforge/forge_flow.py,385,<div class='card'><h2>Limits kept honest</h2><p>Reports and previews are source-analysis aids. Full arbitrary mature SFF v2 binary editing/rebuilding remains outside this release.</p></div>"
high,engine-authority,maintenance_core/honesty_claims/honesty_claims_audit.csv,1938,"high,engine-authority,mugenforge/forge_flow.py,519,""""""honest_limit"""": """"This is a source-code/AIR timeline model. It is not engine-authoritative runtime telemetry."""","""
info,honesty-negative,maintenance_core/honesty_claims/honesty_claims_audit.csv,1939,"info,honesty-negative,mugenforge/forge_flow.py,629,""backup = _backup_file(root, air_path, """"move_flow_air_apply"""")"""
info,honesty-negative,maintenance_core/honesty_claims/honesty_claims_audit.csv,1940,"info,honesty-negative,mugenforge/forge_flow.py,632,if backup:"
info,honesty-negative,maintenance_core/honesty_claims/honesty_claims_audit.csv,1941,"info,honesty-negative,mugenforge/forge_flow.py,633,""result.notes.append(f""""Backup written: {_rel(root, backup)}"""")"""
info,honesty-negative,maintenance_core/honesty_claims/honesty_claims_audit.csv,1942,"info,honesty-negative,mugenforge/forge_flow.py,662,""backup = _backup_file(root, path, """"move_flow_playsnd_apply"""")"""
info,honesty-negative,maintenance_core/honesty_claims/honesty_claims_audit.csv,1943,"info,honesty-negative,mugenforge/forge_flow.py,664,if backup:"
info,honesty-negative,maintenance_core/honesty_claims/honesty_claims_audit.csv,1944,"info,honesty-negative,mugenforge/forge_flow.py,665,""result.notes.append(f""""Backup written: {_rel(root, backup)}"""")"""
info,honesty-negative,maintenance_core/honesty_claims/honesty_claims_audit.csv,1945,"info,honesty-negative,mugenforge/forge_flow.py,868,""backup = _backup_file(root, path, """"state_flow_apply"""")"""
info,honesty-negative,maintenance_core/honesty_claims/honesty_claims_audit.csv,1946,"info,honesty-negative,mugenforge/forge_flow.py,871,if backup:"
info,honesty-negative,maintenance_core/honesty_claims/honesty_claims_audit.csv,1947,"info,honesty-negative,mugenforge/forge_flow.py,872,""result.notes.append(f""""Backup written: {_rel(root, backup)}"""")"""
info,honesty-negative,maintenance_core/honesty_claims/honesty_claims_audit.csv,1948,"info,honesty-negative,mugenforge/forge_flow.py,956,""result.notes.append(""""Palette Studio uses ACT files and source-image previews. It does not mutate SFF palettes directly."""")"""
info,honesty-negative,maintenance_core/honesty_claims/honesty_claims_audit.csv,1949,"info,honesty-negative,mugenforge/forge_flow.py,980,""backup = _backup_file(root, out, """"palette_apply"""")"""
info,honesty-negative,maintenance_core/honesty_claims/honesty_claims_audit.csv,1950,"info,honesty-negative,mugenforge/forge_flow.py,981,if backup:"
info,honesty-negative,maintenance_core/honesty_claims/honesty_claims_audit.csv,1951,"info,honesty-negative,mugenforge/forge_flow.py,982,""result.notes.append(f""""Backup written: {_rel(root, backup)}"""")"""
info,honesty-negative,maintenance_core/honesty_claims/honesty_claims_audit.csv,1952,"info,honesty-negative,mugenforge/forge_flow.py,1115,""backup = _backup_file(root, path, """"stage_flow_apply"""")"""
info,honesty-negative,maintenance_core/honesty_claims/honesty_claims_audit.csv,1953,"info,honesty-negative,mugenforge/forge_flow.py,1118,if backup:"
info,honesty-negative,maintenance_core/honesty_claims/honesty_claims_audit.csv,1954,"info,honesty-negative,mugenforge/forge_flow.py,1119,""result.notes.append(f""""Backup written: {_rel(root, backup)}"""")"""
high,binary-fullness,maintenance_core/honesty_claims/honesty_claims_audit.csv,1955,"high,binary-fullness,mugenforge/forge_polish.py,257,""] + [f""""- [ ] {step}"""" for step in next_steps] + ["""""""", """"## Honest limits"""", """""""", """"- Full arbitrary mature SFF v2 binary extraction/rebuild/mutation is still not implemented."""", """"- Reports are source-analysis aids, not engine-authoritative runtime telemetry.""""]"""
info,honesty-negative,maintenance_core/honesty_claims/honesty_claims_audit.csv,1957,"info,honesty-negative,mugenforge/forge_polish.py,442,""_write_text(root, _out(root, """"sheet_validation"""") / """"SOUND_CUE_SHEET_GUIDE.md"""", """"# Editable Sound Cue Sheet\n\nOnly rows with `action=add` and `enabled=yes` are applied. Applying inserts text-code `PlaySnd` controllers with backups. This does not mutate SND binary banks."""", result)"""
info,honesty-negative,maintenance_core/honesty_claims/honesty_claims_audit.csv,1958,"info,honesty-negative,mugenforge/forge_polish.py,505,""backup = _backup_text_file(root, path, """"sound_cue_sheet"""")"""
info,honesty-negative,maintenance_core/honesty_claims/honesty_claims_audit.csv,1959,"info,honesty-negative,mugenforge/forge_polish.py,506,if backup:"
info,honesty-negative,maintenance_core/honesty_claims/honesty_claims_audit.csv,1960,"info,honesty-negative,mugenforge/forge_polish.py,507,""result.add_created(root, backup)"""
medium,plugin-execution,maintenance_core/honesty_claims/honesty_claims_audit.csv,1961,"medium,plugin-execution,mugenforge/forge_polish.py,700,""result = ForgePolishResult(""""Template / Plugin Data Validation"""")"""
medium,plugin-execution,maintenance_core/honesty_claims/honesty_claims_audit.csv,1962,"medium,plugin-execution,mugenforge/forge_polish.py,742,""issues.append(_issue(""""warning"""", rel, index, """"plugin"""", """"Executable plugin entry types are not auto-run.""""))"""
medium,plugin-execution,maintenance_core/honesty_claims/honesty_claims_audit.csv,1963,"medium,plugin-execution,mugenforge/forge_polish.py,747,""_write_text(root, out / """"TEMPLATE_PLUGIN_VALIDATION.md"""", _issues_markdown(""""Template / Plugin Validation"""", issues) + """"\n\nData-only manifests are supported. Arbitrary third-party Python plugins are not auto-run."""", result)"""
medium,plugin-execution,maintenance_core/honesty_claims/honesty_claims_audit.csv,1964,"medium,plugin-execution,mugenforge/forge_polish.py,751,""result.notes.append(f""""Validated {len(rows)} template/plugin metadata file(s)."""")"""
medium,safety-claim,maintenance_core/honesty_claims/honesty_claims_audit.csv,1965,"medium,safety-claim,mugenforge/forge_polish.py,773,""result = ForgePolishResult(""""Safe Template Pack Import"""")"""
medium,safety-claim,maintenance_core/honesty_claims/honesty_claims_audit.csv,1966,"medium,safety-claim,mugenforge/forge_polish.py,810,""result.warnings.append(""""Template import supports safe data files/folders/ZIPs only."""")"""
medium,safety-claim,maintenance_core/honesty_claims/honesty_claims_audit.csv,1967,"medium,safety-claim,mugenforge/forge_polish.py,817,""result.notes.append(f""""Imported {copied} safe template file(s); skipped {skipped} unsafe/unsupported file(s)."""")"""
info,honesty-negative,maintenance_core/honesty_claims/honesty_claims_audit.csv,1968,"info,honesty-negative,mugenforge/forge_polish.py,887,""is_backup = """"backups"""" in rel_path.parts or """".bak"""" in path.name.lower() or (path.suffix.lower() == """".zip"""" and any(word in low for word in (""""snapshot"""", """"backup"""", """"release"""")))"""
info,honesty-negative,maintenance_core/honesty_claims/honesty_claims_audit.csv,1969,"info,honesty-negative,mugenforge/forge_polish.py,891,""rows.append({""""kind"""": """"snapshot zip"""" if path.suffix.lower() == """".zip"""" else """"file backup"""", """"modified"""": datetime.fromtimestamp(path.stat().st_mtime).isoformat(timespec=""""seconds""""), """"bytes"""": path.stat().st_size, """"path"""": rel, """"restore_hint"""": target})"""
info,honesty-negative,maintenance_core/honesty_claims/honesty_claims_audit.csv,1970,"info,honesty-negative,mugenforge/forge_polish.py,914,""result = ForgePolishResult(""""Backup History Browser"""")"""
info,honesty-negative,maintenance_core/honesty_claims/honesty_claims_audit.csv,1971,"info,honesty-negative,mugenforge/forge_polish.py,920,""_write_text(root, out / """"backup_history.html"""", f""""<!doctype html><meta charset='utf-8'><h1>Backup History</h1><p>Artifacts found: {len(rows)}</p><table border='1' cellspacing='0' cellpadding='4'><tr><th>Modified</th><th>Kind</th><th>Bytes</th><th>Path</th><th>Restore hint</th></tr>{table}</table>"""", result)"""
info,honesty-negative,maintenance_core/honesty_claims/honesty_claims_audit.csv,1972,"info,honesty-negative,mugenforge/forge_polish.py,921,""_write_text(root, out / """"BACKUP_HISTORY.md"""", f""""# Backup History\n\nArtifacts found: {len(rows)}. Review restore hints before restoring. Forge Polish creates a pre-restore guard when restoring individual files from the UI."""", result)"""
info,honesty-negative,maintenance_core/honesty_claims/honesty_claims_audit.csv,1973,"info,honesty-negative,mugenforge/forge_polish.py,922,""result.notes.append(f""""Indexed {len(rows)} backup/snapshot artifact(s)."""")"""
info,honesty-negative,maintenance_core/honesty_claims/honesty_claims_audit.csv,1974,"info,honesty-negative,mugenforge/forge_polish.py,928,""result = ForgePolishResult(""""Backup Restore"""")"""
info,honesty-negative,maintenance_core/honesty_claims/honesty_claims_audit.csv,1975,"info,honesty-negative,mugenforge/forge_polish.py,929,backup = Path(backup_rel)"
info,honesty-negative,maintenance_core/honesty_claims/honesty_claims_audit.csv,1976,"info,honesty-negative,mugenforge/forge_polish.py,930,if not backup.is_absolute():"
info,honesty-negative,maintenance_core/honesty_claims/honesty_claims_audit.csv,1977,"info,honesty-negative,mugenforge/forge_polish.py,931,backup = root / backup"
info,honesty-negative,maintenance_core/honesty_claims/honesty_claims_audit.csv,1978,"info,honesty-negative,mugenforge/forge_polish.py,932,if not backup.exists() or not backup.is_file():"
info,honesty-negative,maintenance_core/honesty_claims/honesty_claims_audit.csv,1979,"info,honesty-negative,mugenforge/forge_polish.py,933,""result.warnings.append(f""""Backup file not found: {backup}"""")"""
info,honesty-negative,maintenance_core/honesty_claims/honesty_claims_audit.csv,1980,"info,honesty-negative,mugenforge/forge_polish.py,935,""if backup.suffix.lower() == """".zip"""":"""
info,honesty-negative,maintenance_core/honesty_claims/honesty_claims_audit.csv,1981,"info,honesty-negative,mugenforge/forge_polish.py,938,""target = Path(target_rel) if target_rel else Path(_guess_restore_target(_rel(root, backup)))"""
info,honesty-negative,maintenance_core/honesty_claims/honesty_claims_audit.csv,1982,"info,honesty-negative,mugenforge/forge_polish.py,957,""shutil.copy2(backup, target)"""
info,honesty-negative,maintenance_core/honesty_claims/honesty_claims_audit.csv,1983,"info,honesty-negative,mugenforge/forge_polish.py,959,""result.notes.append(f""""Restored {_rel(root, backup)} to {_rel(root, target)}."""")"""
info,honesty-negative,maintenance_core/honesty_claims/honesty_claims_audit.csv,1984,"info,honesty-negative,mugenforge/forge_polish.py,1001,""for label, func in ((""""dashboard"""", write_beginner_next_steps_dashboard), (""""command/AIR validation"""", validate_all_edit_sheets), (""""sound cue sheet"""", export_sound_cue_apply_sheet), (""""timeline preview"""", build_sprite_backed_timeline_preview), (""""state graph"""", write_state_graph_canvas_pack), (""""template validation"""", validate_template_library), (""""stage preview"""", build_stage_source_preview), (""""backup history"""", write_backup_history)):"""
high,binary-fullness,maintenance_core/honesty_claims/honesty_claims_audit.csv,1985,"high,binary-fullness,mugenforge/forge_polish.py,1018,""v4.1 focuses on safer apply previews, visual preview consolidation, sound cue sheet insertion, and backup visibility. It does not add arbitrary mature SFF v2 binary editing/rebuilding."""
info,honesty-negative,maintenance_core/honesty_claims/honesty_claims_audit.csv,1986,"info,honesty-negative,mugenforge/forge_polish.py,1025,""result.notes.append(""""v4.1 focuses on validation previews, sound cue CSV apply, visual previews, graph canvas support, template safety, stage source-art planning, and backup visibility."""")"""
info,honesty-negative,maintenance_core/honesty_claims/honesty_claims_audit.csv,1987,"info,honesty-negative,mugenforge/forge_timeline.py,346,This is intentionally text/source based. It does not mutate SFF/SND binaries."
info,honesty-negative,maintenance_core/honesty_claims/honesty_claims_audit.csv,1988,"info,honesty-negative,mugenforge/forge_timeline.py,427,""""""honest_scope"""": """"Text/source-analysis timeline. Does not mutate SFF/SND binaries."""","""
high,engine-authority,maintenance_core/honesty_claims/honesty_claims_audit.csv,1989,"high,engine-authority,mugenforge/forge_timeline.py,476,""<p class=""""note"""">This is a text/source-analysis timeline. It can guide editing, but it is not engine-authoritative runtime telemetry and does not mutate SFF/SND binaries.</p>"""
info,honesty-negative,maintenance_core/honesty_claims/honesty_claims_audit.csv,1990,"info,honesty-negative,mugenforge/forge_timeline.py,703,""result.notes.append(f""""Backup written: {_rel(root, bak)}"""")"""
info,honesty-negative,maintenance_core/honesty_claims/honesty_claims_audit.csv,1991,"info,honesty-negative,mugenforge/forge_timeline.py,744,""result.notes.append(f""""Backup written: {_rel(root, bak)}"""")"""
info,honesty-negative,maintenance_core/honesty_claims/honesty_claims_audit.csv,1992,"info,honesty-negative,mugenforge/forge_timeline.py,860,""result.notes.append(f""""Backup written: {_rel(root, bak)}"""")"""
info,honesty-negative,maintenance_core/honesty_claims/honesty_claims_audit.csv,1993,"info,honesty-negative,mugenforge/forge_timeline.py,1003,""result.notes.append(f""""Backup written: {_rel(root, bak)}"""")"""
info,honesty-negative,maintenance_core/honesty_claims/honesty_claims_audit.csv,1994,"info,honesty-negative,mugenforge/forge_timeline.py,1243,""result.notes.append(f""""Backup written: {_rel(root, bak)}"""")"""
high,engine-authority,maintenance_core/honesty_claims/honesty_claims_audit.csv,1995,"high,engine-authority,mugenforge/forge_timeline.py,1487,""""""honest_scope"""": """"Approximate stage/source-art preview. It does not emulate M.U.G.E.N rendering, parallax, or BGCtrl timing authoritatively."""","""
high,engine-authority,maintenance_core/honesty_claims/honesty_claims_audit.csv,1996,"high,engine-authority,mugenforge/forge_timeline.py,1496,""result.notes.append(""""Stage preview is approximate and source-art based, not engine-authoritative."""")"""
high,binary-fullness,maintenance_core/honesty_claims/honesty_claims_audit.csv,1997,"high,binary-fullness,mugenforge/forge_timeline.py,1596,""] + [f""""- [ ] {step}"""" for step in next_steps] + ["""""""", """"## Honest limits"""", """""""", """"- This release adds source/sheet-backed visual editing workflows. It still does not implement full arbitrary mature SFF v2 binary extraction/rebuild/mutation."""", """"- Timeline, graph, frame-data, palette, and stage previews are source-analysis aids; real M.U.G.E.N playtesting remains required."""", """"- SND/SFF binary mutation remains conservative; sound cues "
high,binary-fullness,maintenance_core/honesty_claims/honesty_claims_audit.csv,1998,"high,binary-fullness,mugenforge/forge_timeline.py,1662,""Honest limit: this is source/sheet-backed editing, not full arbitrary mature SFF v2 binary editing/rebuilding."""
info,honesty-negative,maintenance_core/honesty_claims/honesty_claims_audit.csv,1999,"info,honesty-negative,mugenforge/gap_closer.py,146,""backup = path.with_name(f""""{path.name}.bak_gap_{_now()}"""")"""
info,honesty-negative,maintenance_core/honesty_claims/honesty_claims_audit.csv,2000,"info,honesty-negative,mugenforge/gap_closer.py,147,""backup.parent.mkdir(parents=True, exist_ok=True)"""
info,honesty-negative,maintenance_core/honesty_claims/honesty_claims_audit.csv,2001,"info,honesty-negative,mugenforge/gap_closer.py,148,""shutil.copy2(path, backup)"""
info,honesty-negative,maintenance_core/honesty_claims/honesty_claims_audit.csv,2002,"info,honesty-negative,mugenforge/gap_closer.py,149,return backup"
info,honesty-negative,maintenance_core/honesty_claims/honesty_claims_audit.csv,2003,"info,honesty-negative,mugenforge/gap_closer.py,267,""""""6. Commit binary candidates only after hash/backup verification."""","""
info,honesty-negative,maintenance_core/honesty_claims/honesty_claims_audit.csv,2004,"info,honesty-negative,mugenforge/gap_closer.py,280,""""""implementation"""": """"Source Runtime Model builds a lightweight StateDef/AIR/CMD timing simulator and Engine Scenario Sessions run the real external engine when configured."""","""
high,engine-authority,maintenance_core/honesty_claims/honesty_claims_audit.csv,2005,"high,engine-authority,mugenforge/gap_closer.py,289,""""""limitation"""": """"Runtime readiness scores are evidence aids, not engine-authoritative."""","""
info,honesty-negative,maintenance_core/honesty_claims/honesty_claims_audit.csv,2006,"info,honesty-negative,mugenforge/gap_closer.py,291,""""""status"""": """"Improved: score can be evidence-backed when the external engine runs."""","""
high,binary-fullness,maintenance_core/honesty_claims/honesty_claims_audit.csv,2007,"high,binary-fullness,mugenforge/gap_closer.py,294,""""""limitation"""": """"Full arbitrary historical/custom SFF2 variants need broader corpus validation."""","""
info,honesty-negative,maintenance_core/honesty_claims/honesty_claims_audit.csv,2008,"info,honesty-negative,mugenforge/gap_closer.py,304,""""""limitation"""": """"SFF/SND mutation remains candidate/backup-first and avoids blind overwrite."""","""
info,honesty-negative,maintenance_core/honesty_claims/honesty_claims_audit.csv,2009,"info,honesty-negative,mugenforge/gap_closer.py,305,""""""implementation"""": """"Guarded Binary Commit can write candidate files into project slots only with SHA-256 verification and automatic backups."""","""
info,honesty-negative,maintenance_core/honesty_claims/honesty_claims_audit.csv,2010,"info,honesty-negative,mugenforge/gap_closer.py,526,""""""disclaimer"""": """"This is a lightweight source-runtime model for preflight checks. It does not replace real M.U.G.E.N/IKEMEN execution."""","""
info,honesty-negative,maintenance_core/honesty_claims/honesty_claims_audit.csv,2011,"info,honesty-negative,mugenforge/gap_closer.py,532,""lines = [""""# Source Runtime Model"""", """""""", """"This adds a lightweight runtime-style pass over source files. It estimates state duration, active windows, sound events, HitDefs, ChangeStates, and common risks before launching the external engine."""", """""""", """"## Summary"""", """""""", f""""Commands: {len(commands)}"""", f""""States: {len(states)}"""", f""""AIR actions: {len(actions)}"""", f""""Static traces: {len(traces)}"""", """""""", """"## Highest-risk states"""", """"""""]"""
info,honesty-negative,maintenance_core/honesty_claims/honesty_claims_audit.csv,2012,"info,honesty-negative,mugenforge/gap_closer.py,536,""lines += ["""""""", """"## Engine relation"""", """"This model narrows the no-simulation gap but does not claim cycle-perfect engine behavior. Pair it with Engine Scenario Sessions for real evidence.""""]"""
info,honesty-negative,maintenance_core/honesty_claims/honesty_claims_audit.csv,2013,"info,honesty-negative,mugenforge/gap_closer.py,744,""res.add_warning(f""""Corpus folder does not exist: {c}"""")"""
info,honesty-negative,maintenance_core/honesty_claims/honesty_claims_audit.csv,2014,"info,honesty-negative,mugenforge/gap_closer.py,847,""action = """"Keep raw backup; inspect with hex view/spec notes before mutation."""""""
info,honesty-negative,maintenance_core/honesty_claims/honesty_claims_audit.csv,2015,"info,honesty-negative,mugenforge/gap_closer.py,913,""""""notes"""": """"Set enabled=yes and commit_token=COMMIT to write candidate into target slot."""","""
info,honesty-negative,maintenance_core/honesty_claims/honesty_claims_audit.csv,2016,"info,honesty-negative,mugenforge/gap_closer.py,916,""_write_text(base / """"GUARDED_BINARY_COMMIT.md"""", """"# Guarded Binary Commit\n\nEdit `guarded_binary_commit_sheet.csv`. Only rows with `enabled=yes` and `commit_token=COMMIT` are applied. The target SHA-256 must match unless the expected field is blank. A backup is written before commit.\n"""", res, root)"""
info,honesty-negative,maintenance_core/honesty_claims/honesty_claims_audit.csv,2017,"info,honesty-negative,mugenforge/gap_closer.py,933,""candidate = (root / str(row.get(""""candidate_path"""", """"""""))).resolve()"""
info,honesty-negative,maintenance_core/honesty_claims/honesty_claims_audit.csv,2018,"info,honesty-negative,mugenforge/gap_closer.py,935,if not candidate.exists():"
info,honesty-negative,maintenance_core/honesty_claims/honesty_claims_audit.csv,2019,"info,honesty-negative,mugenforge/gap_closer.py,936,""res.add_warning(f""""Candidate not found: {candidate}"""")"""
info,honesty-negative,maintenance_core/honesty_claims/honesty_claims_audit.csv,2020,"info,honesty-negative,mugenforge/gap_closer.py,939,actual_candidate = _sha256(candidate)"
info,honesty-negative,maintenance_core/honesty_claims/honesty_claims_audit.csv,2021,"info,honesty-negative,mugenforge/gap_closer.py,941,""res.add_warning(f""""Candidate hash mismatch for {candidate.name}; skipped."""")"""
info,honesty-negative,maintenance_core/honesty_claims/honesty_claims_audit.csv,2022,"info,honesty-negative,mugenforge/gap_closer.py,949,backup = _backup_file(target)"
info,honesty-negative,maintenance_core/honesty_claims/honesty_claims_audit.csv,2023,"info,honesty-negative,mugenforge/gap_closer.py,950,if backup:"
info,honesty-negative,maintenance_core/honesty_claims/honesty_claims_audit.csv,2024,"info,honesty-negative,mugenforge/gap_closer.py,951,""res.add_created(root, backup)"""
info,honesty-negative,maintenance_core/honesty_claims/honesty_claims_audit.csv,2025,"info,honesty-negative,mugenforge/gap_closer.py,953,""shutil.copy2(candidate, target)"""
info,honesty-negative,maintenance_core/honesty_claims/honesty_claims_audit.csv,2026,"info,honesty-negative,mugenforge/gap_closer.py,955,""applied.append({""""candidate"""": _rel(root, candidate), """"target"""": _rel(root, target), """"target_sha256_after"""": _sha256(target)})"""
medium,fighter-factory-reference,maintenance_core/honesty_claims/honesty_claims_audit.csv,2027,"medium,fighter-factory-reference,mugenforge/handoff_core.py,359,""{'claim_area': 'Clean-room status', 'safe_claim': 'MugenForge is a clean-room Python/Tkinter M.U.G.E.N creator suite.', 'do_not_claim': 'Do not claim Fighter Factory / VirtuallTek source reuse.'},"""
high,binary-fullness,maintenance_core/honesty_claims/honesty_claims_audit.csv,2028,"high,binary-fullness,mugenforge/handoff_core.py,360,""{'claim_area': 'SFF2', 'safe_claim': 'Common SFF2 workflows include parser/export/candidate build/triage paths.', 'do_not_claim': 'Do not claim perfect arbitrary custom/encrypted/historical SFF2 support without corpus evidence.'},"""
high,binary-fullness,maintenance_core/honesty_claims/honesty_claims_audit.csv,2029,"high,binary-fullness,mugenforge/handoff_core.py,361,""{'claim_area': 'SND', 'safe_claim': 'SND workflows include WAV extraction/rebuild and guarded candidate patching when metadata is reliable.', 'do_not_claim': 'Do not claim blind in-place mutation of arbitrary legacy SND files.'},"""
medium,safety-claim,maintenance_core/honesty_claims/honesty_claims_audit.csv,2030,"medium,safety-claim,mugenforge/handoff_core.py,368,""lines += [f'## {row[""""claim_area""""]}', '', f'- Safe claim: {row[""""safe_claim""""]}', f'- Do not claim: {row[""""do_not_claim""""]}', '']"""
info,honesty-negative,maintenance_core/honesty_claims/honesty_claims_audit.csv,2031,"info,honesty-negative,mugenforge/handoff_core.py,436,""- v5.x: binary core/deep/maturity for SFF/SND inspection, candidate builds, and guarded mutation."""
medium,safety-claim,maintenance_core/honesty_claims/honesty_claims_audit.csv,2032,"medium,safety-claim,mugenforge/handoff_core.py,438,""- v7.x: closure/evidence/authority layers for simulation, engine-backed gates, corpus validation, verified candidate promotion."""
info,honesty-negative,maintenance_core/honesty_claims/honesty_claims_audit.csv,2033,"info,honesty-negative,mugenforge/handoff_core.py,451,3. Expand binary corpus validation and document unsupported variants."
medium,safety-claim,maintenance_core/honesty_claims/honesty_claims_audit.csv,2034,"medium,safety-claim,mugenforge/maintenance_core.py,303,""'5. Keep binary claims tied to verified parser/rebuild paths and runtime claims tied to external evidence.',"""
high,binary-fullness,maintenance_core/honesty_claims/honesty_claims_audit.csv,2035,"high,binary-fullness,mugenforge/maintenance_core.py,477,""('binary-fullness', r'\b(full|arbitrary|complete|mature|all|any)\b.{0,80}\b(SFF|SFF2|SND|binary|mutation|rebuild|extract)', 'high'),"""
high,engine-authority,maintenance_core/honesty_claims/honesty_claims_audit.csv,2036,"high,engine-authority,mugenforge/maintenance_core.py,478,""('engine-authority', r'\b(engine[- ]authoritative|simulate|emulate|runtime[- ]authoritative|certification)\b', 'high'),"""
medium,safety-claim,maintenance_core/honesty_claims/honesty_claims_audit.csv,2037,"medium,safety-claim,mugenforge/maintenance_core.py,479,""('safety-claim', r'\b(safe|verified|guaranteed|lossless|byte[- ]perfect)\b', 'medium'),"""
medium,fighter-factory-reference,maintenance_core/honesty_claims/honesty_claims_audit.csv,2038,"medium,fighter-factory-reference,mugenforge/maintenance_core.py,480,""('fighter-factory-reference', r'\b(Fighter Factory|VirtuallTek)\b', 'medium'),"""
info,honesty-negative,maintenance_core/honesty_claims/honesty_claims_audit.csv,2039,"info,honesty-negative,mugenforge/maintenance_core.py,481,""('honesty-negative', r'\b(not implemented|does not|unsupported|experimental|candidate|backup|external engine|evidence aid|not.*authoritative)\b', 'info'),"""
medium,plugin-execution,maintenance_core/honesty_claims/honesty_claims_audit.csv,2040,"medium,plugin-execution,mugenforge/maintenance_core.py,482,""('plugin-execution', r'\b(plugin|auto-run|execute|third-party|downloaded Python)\b', 'medium'),"""
high,binary-fullness,maintenance_core/honesty_claims/honesty_claims_audit.csv,2041,"high,binary-fullness,mugenforge/maintenance_core.py,512,""md = ['# Honesty Claims Audit', '', f'Generated: {datetime.now().isoformat(timespec=""""seconds"""")}', '', 'This is a text scan, not a legal review. It flags statements that future developers should keep accurate.', '', f'- Rows: {len(rows)}', f'- High-risk rows: {high}', f'- Medium-risk rows: {medium}', '', '## Required truth rules for future releases', '', '- Do not claim full arbitrary SFF2 support unless validated against a broad real-wor"
medium,plugin-execution,maintenance_core/honesty_claims/honesty_claims_audit.csv,2042,"medium,plugin-execution,mugenforge/maintenance_core.py,665,""'- Convert manual regression checklists into scenario files that Runtime/Evidence Core can execute or track.',"""
medium,fighter-factory-reference,maintenance_core/honesty_claims/honesty_claims_audit.csv,2043,"medium,fighter-factory-reference,mugenforge/maintenance_core.py,709,""- Clean-room only. Do not use or claim Fighter Factory / VirtuallTek source, assets, or proprietary logic."""
high,engine-authority,maintenance_core/honesty_claims/honesty_claims_audit.csv,2044,"high,engine-authority,mugenforge/maintenance_core.py,711,- Do not claim static reports are engine-authoritative unless backed by external engine evidence."
medium,safety-claim,maintenance_core/honesty_claims/honesty_claims_audit.csv,2045,"medium,safety-claim,mugenforge/maintenance_core.py,712,- Do not blindly overwrite user binaries; preserve candidate/backup/verified install workflows."
medium,plugin-execution,maintenance_core/honesty_claims/honesty_claims_audit.csv,2046,"medium,plugin-execution,mugenforge/maintenance_core.py,713,- Do not auto-run untrusted third-party Python plugins."
info,honesty-negative,maintenance_core/honesty_claims/honesty_claims_audit.csv,2047,"info,honesty-negative,mugenforge/maintenance_core.py,729,""- v3.5 Visual Forge: beginner home, timeline, axis, sound cue, migration, backup logs."""
info,honesty-negative,maintenance_core/honesty_claims/honesty_claims_audit.csv,2048,"info,honesty-negative,mugenforge/maintenance_core.py,731,""- v4.1 Forge Polish: validation previews, sound cue apply, sprite-backed preview, backup history."""
info,honesty-negative,maintenance_core/honesty_claims/honesty_claims_audit.csv,2049,"info,honesty-negative,mugenforge/maintenance_core.py,733,- v5.0 Binary Core: conservative SFF/SND binary inspection and candidate workflows."
info,honesty-negative,maintenance_core/honesty_claims/honesty_claims_audit.csv,2050,"info,honesty-negative,mugenforge/maintenance_core.py,735,""- v6.1 Runtime Lab: external engine launchers, logs, evidence, readiness reports."""
medium,safety-claim,maintenance_core/honesty_claims/honesty_claims_audit.csv,2051,"medium,safety-claim,mugenforge/maintenance_core.py,736,""- v7.0 Evidence Core line: gap closure, authority/evidence labs, source runtime modeling, corpus validation, verified installs."""
info,honesty-negative,maintenance_core/honesty_claims/honesty_claims_audit.csv,2052,"info,honesty-negative,mugenforge/move_wizard.py,284,""candidate = (def_path.parent / v.strip().strip('""""')).resolve()"""
info,honesty-negative,maintenance_core/honesty_claims/honesty_claims_audit.csv,2053,"info,honesty-negative,mugenforge/move_wizard.py,285,if candidate.exists() and candidate.is_file():"
info,honesty-negative,maintenance_core/honesty_claims/honesty_claims_audit.csv,2054,"info,honesty-negative,mugenforge/move_wizard.py,286,""if kind != 'cns' or candidate.suffix.lower() in {'.cns', '.st'}:"""
info,honesty-negative,maintenance_core/honesty_claims/honesty_claims_audit.csv,2055,"info,honesty-negative,mugenforge/move_wizard.py,287,return candidate"
info,honesty-negative,maintenance_core/honesty_claims/honesty_claims_audit.csv,2056,"info,honesty-negative,mugenforge/move_wizard.py,300,backup = path.with_suffix(path.suffix + '.bak')"
info,honesty-negative,maintenance_core/honesty_claims/honesty_claims_audit.csv,2057,"info,honesty-negative,mugenforge/move_wizard.py,301,""backup.write_text(old, encoding='utf-8', errors='replace')"""
medium,safety-claim,maintenance_core/honesty_claims/honesty_claims_audit.csv,2058,"medium,safety-claim,mugenforge/no_code_director.py,50,""tuning_notes=[""""Rushdown should win close range but work harder from full screen."""", """"Do not make every move plus/safe by default."""", """"Give big enders clear recovery.""""],"""
info,honesty-negative,maintenance_core/honesty_claims/honesty_claims_audit.csv,2059,"info,honesty-negative,mugenforge/no_code_director.py,290,""result.warnings.append(""""Placeholder sheet does not exist, so SFF was not built."""")"""
info,honesty-negative,maintenance_core/honesty_claims/honesty_claims_audit.csv,2060,"info,honesty-negative,mugenforge/operator_console.py,469,""'3. **Binary Maturity / Evidence Core** for SFF/SND candidate validation and runtime-backed promotion.',"""
info,honesty-negative,maintenance_core/honesty_claims/honesty_claims_audit.csv,2061,"info,honesty-negative,mugenforge/operator_console.py,483,""'- Operator Console consolidates project state and next steps. It does not replace engine testing.',"""
info,honesty-negative,maintenance_core/honesty_claims/honesty_claims_audit.csv,2062,"info,honesty-negative,mugenforge/operator_console.py,484,""'- Binary and runtime tools remain candidate/backup/evidence first. Review generated sheets before applying edits.',"""
medium,fighter-factory-reference,maintenance_core/honesty_claims/honesty_claims_audit.csv,2063,"medium,fighter-factory-reference,mugenforge/operator_console.py,532,""- Do not use or copy Fighter Factory / VirtualTek source, assets, or proprietary logic."""
info,honesty-negative,maintenance_core/honesty_claims/honesty_claims_audit.csv,2064,"info,honesty-negative,mugenforge/operator_console.py,533,""- Keep binary work honest; unsupported/corrupt/custom binaries should be triaged and preserved, not guessed."""
info,honesty-negative,maintenance_core/honesty_claims/honesty_claims_audit.csv,2065,"info,honesty-negative,mugenforge/operator_console.py,534,- Candidate builds and mutation flows should write backups and verification reports before install."
info,honesty-negative,maintenance_core/honesty_claims/honesty_claims_audit.csv,2066,"info,honesty-negative,mugenforge/operator_console.py,540,2. Add real project corpus tests for SFF2/SND variants and keep unsupported cases visible."
info,honesty-negative,maintenance_core/honesty_claims/honesty_claims_audit.csv,2067,"info,honesty-negative,mugenforge/operator_console.py,571,""('Corpus validation', 'Expand real-world SFF2/SND test corpus and record supported/unsupported buckets.'),"""
info,honesty-negative,maintenance_core/honesty_claims/honesty_claims_audit.csv,2068,"info,honesty-negative,mugenforge/operator_console.py,610,- Keep binary edits candidate/backup/evidence-first."
info,honesty-negative,maintenance_core/honesty_claims/honesty_claims_audit.csv,2069,"info,honesty-negative,mugenforge/operator_console.py,710,""'release_recommendation': 'hold' if blockers else ('evidence-needed' if warnings else 'candidate'),"""
medium,safety-claim,maintenance_core/honesty_claims/honesty_claims_audit.csv,2070,"medium,safety-claim,mugenforge/operator_console.py,717,""'Binary candidate installs should be verified with hashes and rollback manifests.',"""
high,engine-authority,maintenance_core/honesty_claims/honesty_claims_audit.csv,2071,"high,engine-authority,mugenforge/operator_console.py,780,Honest scope: Operator Console makes project state easier to resume and audit. It does not make static analysis engine-authoritative."
info,honesty-negative,maintenance_core/honesty_claims/honesty_claims_audit.csv,2072,"info,honesty-negative,mugenforge/parsers.py,387,""return f'File: {path.name}\nSize: {path.stat().st_size:,} bytes\nBinary preview is not implemented for {ext} yet.'"""
medium,safety-claim,maintenance_core/honesty_claims/honesty_claims_audit.csv,2073,"medium,safety-claim,mugenforge/parsers.py,391,""safe = re.sub(r'[^A-Za-z0-9_\-]+', '_', name).strip('_') or 'new_character'"""
medium,safety-claim,maintenance_core/honesty_claims/honesty_claims_audit.csv,2074,"medium,safety-claim,mugenforge/parsers.py,392,char_dir = root / safe"
medium,safety-claim,maintenance_core/honesty_claims/honesty_claims_audit.csv,2075,"medium,safety-claim,mugenforge/parsers.py,394,""(char_dir / f'{safe}.def').write_text(f'''[Info]\nname = """"{safe}""""\ndisplayname = """"{safe}""""\nversiondate = 06,12,2026\nmugenversion = 1.0\nauthor = """"Doc""""\n\n[Files]\nsprite = {safe}.sff\nsound = {safe}.snd\nanim = {safe}.air\ncmd = {safe}.cmd\ncns = {safe}.cns\n\n[Arcade]\nintro.storyboard = \nending.storyboard = \n''', encoding='utf-8')"""
medium,safety-claim,maintenance_core/honesty_claims/honesty_claims_audit.csv,2076,"medium,safety-claim,mugenforge/parsers.py,395,""(char_dir / f'{safe}.air').write_text('[Begin Action 0] ; standing/idle\n0,0, 0,0, 5\n\n[Begin Action 20] ; walk forward\n0,0, 0,0, 4\n0,1, 0,0, 4\n0,2, 0,0, 4\n', encoding='utf-8')"""
medium,safety-claim,maintenance_core/honesty_claims/honesty_claims_audit.csv,2077,"medium,safety-claim,mugenforge/parsers.py,396,""(char_dir / f'{safe}.cmd').write_text('''[Command]\nname = """"x""""\ncommand = x\ntime = 1\n\n[Command]\nname = """"forward_x""""\ncommand = F, x\ntime = 12\n\n[Statedef -1]\n\n[State -1, Light Attack]\ntype = ChangeState\nvalue = 200\ntriggerall = command = """"x""""\ntrigger1 = ctrl\n''', encoding='utf-8')"""
medium,safety-claim,maintenance_core/honesty_claims/honesty_claims_audit.csv,2078,"medium,safety-claim,mugenforge/parsers.py,397,""(char_dir / f'{safe}.cns').write_text('''[Data]\nlife = 1000\nattack = 100\ndefence = 100\nfall.defence_up = 50\nliedown.time = 60\nairjuggle = 15\nsparkno = 2\nguard.sparkno = 40\nKO.echo = 0\nvolume = 0\nIntPersistIndex = 60\nFloatPersistIndex = 40\n\n[Size]\nxscale = 1\nyscale = 1\nground.back = 15\nground.front = 16\nair.back = 12\nair.front = 12\nheight = 60\nattack.dist = 160\nproj.attack.dist = 90\nproj.doscale = 0\nhead.pos = -5, -90\nmid.po"
info,honesty-negative,maintenance_core/honesty_claims/honesty_claims_audit.csv,2079,"info,honesty-negative,mugenforge/quality_lab.py,734,result = QualityLabResult(title='Quality Lab backup/restore bundle created')"
info,honesty-negative,maintenance_core/honesty_claims/honesty_claims_audit.csv,2080,"info,honesty-negative,mugenforge/quality_lab.py,742,""restore = f'''# Restore Instructions\n\nBackup generated: {datetime.now().isoformat(timespec=""""seconds"""")}\nProject: {root}\n\nTo restore, extract this ZIP next to the original character folder. It contains a full snapshot of the folder at backup time.\n'''"""
medium,safety-claim,maintenance_core/honesty_claims/honesty_claims_audit.csv,2081,"medium,safety-claim,mugenforge/quality_lab.py,783,""lines += ['', '## Safe rule', '', 'Make a Quality Lab backup before generated-code passes or asset rebuilds.']"""
info,honesty-negative,maintenance_core/honesty_claims/honesty_claims_audit.csv,2082,"info,honesty-negative,mugenforge/quality_lab.py,794,""('backup', create_backup_restore_bundle),"""
info,honesty-negative,maintenance_core/honesty_claims/honesty_claims_audit.csv,2083,"info,honesty-negative,mugenforge/quality_lab.py,807,result.notes.append('Quality Lab does not overwrite the main AIR during the one-click pass; it writes suggestions/copies so beginners can review before replacing tuned data.')"
high,binary-fullness,maintenance_core/honesty_claims/honesty_claims_audit.csv,2084,"high,binary-fullness,mugenforge/rescue_lab.py,216,""lines += ["""""""", """"## Notes"""", """""""", """"This is a best-effort rescue scan. It is useful for unknown or unsupported packed files, but it does not replace full SFF v2 table parsing.""""]"""
info,honesty-negative,maintenance_core/honesty_claims/honesty_claims_audit.csv,2085,"info,honesty-negative,mugenforge/rescue_lab.py,379,""""""This file explains the safest recovery path when a project has packed assets, missing source folders, unsupported SFF/SND layouts, or confusing AIR references."""","""
medium,safety-claim,maintenance_core/honesty_claims/honesty_claims_audit.csv,2086,"medium,safety-claim,mugenforge/rescue_lab.py,397,""""""5. Run **Build Recovered SFF v1** only when you want a fresh starter SFF, not a byte-perfect original file."""","""
high,binary-fullness,maintenance_core/honesty_claims/honesty_claims_audit.csv,2087,"high,binary-fullness,mugenforge/rescue_lab.py,402,""""""Rescue Lab does not claim full SFF v2 rebuild support. It is a practical asset-recovery lane for creators who need to keep working without writing code or reverse-editing binary tables by hand."""","""
info,honesty-negative,maintenance_core/honesty_claims/honesty_claims_audit.csv,2088,"info,honesty-negative,mugenforge/runtime_lab.py,119,backup = path.with_name(path.name + f'.bak_runtime_{_timestamp()}')"
info,honesty-negative,maintenance_core/honesty_claims/honesty_claims_audit.csv,2089,"info,honesty-negative,mugenforge/runtime_lab.py,121,""backup.write_text(read_text_safely(path), encoding='utf-8', errors='replace')"""
info,honesty-negative,maintenance_core/honesty_claims/honesty_claims_audit.csv,2090,"info,honesty-negative,mugenforge/runtime_lab.py,123,backup.write_bytes(path.read_bytes())"
info,honesty-negative,maintenance_core/honesty_claims/honesty_claims_audit.csv,2091,"info,honesty-negative,mugenforge/runtime_lab.py,124,return backup"
high,engine-authority,maintenance_core/honesty_claims/honesty_claims_audit.csv,2092,"high,engine-authority,mugenforge/runtime_lab.py,222,'Runtime Lab does not simulate M.U.G.E.N; it organizes external engine tests and evidence.'"
info,honesty-negative,maintenance_core/honesty_claims/honesty_claims_audit.csv,2093,"info,honesty-negative,mugenforge/runtime_lab.py,414,""Runtime Lab does not run the engine inside MugenForge. It creates transparent scripts, checklists, and evidence folders so failures are reproducible."""
info,honesty-negative,maintenance_core/honesty_claims/honesty_claims_audit.csv,2094,"info,honesty-negative,mugenforge/runtime_lab.py,438,backup = _backup_text(target)"
info,honesty-negative,maintenance_core/honesty_claims/honesty_claims_audit.csv,2095,"info,honesty-negative,mugenforge/runtime_lab.py,461,if backup:"
info,honesty-negative,maintenance_core/honesty_claims/honesty_claims_audit.csv,2096,"info,honesty-negative,mugenforge/runtime_lab.py,462,""result.add_note(f'Backup written: {_rel(root, backup)}')"""
medium,safety-claim,maintenance_core/honesty_claims/honesty_claims_audit.csv,2097,"medium,safety-claim,mugenforge/runtime_lab.py,483,""safe = re.sub(r'[^A-Za-z0-9_\-]+', '_', str(cmd.get('name') or idx)).strip('_') or f'cmd_{idx}'"""
medium,safety-claim,maintenance_core/honesty_claims/honesty_claims_audit.csv,2098,"medium,safety-claim,mugenforge/runtime_lab.py,484,""add(f'cmd_{idx:03d}_{safe}', 'command', f'Input `{cmd.get(""""command"""", """""""")}` for command `{cmd.get(""""name"""", """""""")}`.', 'Expected state/move triggers, then returns control or intended follow-up state.', command=cmd.get('name', ''), blocker='yes')"""
info,honesty-negative,maintenance_core/honesty_claims/honesty_claims_audit.csv,2099,"info,honesty-negative,mugenforge/runtime_lab.py,700,""ding(6, f'Configured engine_executable does not exist on this system: {engine_path}')"""
high,engine-authority,maintenance_core/honesty_claims/honesty_claims_audit.csv,2100,"high,engine-authority,mugenforge/runtime_lab.py,766,""lines += ['', '## Important note', '', 'This score is a release aid. It is not engine-authoritative; real M.U.G.E.N/IKEMEN testing remains required.']"""
high,engine-authority,maintenance_core/honesty_claims/honesty_claims_audit.csv,2101,"high,engine-authority,mugenforge/runtime_lab.py,829,""MugenForge still does not simulate M.U.G.E.N/IKEMEN. Runtime Lab creates launchers, checklists, overlays, parsers, and evidence bundles so external engine testing is repeatable and auditable."""
high,engine-authority,maintenance_core/honesty_claims/honesty_claims_audit.csv,2102,"high,engine-authority,mugenforge/runtime_lab.py,864,""'Runtime Lab does not emulate M.U.G.E.N/IKEMEN. It makes external engine testing repeatable and auditable.',"""
info,honesty-negative,maintenance_core/honesty_claims/honesty_claims_audit.csv,2103,"info,honesty-negative,mugenforge/runtime_lab.py,917,""This pack contains a debug-only `DisplayToClipboard` / `AppendToClipboard` helper. Use **Install Telemetry Helpers** to append it to your CNS/ST file with a backup, or copy it manually."""
info,honesty-negative,maintenance_core/honesty_claims/honesty_claims_audit.csv,2104,"info,honesty-negative,mugenforge/runtime_lab.py,943,result.add_warning(f'Engine executable does not exist on this machine: {engine}')"
info,honesty-negative,maintenance_core/honesty_claims/honesty_claims_audit.csv,2105,"info,honesty-negative,mugenforge/sff2_bridge.py,291,res.notes.append('This creates an editable SFF2 source project. It does not preserve SFF2 compression tables from an existing v2 file.')"
info,honesty-negative,maintenance_core/honesty_claims/honesty_claims_audit.csv,2106,"info,honesty-negative,mugenforge/sff2_codec.py,246,msg = 'File does not match the standard SFF2 table layout used by M.U.G.E.N 1.0/1.1.'"
info,honesty-negative,maintenance_core/honesty_claims/honesty_claims_audit.csv,2107,"info,honesty-negative,mugenforge/sff2_codec.py,330,notes.append('RLE5/LZ5 decoder is experimental and export will be marked provisional')"
info,honesty-negative,maintenance_core/honesty_claims/honesty_claims_audit.csv,2108,"info,honesty-negative,mugenforge/sff2_codec.py,427,raise Sff2Error(f'RLE8 uncompressed byte count {raw_size} does not match width*height {expected}.')"
info,honesty-negative,maintenance_core/honesty_claims/honesty_claims_audit.csv,2109,"info,honesty-negative,mugenforge/sff2_codec.py,469,""""""""""""""Experimental RLE5 decoder."""
medium,safety-claim,maintenance_core/honesty_claims/honesty_claims_audit.csv,2110,"medium,safety-claim,mugenforge/sff2_codec.py,495,raise Sff2Error('RLE5 decode did not match the expected pixel count with available safe heuristics.')"
info,honesty-negative,maintenance_core/honesty_claims/honesty_claims_audit.csv,2111,"info,honesty-negative,mugenforge/sff2_codec.py,515,""""""""""""""Experimental LZ5 probe decoder."""
medium,safety-claim,maintenance_core/honesty_claims/honesty_claims_audit.csv,2112,"medium,safety-claim,mugenforge/sff2_codec.py,518,handles a few safe corpus-development cases: uncompressed fallback blocks and"
info,honesty-negative,maintenance_core/honesty_claims/honesty_claims_audit.csv,2113,"info,honesty-negative,mugenforge/sff2_codec.py,520,that does not exactly produce width*height indices."
medium,safety-claim,maintenance_core/honesty_claims/honesty_claims_audit.csv,2114,"medium,safety-claim,mugenforge/sff2_codec.py,545,raise Sff2Error('LZ5 decode did not match the expected pixel count with available safe heuristics.')"
info,honesty-negative,maintenance_core/honesty_claims/honesty_claims_audit.csv,2115,"info,honesty-negative,mugenforge/sff2_codec.py,579,raise Sff2Error(f'Raw sprite {sprite.index} has unsupported color depth {sprite.color_depth}.')"
info,honesty-negative,maintenance_core/honesty_claims/honesty_claims_audit.csv,2116,"info,honesty-negative,mugenforge/sff2_codec.py,738,raise ValueError('Manifest does not contain a non-empty sprites list.')"
info,honesty-negative,maintenance_core/honesty_claims/honesty_claims_audit.csv,2117,"info,honesty-negative,mugenforge/sff_codec.py,345,raise ValueError('Manifest does not contain a sprites list.')"
medium,safety-claim,maintenance_core/honesty_claims/honesty_claims_audit.csv,2118,"medium,safety-claim,mugenforge/sff_codec.py,414,""""""""""""""Export supported sprites and create a replacement manifest for safe SFF v1 rebuilding."""
info,honesty-negative,maintenance_core/honesty_claims/honesty_claims_audit.csv,2119,"info,honesty-negative,mugenforge/sff_codec.py,458,raise ValueError('Replacement manifest does not contain a sprites list.')"
info,honesty-negative,maintenance_core/honesty_claims/honesty_claims_audit.csv,2120,"info,honesty-negative,mugenforge/sff_codec.py,481,This does not patch bytes into the original file. It creates a clean v1-style PCX"
info,honesty-negative,maintenance_core/honesty_claims/honesty_claims_audit.csv,2121,"info,honesty-negative,mugenforge/sff_codec.py,534,lines.append('Build mode: creates a fresh SFF v1-style PCX chain. It does not preserve SFF v2 compression/tables.')"
high,binary-fullness,maintenance_core/honesty_claims/honesty_claims_audit.csv,2122,"high,binary-fullness,mugenforge/sff_codec.py,553,""lines.append('Build mode: SFF v1-style PCX payload chain. This is a practical starter builder, not a full SFF v2 compiler.')"""
info,honesty-negative,maintenance_core/honesty_claims/honesty_claims_audit.csv,2123,"info,honesty-negative,mugenforge/sff_codec.py,560,# This section is intentionally self-contained and does not depend on any"
high,binary-fullness,maintenance_core/honesty_claims/honesty_claims_audit.csv,2124,"high,binary-fullness,mugenforge/sff_codec.py,684,""def _mf_parse_sff2_standard(data: bytes) -> Tuple[Dict[str, Any], List[Sff2StandardRecord], List[Sff2PaletteRecord], List[str]]:"""
info,honesty-negative,maintenance_core/honesty_claims/honesty_claims_audit.csv,2125,"info,honesty-negative,mugenforge/sff_codec.py,823,# Direct image payloads from MugenForge v5 experimental files."
info,honesty-negative,maintenance_core/honesty_claims/honesty_claims_audit.csv,2126,"info,honesty-negative,mugenforge/sff_codec.py,826,""for candidate in (blob, blob[4:] if len(blob) >= 4 else b''):"""
info,honesty-negative,maintenance_core/honesty_claims/honesty_claims_audit.csv,2127,"info,honesty-negative,mugenforge/sff_codec.py,827,if not candidate:"
info,honesty-negative,maintenance_core/honesty_claims/honesty_claims_audit.csv,2128,"info,honesty-negative,mugenforge/sff_codec.py,830,decomp = _mf_zlib.decompress(candidate)"
info,honesty-negative,maintenance_core/honesty_claims/honesty_claims_audit.csv,2129,"info,honesty-negative,mugenforge/sff_codec.py,1013,raise ValueError(f'Unsupported SFF2 format code {record.format_code} for record {record.index}.')"
medium,plugin-execution,maintenance_core/honesty_claims/honesty_claims_audit.csv,2130,"medium,plugin-execution,mugenforge/sff_codec.py,1104,""'sff2_codec_note': 'v5.5 decodes standard table records and MugenForge round-trippable raw/RLE/LZ streams; unknown third-party codec variants are reported.',"""
info,honesty-negative,maintenance_core/honesty_claims/honesty_claims_audit.csv,2131,"info,honesty-negative,mugenforge/sff_codec.py,1188,raise ValueError(f'Unsupported SFF2 build compression: {compression}')"
info,honesty-negative,maintenance_core/honesty_claims/honesty_claims_audit.csv,2132,"info,honesty-negative,mugenforge/sff_codec.py,1195,raise ValueError('SFF2 manifest does not contain a sprites list.')"
info,honesty-negative,maintenance_core/honesty_claims/honesty_claims_audit.csv,2133,"info,honesty-negative,mugenforge/sff_codec.py,1200,""""""""""""""Build a standard-table SFF2 candidate from a source sprite manifest."""
medium,safety-claim,maintenance_core/honesty_claims/honesty_claims_audit.csv,2134,"medium,safety-claim,mugenforge/sff_codec.py,1203,MugenForge round-trippable raw/RLE/LZ payloads. It is designed for safe"
info,honesty-negative,maintenance_core/honesty_claims/honesty_claims_audit.csv,2135,"info,honesty-negative,mugenforge/sff_codec.py,1204,candidate builds and round-trip testing; always verify output in the target"
high,binary-fullness,maintenance_core/honesty_claims/honesty_claims_audit.csv,2136,"high,binary-fullness,mugenforge/sff_codec.py,1319,""def patch_sff2_axis_copy(sff_path: Path, axis_rows: Iterable[Dict[str, Any]], out_path: Path) -> SffInfo:"""
info,honesty-negative,maintenance_core/honesty_claims/honesty_claims_audit.csv,2137,"info,honesty-negative,mugenforge/sff_codec.py,1396,# public file-format behavior and keeps unsupported compression paths explicit."
medium,safety-claim,maintenance_core/honesty_claims/honesty_claims_audit.csv,2138,"medium,safety-claim,mugenforge/sff_codec.py,1778,It is not claimed as the Elecbyte RLE5/LZ5 codec. It gives creators a safe"
info,honesty-negative,maintenance_core/honesty_claims/honesty_claims_audit.csv,2139,"info,honesty-negative,mugenforge/sff_codec.py,1779,preview instead of silently pretending unsupported compression was decoded."
info,honesty-negative,maintenance_core/honesty_claims/honesty_claims_audit.csv,2140,"info,honesty-negative,mugenforge/sff_codec.py,1947,This is a real table-based SFF2 writer for supported records; it does not"
info,honesty-negative,maintenance_core/honesty_claims/honesty_claims_audit.csv,2141,"info,honesty-negative,mugenforge/sff_codec.py,2044,raise ValueError('SFF2 manifest does not contain a sprite records list.')"
info,honesty-negative,maintenance_core/honesty_claims/honesty_claims_audit.csv,2142,"info,honesty-negative,mugenforge/sff_codec.py,2075,""f'Unsupported compressed sprites: {info.unsupported_count}',"""
info,honesty-negative,maintenance_core/honesty_claims/honesty_claims_audit.csv,2143,"info,honesty-negative,mugenforge/sff_codec.py,2144,""info.warnings.append(f'{s2.unsupported_count} SFF2 sprites use RLE5/LZ5/unsupported compression and are preserved as payloads, not production-decoded.')"""
high,binary-fullness,maintenance_core/honesty_claims/honesty_claims_audit.csv,2144,"high,binary-fullness,mugenforge/sff_codec.py,2202,""def _mf_parse_sff2_standard(data: bytes) -> Tuple[Dict[str, Any], List[Sff2StandardRecord], List[Sff2PaletteRecord], List[str]]:  # type: ignore[no-redef]"""
info,honesty-negative,maintenance_core/honesty_claims/honesty_claims_audit.csv,2145,"info,honesty-negative,mugenforge/sff_codec.py,2579,""for candidate in (blob, blob[4:] if len(blob) >= 4 else b''):"""
info,honesty-negative,maintenance_core/honesty_claims/honesty_claims_audit.csv,2146,"info,honesty-negative,mugenforge/sff_codec.py,2581,dec = _mf_zlib.decompress(candidate)"
info,honesty-negative,maintenance_core/honesty_claims/honesty_claims_audit.csv,2147,"info,honesty-negative,mugenforge/sff_codec.py,2586,for candidate in candidates:"
info,honesty-negative,maintenance_core/honesty_claims/honesty_claims_audit.csv,2148,"info,honesty-negative,mugenforge/sff_codec.py,2587,if candidate.startswith(b'\x89PNG\r\n\x1a\n'):"
info,honesty-negative,maintenance_core/honesty_claims/honesty_claims_audit.csv,2149,"info,honesty-negative,mugenforge/sff_codec.py,2588,""return candidate, 'direct/zlib PNG payload'"""
info,honesty-negative,maintenance_core/honesty_claims/honesty_claims_audit.csv,2150,"info,honesty-negative,mugenforge/sff_codec.py,2589,if candidate.startswith(b'\x0A'):"
info,honesty-negative,maintenance_core/honesty_claims/honesty_claims_audit.csv,2151,"info,honesty-negative,mugenforge/sff_codec.py,2592,img = Image.open(_MFBytesIO(candidate)).convert('RGBA')"
info,honesty-negative,maintenance_core/honesty_claims/honesty_claims_audit.csv,2152,"info,honesty-negative,mugenforge/sff_codec.py,2597,""return candidate, 'direct/zlib PCX payload raw'"""
info,honesty-negative,maintenance_core/honesty_claims/honesty_claims_audit.csv,2153,"info,honesty-negative,mugenforge/sff_codec.py,2635,raise ValueError(f'Unsupported SFF2 format code {record.format_code} for record {record.index}.')"
info,honesty-negative,maintenance_core/honesty_claims/honesty_claims_audit.csv,2154,"info,honesty-negative,mugenforge/sff_codec.py,2670,raise ValueError(f'Unsupported SFF2 build compression: {compression}')"
info,honesty-negative,maintenance_core/honesty_claims/honesty_claims_audit.csv,2155,"info,honesty-negative,mugenforge/sff_codec.py,2674,""""""""""""""Build a common-table SFF2 v2.1 candidate from a MugenForge sprite manifest."""
high,binary-fullness,maintenance_core/honesty_claims/honesty_claims_audit.csv,2156,"high,binary-fullness,mugenforge/sff_codec.py,2941,""def _mf_parse_sff2_standard(data: bytes) -> Tuple[Dict[str, Any], List[Sff2StandardRecord], List[Sff2PaletteRecord], List[str]]:  # type: ignore[no-redef]"""
info,honesty-negative,maintenance_core/honesty_claims/honesty_claims_audit.csv,2157,"info,honesty-negative,mugenforge/snd_codec.py,240,raise ValueError('Manifest does not contain a sounds list.')"
info,honesty-negative,maintenance_core/honesty_claims/honesty_claims_audit.csv,2158,"info,honesty-negative,mugenforge/spritesheet_tools.py,101,""'note': 'This manifest stages sprites for later SFF packing. It does not modify an SFF file.',"""
medium,safety-claim,maintenance_core/honesty_claims/honesty_claims_audit.csv,2159,"medium,safety-claim,mugenforge/studio_plus.py,808,""safe = re.sub(r""""[^A-Za-z0-9_\-]+"""", """"_"""", name).strip(""""_"""") or """"new_stage"""""""
medium,safety-claim,maintenance_core/honesty_claims/honesty_claims_audit.csv,2160,"medium,safety-claim,mugenforge/studio_plus.py,809,stage_dir = parent / safe"
medium,safety-claim,maintenance_core/honesty_claims/honesty_claims_audit.csv,2161,"medium,safety-claim,mugenforge/studio_plus.py,811,""def_path = stage_dir / f""""{safe}.def"""""""
medium,safety-claim,maintenance_core/honesty_claims/honesty_claims_audit.csv,2162,"medium,safety-claim,mugenforge/studio_plus.py,818,""name = """"{safe}"""""""
medium,safety-claim,maintenance_core/honesty_claims/honesty_claims_audit.csv,2163,"medium,safety-claim,mugenforge/studio_plus.py,819,""displayname = """"{safe}"""""""
medium,safety-claim,maintenance_core/honesty_claims/honesty_claims_audit.csv,2164,"medium,safety-claim,mugenforge/studio_plus.py,864,spr = {safe}.sff"
high,binary-fullness,maintenance_core/honesty_claims/honesty_claims_audit.csv,2165,"high,binary-fullness,mugenforge/visual_forge.py,270,does not make SFF2 binary claims or mutate mature existing binary assets."
high,binary-fullness,maintenance_core/honesty_claims/honesty_claims_audit.csv,2166,"high,binary-fullness,mugenforge/visual_forge.py,331,""""""Visual Forge edits text assets and staged source manifests safely; it does not perform arbitrary mature SFF v2 binary rewriting."""","""
high,engine-authority,maintenance_core/honesty_claims/honesty_claims_audit.csv,2167,"high,engine-authority,mugenforge/visual_forge.py,333,""""""Frame data and balance reports are estimates, not engine-authoritative measurements."""","""
high,binary-fullness,maintenance_core/honesty_claims/honesty_claims_audit.csv,2168,"high,binary-fullness,mugenforge/visual_forge.py,356,3. Use **Sprite Offset / Axis Editor** to align frame offsets visually. Existing SFF binary axes are inspected; arbitrary SFF2 axis mutation is not claimed."
high,binary-fullness,maintenance_core/honesty_claims/honesty_claims_audit.csv,2169,"high,binary-fullness,mugenforge/visual_forge.py,363,- Full arbitrary mature SFF v2 extraction/rebuild is still not implemented."
high,engine-authority,maintenance_core/honesty_claims/honesty_claims_audit.csv,2170,"high,engine-authority,mugenforge/visual_forge.py,366,""- Generated gameplay code, frame data, and balance outputs are not engine-authoritative and need testing."""
info,honesty-negative,maintenance_core/honesty_claims/honesty_claims_audit.csv,2171,"info,honesty-negative,mugenforge/visual_forge.py,376,- [ ] Create one central backup snapshot before major edits."
high,engine-authority,maintenance_core/honesty_claims/honesty_claims_audit.csv,2172,"high,engine-authority,mugenforge/visual_forge.py,536,""result.notes.append(""""Timeline manifest is source-derived from AIR and parsed code controllers. It is not an engine-authoritative frame-data capture."""")"""
info,honesty-negative,maintenance_core/honesty_claims/honesty_claims_audit.csv,2173,"info,honesty-negative,mugenforge/visual_forge.py,564,""backup = backup_file(air_path, root, """"timeline_ticks"""")"""
info,honesty-negative,maintenance_core/honesty_claims/honesty_claims_audit.csv,2174,"info,honesty-negative,mugenforge/visual_forge.py,565,if backup:"
info,honesty-negative,maintenance_core/honesty_claims/honesty_claims_audit.csv,2175,"info,honesty-negative,mugenforge/visual_forge.py,566,""result.add_created(root, backup)"""
info,honesty-negative,maintenance_core/honesty_claims/honesty_claims_audit.csv,2176,"info,honesty-negative,mugenforge/visual_forge.py,588,""backup = backup_file(air_path, root, """"offset"""")"""
info,honesty-negative,maintenance_core/honesty_claims/honesty_claims_audit.csv,2177,"info,honesty-negative,mugenforge/visual_forge.py,589,if backup:"
info,honesty-negative,maintenance_core/honesty_claims/honesty_claims_audit.csv,2178,"info,honesty-negative,mugenforge/visual_forge.py,590,""result.add_created(root, backup)"""
high,binary-fullness,maintenance_core/honesty_claims/honesty_claims_audit.csv,2179,"high,binary-fullness,mugenforge/visual_forge.py,595,""result.notes.append(""""This edits AIR frame offsets. It does not patch arbitrary SFF/SFF2 binary sprite-axis records."""")"""
high,binary-fullness,maintenance_core/honesty_claims/honesty_claims_audit.csv,2180,"high,binary-fullness,mugenforge/visual_forge.py,615,""model[""""axis_editor_note""""] = """"Visual Forge can edit AIR frame offsets and staged source manifest axes. It does not claim arbitrary SFF2 binary axis patching."""""""
medium,safety-claim,maintenance_core/honesty_claims/honesty_claims_audit.csv,2181,"medium,safety-claim,mugenforge/visual_forge.py,640,""""""note"""": """"Cues are parsed from PlaySnd controllers. Timing is source-derived and should be verified in engine."""","""
info,honesty-negative,maintenance_core/honesty_claims/honesty_claims_audit.csv,2182,"info,honesty-negative,mugenforge/visual_forge.py,684,""backup = backup_file(code_path, root, """"sound_cue"""")"""
info,honesty-negative,maintenance_core/honesty_claims/honesty_claims_audit.csv,2183,"info,honesty-negative,mugenforge/visual_forge.py,685,if backup:"
info,honesty-negative,maintenance_core/honesty_claims/honesty_claims_audit.csv,2184,"info,honesty-negative,mugenforge/visual_forge.py,686,""result.add_created(root, backup)"""
medium,safety-claim,maintenance_core/honesty_claims/honesty_claims_audit.csv,2185,"medium,safety-claim,mugenforge/visual_forge.py,705,""result.notes.append(""""Appended CMD/CNS/AIR blocks using the existing safe Move Wizard append path."""")"""
info,honesty-negative,maintenance_core/honesty_claims/honesty_claims_audit.csv,2186,"info,honesty-negative,mugenforge/visual_forge.py,737,""result.warnings.append(f""""Source folder does not exist: {source}"""")"""
info,honesty-negative,maintenance_core/honesty_claims/honesty_claims_audit.csv,2187,"info,honesty-negative,mugenforge/visual_forge.py,757,""""""honest_note"""": """"This migration copies and profiles the project; it does not guarantee automatic repair of every legacy binary or gameplay behavior."""","""
info,honesty-negative,maintenance_core/honesty_claims/honesty_claims_audit.csv,2188,"info,honesty-negative,mugenforge/visual_forge.py,768,3. Use Rescue Lab if sprites/sounds are packed or unsupported."
info,honesty-negative,maintenance_core/honesty_claims/honesty_claims_audit.csv,2189,"info,honesty-negative,mugenforge/visual_forge.py,770,5. Create a backup snapshot before repairs."
high,binary-fullness,maintenance_core/honesty_claims/honesty_claims_audit.csv,2190,"high,binary-fullness,mugenforge/visual_forge.py,772,Honest limits: migration cannot guarantee full mature SFF2 extraction/rebuild or perfect gameplay conversion."
high,engine-authority,maintenance_core/honesty_claims/honesty_claims_audit.csv,2191,"high,engine-authority,mugenforge/visual_forge.py,794,""""""Use M.U.G.E.N training matches for engine-authoritative frame behavior."""","""
medium,safety-claim,maintenance_core/honesty_claims/honesty_claims_audit.csv,2192,"medium,safety-claim,mugenforge/visual_forge.py,801,This pack installs a beginner-safe `DisplayToClipboard` debug helper and writes a config file describing what to watch during testing."
medium,plugin-execution,maintenance_core/honesty_claims/honesty_claims_audit.csv,2193,"medium,plugin-execution,mugenforge/visual_forge.py,813,""result = VisualForgeResult(""""Plugin / Template Architecture"""")"""
medium,safety-claim,maintenance_core/honesty_claims/honesty_claims_audit.csv,2194,"medium,safety-claim,mugenforge/visual_forge.py,825,""{""""id"""": """"balanced_starter"""", """"name"""": """"Balanced Starter"""", """"kind"""": """"character"""", """"description"""": """"Safe shoto-style starter with no-code move scaffolds.""""},"""
medium,fighter-factory-reference,maintenance_core/honesty_claims/honesty_claims_audit.csv,2195,"medium,fighter-factory-reference,mugenforge/visual_forge.py,830,""""""note"""": """"These are MugenForge no-code presets. They are not Fighter Factory assets or code."""","""
medium,plugin-execution,maintenance_core/honesty_claims/honesty_claims_audit.csv,2196,"medium,plugin-execution,mugenforge/visual_forge.py,834,""""""schema"""": """"mugenforge-plugin-manifest-v1"""","""
medium,plugin-execution,maintenance_core/honesty_claims/honesty_claims_audit.csv,2197,"medium,plugin-execution,mugenforge/visual_forge.py,838,""""""name"""": """"Example Recipe Plugin"""","""
medium,plugin-execution,maintenance_core/honesty_claims/honesty_claims_audit.csv,2198,"medium,plugin-execution,mugenforge/visual_forge.py,844,""""""security_note"""": """"Plugin support is intentionally conservative. Data-only presets are supported; arbitrary executable plugins require explicit future design and review."""","""
medium,plugin-execution,maintenance_core/honesty_claims/honesty_claims_audit.csv,2199,"medium,plugin-execution,mugenforge/visual_forge.py,855,- No automatic execution of third-party Python code."
medium,plugin-execution,maintenance_core/honesty_claims/honesty_claims_audit.csv,2200,"medium,plugin-execution,mugenforge/visual_forge.py,857,""This is a foundation, not a finished plugin marketplace."""
high,binary-fullness,maintenance_core/honesty_claims/honesty_claims_audit.csv,2201,"high,binary-fullness,mugenforge/visual_forge.py,879,""result.notes.append(""""SFF2 Bridge remains source-based and honest: it prepares Sprmake2 source files and does not patch arbitrary mature SFF2 binaries."""")"""
info,honesty-negative,maintenance_core/honesty_claims/honesty_claims_audit.csv,2202,"info,honesty-negative,mugenforge/visual_forge.py,885,""result = VisualForgeResult(""""Central Backup Snapshot"""")"""
info,honesty-negative,maintenance_core/honesty_claims/honesty_claims_audit.csv,2203,"info,honesty-negative,mugenforge/visual_forge.py,949,""result.notes.append(""""Quick Start writes source-derived helper files and does not alter existing gameplay code except through explicitly selected tools."""")"""
medium,safety-claim,maintenance_core/honesty_claims/honesty_claims_audit.csv,2204,"medium,safety-claim,MUGENFORGE_HANDOFF_v3_5.md,29,""MugenForge Studio remains a clean-room Python/Tkinter M.U.G.E.N character/stage editor. The v3.5 focus is beginner onboarding and visual workflows: the user makes creative decisions while the tool writes safe scaffolds, guides, manifests, backups, reports, and source-based asset handoff files."""
medium,plugin-execution,maintenance_core/honesty_claims/honesty_claims_audit.csv,2205,"medium,plugin-execution,MUGENFORGE_HANDOFF_v3_5.md,40,- Data-only plugin/template foundation."
info,honesty-negative,maintenance_core/honesty_claims/honesty_claims_audit.csv,2206,"info,honesty-negative,MUGENFORGE_HANDOFF_v3_5.md,42,""- Central backup, restore, and error-log tab."""
medium,fighter-factory-reference,maintenance_core/honesty_claims/honesty_claims_audit.csv,2207,"medium,fighter-factory-reference,MUGENFORGE_HANDOFF_v3_5.md,46,- Clean-room only. Do not use Fighter Factory / VirtuallTek source code or proprietary assets."
high,binary-fullness,maintenance_core/honesty_claims/honesty_claims_audit.csv,2208,"high,binary-fullness,MUGENFORGE_HANDOFF_v3_5.md,48,- Full arbitrary mature SFF v2 binary extraction/rebuild is still not implemented."
high,binary-fullness,maintenance_core/honesty_claims/honesty_claims_audit.csv,2209,"high,binary-fullness,MUGENFORGE_HANDOFF_v3_5.md,49,""- SFF2 Bridge is a source project / Sprmake2 handoff workflow, not internal arbitrary SFF2 mutation."""
high,engine-authority,maintenance_core/honesty_claims/honesty_claims_audit.csv,2210,"high,engine-authority,MUGENFORGE_HANDOFF_v3_5.md,51,""- Balance and frame-data reports are estimates/source-derived, not engine-authoritative."""
medium,safety-claim,maintenance_core/honesty_claims/honesty_claims_audit.csv,2211,"medium,safety-claim,MUGENFORGE_HANDOFF_v3_5.md,78,- Replace placeholder timeline tile art with sprite-backed thumbnails where safe sprite extraction or source images are available."
medium,fighter-factory-reference,maintenance_core/honesty_claims/honesty_claims_audit.csv,2212,"medium,fighter-factory-reference,MUGENFORGE_HANDOFF_v4_0.md,32,- Do not use or reference proprietary Fighter Factory / VirtuallTek source code or assets."
high,binary-fullness,maintenance_core/honesty_claims/honesty_claims_audit.csv,2213,"high,binary-fullness,MUGENFORGE_HANDOFF_v4_0.md,33,- Do not claim arbitrary mature SFF v2 binary extraction/rebuild; it is still not implemented."
high,engine-authority,maintenance_core/honesty_claims/honesty_claims_audit.csv,2214,"high,engine-authority,MUGENFORGE_HANDOFF_v4_0.md,37,""- Frame-data, graph, and balance reports are source-analysis aids and estimates, not engine-authoritative runtime telemetry."""
medium,plugin-execution,maintenance_core/honesty_claims/honesty_claims_audit.csv,2215,"medium,plugin-execution,MUGENFORGE_HANDOFF_v4_0.md,38,- Plugin/template support is metadata/preset based; do not auto-run untrusted downloaded Python code."
medium,plugin-execution,maintenance_core/honesty_claims/honesty_claims_audit.csv,2216,"medium,plugin-execution,MUGENFORGE_HANDOFF_v4_0.md,74,- Template / Plugin Foundation"
medium,plugin-execution,maintenance_core/honesty_claims/honesty_claims_audit.csv,2217,"medium,plugin-execution,MUGENFORGE_HANDOFF_v4_0.md,121,""- Ran state graph, variable usage, sprite/sound cross-reference, template/plugin, stage authoring, image editor, archive import, and reports ZIP workflows."""
medium,safety-claim,maintenance_core/honesty_claims/honesty_claims_audit.csv,2218,"medium,safety-claim,MUGENFORGE_HANDOFF_v4_0.md,122,""- Verified dashboard, unified index, capability matrix, state graph HTML, command sheet, AIR batch sheet, variable map, template manifest, and stage authoring pack outputs exist."""
medium,safety-claim,maintenance_core/honesty_claims/honesty_claims_audit.csv,2219,"medium,safety-claim,MUGENFORGE_HANDOFF_v4_0.md,127,- Verified title is `MugenForge Studio 4.0 Forge Beyond`."
medium,safety-claim,maintenance_core/honesty_claims/honesty_claims_audit.csv,2220,"medium,safety-claim,MUGENFORGE_HANDOFF_v4_0.md,128,- Verified the app has 38 tabs."
medium,safety-claim,maintenance_core/honesty_claims/honesty_claims_audit.csv,2221,"medium,safety-claim,MUGENFORGE_HANDOFF_v4_0.md,129,- Verified **Project Home** is selected at startup."
medium,safety-claim,maintenance_core/honesty_claims/honesty_claims_audit.csv,2222,"medium,safety-claim,MUGENFORGE_HANDOFF_v4_0.md,130,- Verified **Forge Beyond** tab exists."
medium,plugin-execution,maintenance_core/honesty_claims/honesty_claims_audit.csv,2223,"medium,plugin-execution,MUGENFORGE_HANDOFF_v4_1.md,41,- Data-only template/plugin validation/import."
info,honesty-negative,maintenance_core/honesty_claims/honesty_claims_audit.csv,2224,"info,honesty-negative,MUGENFORGE_HANDOFF_v4_1.md,43,- Backup history browser."
info,honesty-negative,maintenance_core/honesty_claims/honesty_claims_audit.csv,2225,"info,honesty-negative,MUGENFORGE_HANDOFF_v4_1.md,44,- Individual backup restore with pre-restore guard copies."
medium,fighter-factory-reference,maintenance_core/honesty_claims/honesty_claims_audit.csv,2226,"medium,fighter-factory-reference,MUGENFORGE_HANDOFF_v4_1.md,49,""This is a clean-room M.U.G.E.N creator suite. Do not use or claim Fighter Factory / VirtuallTek source code, assets, or proprietary logic."""
high,binary-fullness,maintenance_core/honesty_claims/honesty_claims_audit.csv,2227,"high,binary-fullness,MUGENFORGE_HANDOFF_v4_1.md,51,Full mature arbitrary SFF v2 extraction/rebuild/mutation is still not implemented. SFF2 work remains source-project/Sprmake2 handoff based. Do not soften this limitation unless a real native implementation and test corpus are added."
medium,fighter-factory-reference,maintenance_core/honesty_claims/honesty_claims_audit.csv,2228,"medium,fighter-factory-reference,MUGENFORGE_HANDOFF_v4_5.md,44,- This is not Fighter Factory source code."
medium,fighter-factory-reference,maintenance_core/honesty_claims/honesty_claims_audit.csv,2229,"medium,fighter-factory-reference,MUGENFORGE_HANDOFF_v4_5.md,45,""- Do not use, reference, copy, or claim VirtuallTek/Fighter Factory source code or assets."""
high,binary-fullness,maintenance_core/honesty_claims/honesty_claims_audit.csv,2230,"high,binary-fullness,MUGENFORGE_HANDOFF_v4_5.md,46,- Keep all SFF/SND mutation conservative and honest."
high,binary-fullness,maintenance_core/honesty_claims/honesty_claims_audit.csv,2231,"high,binary-fullness,MUGENFORGE_HANDOFF_v4_5.md,47,- Full arbitrary mature SFF v2 binary editing/rebuilding is still not implemented."
medium,safety-claim,maintenance_core/honesty_claims/honesty_claims_audit.csv,2232,"medium,safety-claim,MUGENFORGE_HANDOFF_v4_5.md,63,- Inline timeline operations: frame duplicate/delete/reorder where safe."
medium,safety-claim,maintenance_core/honesty_claims/honesty_claims_audit.csv,2233,"medium,safety-claim,MUGENFORGE_HANDOFF_v5_0.md,17,""- Supported SFF v1 payload extraction, embedded PNG discovery, and MugenForge PNG-subset extraction for verified cases."""
info,honesty-negative,maintenance_core/honesty_claims/honesty_claims_audit.csv,2234,"info,honesty-negative,MUGENFORGE_HANDOFF_v5_0.md,20,- Experimental MugenForge PNG-subset SFF2-style copy builder for pipeline testing."
high,binary-fullness,maintenance_core/honesty_claims/honesty_claims_audit.csv,2235,"high,binary-fullness,MUGENFORGE_HANDOFF_v5_0.md,27,This remains clean-room. Do not use Fighter Factory / VirtualTek source code or assets. Keep SFF2 claims honest. Full arbitrary mature SFF2 binary extraction/rebuild/mutation is still not implemented."
medium,safety-claim,maintenance_core/honesty_claims/honesty_claims_audit.csv,2236,"medium,safety-claim,MUGENFORGE_HANDOFF_v5_0.md,31,""v5.1 should deepen the Binary Core and editor feel by adding broader SFF2 fixture tests, more verified payload decoders only when format details are confirmed, a guided install/restore browser for rebuilt SND/SFF candidates, stronger visual binary diff views, and better integration between Binary Core outputs and the Forge Timeline editor."""
info,honesty-negative,maintenance_core/honesty_claims/honesty_claims_audit.csv,2237,"info,honesty-negative,MUGENFORGE_HANDOFF_v5_5.md,14,""v5.5 is the binary maturity pass. It closes much of the v5.0 gap list by adding common-table SFF2 parsing, decoded export for PNG/raw/RLE8/RLE5/LZ5 candidate paths, standard SFF2 candidate rebuilds, copied SFF axis mutation, guarded SND slot patch candidates, and runtime evidence scaffolding."""
high,binary-fullness,maintenance_core/honesty_claims/honesty_claims_audit.csv,2238,"high,binary-fullness,MUGENFORGE_HANDOFF_v5_5.md,18,Do not claim every arbitrary SFF2 file in the wild is guaranteed. The parser handles common v2/v2.1 table layouts and refuses unknown/corrupt cases with reports. Candidate SFF2 builds and SND patches still need target-engine testing before release."
info,honesty-negative,maintenance_core/honesty_claims/honesty_claims_audit.csv,2239,"info,honesty-negative,MUGENFORGE_HANDOFF_v6_1.md,15,""The current focus is closing the runtime feedback gap. MugenForge now has a top-level **Runtime Lab** that creates configs, launch scripts, test plans, debug overlays, log parsers, evidence indexes, regression checklists, readiness reports, and bundles around actual external engine tests."""
medium,fighter-factory-reference,maintenance_core/honesty_claims/honesty_claims_audit.csv,2240,"medium,fighter-factory-reference,MUGENFORGE_HANDOFF_v6_1.md,52,- Clean-room only. Do not use or claim Fighter Factory / VirtuallTek source code or proprietary assets."
high,engine-authority,maintenance_core/honesty_claims/honesty_claims_audit.csv,2241,"high,engine-authority,MUGENFORGE_HANDOFF_v6_1.md,53,- Runtime Lab must remain honest: it organizes external testing but does not emulate the engine."
info,honesty-negative,maintenance_core/honesty_claims/honesty_claims_audit.csv,2242,"info,honesty-negative,MUGENFORGE_HANDOFF_v6_1.md,55,""- Runtime readiness must be described as an evidence aid, not a guarantee."""
info,honesty-negative,maintenance_core/honesty_claims/honesty_claims_audit.csv,2243,"info,honesty-negative,MUGENFORGE_HANDOFF_v6_1.md,56,- Binary edits must remain backup/candidate-first."
medium,safety-claim,maintenance_core/honesty_claims/honesty_claims_audit.csv,2244,"medium,safety-claim,MUGENFORGE_HANDOFF_v6_1.md,63,- Optional safe engine-launch execution inside MugenForge with user confirmation."
medium,safety-claim,maintenance_core/honesty_claims/honesty_claims_audit.csv,2245,"medium,safety-claim,MUGENFORGE_HANDOFF_v7_0.md,17,""v7.0 adds/retains the late-project evidence stack: **Authority Lab**, **Evidence Core**, **Closure Lab**, **Gap Closer**, and **Authority Core**. These directly target the prior honest limitation list with source-level runtime simulation, external-engine adapter validation, SFF/SND corpus validation, unknown-binary triage, verified binary install/commit with rollback, gameplay tuning sheets, and evidence contracts."""
medium,fighter-factory-reference,maintenance_core/honesty_claims/honesty_claims_audit.csv,2246,"medium,fighter-factory-reference,MUGENFORGE_HANDOFF_v7_5.md,14,""- Clean-room only. Do not use or claim Fighter Factory / VirtuallTek source, assets, or proprietary logic."""
high,engine-authority,maintenance_core/honesty_claims/honesty_claims_audit.csv,2247,"high,engine-authority,MUGENFORGE_HANDOFF_v7_5.md,16,- Do not claim static reports are engine-authoritative unless backed by external engine evidence."
medium,safety-claim,maintenance_core/honesty_claims/honesty_claims_audit.csv,2248,"medium,safety-claim,MUGENFORGE_HANDOFF_v7_5.md,17,- Do not blindly overwrite user binaries; preserve candidate/backup/verified install workflows."
medium,plugin-execution,maintenance_core/honesty_claims/honesty_claims_audit.csv,2249,"medium,plugin-execution,MUGENFORGE_HANDOFF_v7_5.md,18,- Do not auto-run untrusted third-party Python plugins."
info,honesty-negative,maintenance_core/honesty_claims/honesty_claims_audit.csv,2250,"info,honesty-negative,MUGENFORGE_HANDOFF_v7_5.md,34,""- v3.5 Visual Forge: beginner home, timeline, axis, sound cue, migration, backup logs."""
info,honesty-negative,maintenance_core/honesty_claims/honesty_claims_audit.csv,2251,"info,honesty-negative,MUGENFORGE_HANDOFF_v7_5.md,36,""- v4.1 Forge Polish: validation previews, sound cue apply, sprite-backed preview, backup history."""
info,honesty-negative,maintenance_core/honesty_claims/honesty_claims_audit.csv,2252,"info,honesty-negative,MUGENFORGE_HANDOFF_v7_5.md,38,- v5.0 Binary Core: conservative SFF/SND binary inspection and candidate workflows."
info,honesty-negative,maintenance_core/honesty_claims/honesty_claims_audit.csv,2253,"info,honesty-negative,MUGENFORGE_HANDOFF_v7_5.md,40,""- v6.1 Runtime Lab: external engine launchers, logs, evidence, readiness reports."""
medium,safety-claim,maintenance_core/honesty_claims/honesty_claims_audit.csv,2254,"medium,safety-claim,MUGENFORGE_HANDOFF_v7_5.md,41,""- v7.0 Evidence Core line: gap closure, authority/evidence labs, source runtime modeling, corpus validation, verified installs."""
info,honesty-negative,maintenance_core/honesty_claims/honesty_claims_audit.csv,2255,"info,honesty-negative,operator_console/DECISION_LOG.md,15,- Keep binary edits candidate/backup/evidence-first."
medium,fighter-factory-reference,maintenance_core/honesty_claims/honesty_claims_audit.csv,2256,"medium,fighter-factory-reference,operator_console/NEXT_CHAT_HANDOFF.md,43,""- Do not use or copy Fighter Factory / VirtualTek source, assets, or proprietary logic."""
info,honesty-negative,maintenance_core/honesty_claims/honesty_claims_audit.csv,2257,"info,honesty-negative,operator_console/NEXT_CHAT_HANDOFF.md,44,""- Keep binary work honest; unsupported/corrupt/custom binaries should be triaged and preserved, not guessed."""
info,honesty-negative,maintenance_core/honesty_claims/honesty_claims_audit.csv,2258,"info,honesty-negative,operator_console/NEXT_CHAT_HANDOFF.md,45,- Candidate builds and mutation flows should write backups and verification reports before install."
info,honesty-negative,maintenance_core/honesty_claims/honesty_claims_audit.csv,2259,"info,honesty-negative,operator_console/NEXT_CHAT_HANDOFF.md,51,2. Add real project corpus tests for SFF2/SND variants and keep unsupported cases visible."
info,honesty-negative,maintenance_core/honesty_claims/honesty_claims_audit.csv,2260,"info,honesty-negative,operator_console/OPERATOR_DASHBOARD.md,42,3. **Binary Maturity / Evidence Core** for SFF/SND candidate validation and runtime-backed promotion."
info,honesty-negative,maintenance_core/honesty_claims/honesty_claims_audit.csv,2261,"info,honesty-negative,operator_console/OPERATOR_DASHBOARD.md,53,- Operator Console consolidates project state and next steps. It does not replace engine testing."
info,honesty-negative,maintenance_core/honesty_claims/honesty_claims_audit.csv,2262,"info,honesty-negative,operator_console/OPERATOR_DASHBOARD.md,54,- Binary and runtime tools remain candidate/backup/evidence first. Review generated sheets before applying edits."
info,honesty-negative,maintenance_core/honesty_claims/honesty_claims_audit.csv,2263,"info,honesty-negative,operator_console/operator_roadmap.csv,8,""7,Corpus validation,backlog,Expand real-world SFF2/SND test corpus and record supported/unsupported buckets.,Long-term product maturity"""
info,honesty-negative,maintenance_core/honesty_claims/honesty_claims_audit.csv,2264,"info,honesty-negative,operator_console/OPERATOR_ROADMAP.md,13,| 7 | Corpus validation | backlog | Expand real-world SFF2/SND test corpus and record supported/unsupported buckets. | Long-term product maturity |"
high,engine-authority,maintenance_core/honesty_claims/honesty_claims_audit.csv,2265,"high,engine-authority,operator_console/OPERATOR_START_HERE.md,21,Honest scope: Operator Console makes project state easier to resume and audit. It does not make static analysis engine-authoritative."
medium,safety-claim,maintenance_core/honesty_claims/honesty_claims_audit.csv,2266,"medium,safety-claim,operator_console/release_readiness/release_readiness_packet.json,101,""""""Binary candidate installs should be verified with hashes and rollback manifests."""""""
medium,fighter-factory-reference,maintenance_core/honesty_claims/honesty_claims_audit.csv,2267,"medium,fighter-factory-reference,operator_console/RESUME_PROMPT.txt,43,""- Do not use or copy Fighter Factory / VirtualTek source, assets, or proprietary logic."""
info,honesty-negative,maintenance_core/honesty_claims/honesty_claims_audit.csv,2268,"info,honesty-negative,operator_console/RESUME_PROMPT.txt,44,""- Keep binary work honest; unsupported/corrupt/custom binaries should be triaged and preserved, not guessed."""
info,honesty-negative,maintenance_core/honesty_claims/honesty_claims_audit.csv,2269,"info,honesty-negative,operator_console/RESUME_PROMPT.txt,45,- Candidate builds and mutation flows should write backups and verification reports before install."
info,honesty-negative,maintenance_core/honesty_claims/honesty_claims_audit.csv,2270,"info,honesty-negative,operator_console/RESUME_PROMPT.txt,51,2. Add real project corpus tests for SFF2/SND variants and keep unsupported cases visible."
medium,safety-claim,maintenance_core/honesty_claims/honesty_claims_audit.csv,2271,"medium,safety-claim,README.md,8,""- **Evidence Core** cockpit for engine-backed evidence, corpus validation, verified candidate promotion, runtime tuning, and release gates."""
info,honesty-negative,maintenance_core/honesty_claims/honesty_claims_audit.csv,2272,"info,honesty-negative,README.md,11,""- **External engine adapter/probe workflows** with config, exact command previews, dry-run/live subprocess execution, stdout/stderr/result capture, and validation reports."""
medium,safety-claim,maintenance_core/honesty_claims/honesty_claims_audit.csv,2273,"medium,safety-claim,README.md,13,""- **Verified binary commit/install sheets** that can promote tested SFF/SND candidates into live project files with backups, commit tokens, and rollback snapshots."""
high,engine-authority,maintenance_core/honesty_claims/honesty_claims_audit.csv,2274,"high,engine-authority,README.md,37,""v7.0 does not bundle M.U.G.E.N or IKEMEN. It can simulate common source-level behavior and can run a user-configured external engine, but full engine authority still comes from captured external-engine evidence. Unknown, corrupt, encrypted, or custom binary formats are fingerprinted and triaged rather than guessed. Direct binary installation is supported only through verified, rollback-protected commit/install sheets. Subjective gameplay feel and final balance"
medium,safety-claim,maintenance_core/honesty_claims/honesty_claims_audit.csv,2275,"medium,safety-claim,README.md,46,""- **Evidence Core**: engine profile setup/probe, launch matrix, validation runs, evidence ingest, SFF2 corpus harness, verified install sheet, runtime tuning, and playtest closure report."""
medium,safety-claim,maintenance_core/honesty_claims/honesty_claims_audit.csv,2276,"medium,safety-claim,README.md,49,""- **Authority Lab**: source runtime simulation, SFF2 corpus validation, evidence authority gate, verified binary commit, and gameplay tuning workbench."""
medium,safety-claim,maintenance_core/honesty_claims/honesty_claims_audit.csv,2277,"medium,safety-claim,README.md,50,""- **Authority Core**: external engine scenario runner, runtime reconciliation, SFF/SND corpus validation, unknown-binary triage, verified candidate installer, and authority score."""
info,honesty-negative,maintenance_core/honesty_claims/honesty_claims_audit.csv,2278,"info,honesty-negative,README.md,56,| No M.U.G.E.N/IKEMEN simulation | Added offline source-runtime simulation plus external-engine adapter runs. The simulator is a preflight tool; the external engine remains the runtime source of truth. |"
info,honesty-negative,maintenance_core/honesty_claims/honesty_claims_audit.csv,2279,"info,honesty-negative,README.md,61,""| Binary mutation was candidate-only | Added guarded promotion/commit/install workflows with enabled rows, commit tokens, SHA-256 checks, backups, and rollback. Blind overwrite remains blocked by design. |"""
medium,safety-claim,maintenance_core/honesty_claims/honesty_claims_audit.csv,2280,"medium,safety-claim,README.md,85,""v7.0 does not bundle M.U.G.E.N or IKEMEN and does not claim impossible coverage for encrypted or custom binary formats. When a local engine executable and/or real SFF/SND corpus is provided, MugenForge can run the configured workflows and record evidence. Unknown binaries are fingerprinted and triaged. Verified binary installs are supported, but blind overwrites remain intentionally blocked."""
high,engine-authority,maintenance_core/honesty_claims/honesty_claims_audit.csv,2281,"high,engine-authority,RELEASE_SUMMARY_v3_5.md,7,""The implementation is clean-room Python/Tkinter code. It does not use, reference, or emulate Fighter Factory / VirtuallTek source code, assets, or proprietary logic."""
info,honesty-negative,maintenance_core/honesty_claims/honesty_claims_audit.csv,2282,"info,honesty-negative,RELEASE_SUMMARY_v3_5.md,15,""- Added Open Recent, Quick Start, tutorial text, home-doc generation, template install, SFF2 bridge pack, and backup buttons."""
medium,safety-claim,maintenance_core/honesty_claims/honesty_claims_audit.csv,2283,"medium,safety-claim,RELEASE_SUMMARY_v3_5.md,30,- Shows safe SFF axis reference metadata where the current SFF parser can inspect it."
high,binary-fullness,maintenance_core/honesty_claims/honesty_claims_audit.csv,2284,"high,binary-fullness,RELEASE_SUMMARY_v3_5.md,31,- Does not claim arbitrary SFF2 binary axis mutation."
medium,safety-claim,maintenance_core/honesty_claims/honesty_claims_audit.csv,2285,"medium,safety-claim,RELEASE_SUMMARY_v3_5.md,44,- Can append generated move blocks using the existing backup-safe Move Wizard path."
medium,safety-claim,maintenance_core/honesty_claims/honesty_claims_audit.csv,2286,"medium,safety-claim,RELEASE_SUMMARY_v3_5.md,55,- Installs the existing safe debug overlay preset."
medium,plugin-execution,maintenance_core/honesty_claims/honesty_claims_audit.csv,2287,"medium,plugin-execution,RELEASE_SUMMARY_v3_5.md,58,### 8. Plugin / Template Architecture"
medium,plugin-execution,maintenance_core/honesty_claims/honesty_claims_audit.csv,2288,"medium,plugin-execution,RELEASE_SUMMARY_v3_5.md,61,- Writes data-only no-code template and plugin manifest scaffolds."
medium,plugin-execution,maintenance_core/honesty_claims/honesty_claims_audit.csv,2289,"medium,plugin-execution,RELEASE_SUMMARY_v3_5.md,62,- Keeps arbitrary third-party Python code execution disabled."
info,honesty-negative,maintenance_core/honesty_claims/honesty_claims_audit.csv,2290,"info,honesty-negative,RELEASE_SUMMARY_v3_5.md,69,### 10. Central Backup / Undo / Error-Log System"
info,honesty-negative,maintenance_core/honesty_claims/honesty_claims_audit.csv,2291,"info,honesty-negative,RELEASE_SUMMARY_v3_5.md,126,- AIR frame tick update with backup — passed."
info,honesty-negative,maintenance_core/honesty_claims/honesty_claims_audit.csv,2292,"info,honesty-negative,RELEASE_SUMMARY_v3_5.md,127,- AIR offset update with backup — passed."
info,honesty-negative,maintenance_core/honesty_claims/honesty_claims_audit.csv,2293,"info,honesty-negative,RELEASE_SUMMARY_v3_5.md,129,- PlaySnd cue insertion with backup — passed."
medium,plugin-execution,maintenance_core/honesty_claims/honesty_claims_audit.csv,2294,"medium,plugin-execution,RELEASE_SUMMARY_v3_5.md,132,- Template/plugin scaffold generation — passed."
info,honesty-negative,maintenance_core/honesty_claims/honesty_claims_audit.csv,2295,"info,honesty-negative,RELEASE_SUMMARY_v3_5.md,133,- Backup snapshot creation — passed."
high,binary-fullness,maintenance_core/honesty_claims/honesty_claims_audit.csv,2296,"high,binary-fullness,RELEASE_SUMMARY_v3_5.md,140,- Full arbitrary mature SFF v2 extraction/rebuild is not implemented."
medium,safety-claim,maintenance_core/honesty_claims/honesty_claims_audit.csv,2297,"medium,safety-claim,RELEASE_SUMMARY_v3_5.md,141,- SFF2 Bridge creates source projects for external Sprmake2 use; it is not byte-perfect SFF2 binary mutation."
high,binary-fullness,maintenance_core/honesty_claims/honesty_claims_audit.csv,2298,"high,binary-fullness,RELEASE_SUMMARY_v3_5.md,142,- Mature existing-SFF/SND binary mutation remains conservative."
high,engine-authority,maintenance_core/honesty_claims/honesty_claims_audit.csv,2299,"high,engine-authority,RELEASE_SUMMARY_v3_5.md,144,""- Visual Timeline and balance/frame-data reports are source-derived estimates, not engine-authoritative measurements."""
medium,plugin-execution,maintenance_core/honesty_claims/honesty_claims_audit.csv,2300,"medium,plugin-execution,RELEASE_SUMMARY_v3_5.md,145,""- Plugin support is a data-only template/preset foundation, not a finished marketplace or arbitrary executable plugin system."""
medium,fighter-factory-reference,maintenance_core/honesty_claims/honesty_claims_audit.csv,2301,"medium,fighter-factory-reference,RELEASE_SUMMARY_v4_0.md,5,""MugenForge Studio v4.0 adds a new **Forge Beyond** clean-room parity+ layer. It targets public Fighter Factory-style M.U.G.E.N authoring workflows while keeping MugenForge's own implementation, UI, reports, and data models."""
medium,plugin-execution,maintenance_core/honesty_claims/honesty_claims_audit.csv,2302,"medium,plugin-execution,RELEASE_SUMMARY_v4_0.md,18,- Template/plugin foundation."
medium,fighter-factory-reference,maintenance_core/honesty_claims/honesty_claims_audit.csv,2303,"medium,fighter-factory-reference,RELEASE_SUMMARY_v4_0.md,27,The user requested the broad capabilities associated with a Fighter Factory-style workflow and wanted MugenForge to go beyond them. v4.0 does that as a clean-room implementation: it expands practical authoring coverage without copying proprietary code/assets and without overstating risky binary capabilities."
high,binary-fullness,maintenance_core/honesty_claims/honesty_claims_audit.csv,2304,"high,binary-fullness,RELEASE_SUMMARY_v4_0.md,51,- Full mature arbitrary SFF v2 extraction/rebuild/mutation is not implemented."
high,engine-authority,maintenance_core/honesty_claims/honesty_claims_audit.csv,2305,"high,engine-authority,RELEASE_SUMMARY_v4_0.md,54,""- Frame/balance/graph reports are source-analysis aids, not engine-authoritative telemetry."""
info,honesty-negative,maintenance_core/honesty_claims/honesty_claims_audit.csv,2306,"info,honesty-negative,RELEASE_SUMMARY_v4_0.md,55,- Plugin/template architecture remains metadata/data-first and does not auto-run untrusted community Python code."
info,honesty-negative,maintenance_core/honesty_claims/honesty_claims_audit.csv,2307,"info,honesty-negative,RELEASE_SUMMARY_v4_1.md,13,""v4.0 added broad clean-room parity-plus workflows. v4.1 focuses on the next practical need: making those workflows safer, clearer, and more visual before users mutate project files. It adds one cockpit for validation, previews, beginner next steps, sound cue sheet insertion, state-flow graphing, template import, stage source-art preview, backup history, and report bundling."""
info,honesty-negative,maintenance_core/honesty_claims/honesty_claims_audit.csv,2308,"info,honesty-negative,RELEASE_SUMMARY_v4_1.md,44,- Does not mutate SND binary banks."
medium,safety-claim,maintenance_core/honesty_claims/honesty_claims_audit.csv,2309,"medium,safety-claim,RELEASE_SUMMARY_v4_1.md,50,- Uses supported SFF v1 sprite payload export where safe."
medium,plugin-execution,maintenance_core/honesty_claims/honesty_claims_audit.csv,2310,"medium,plugin-execution,RELEASE_SUMMARY_v4_1.md,62,- Validates template/plugin data files."
info,honesty-negative,maintenance_core/honesty_claims/honesty_claims_audit.csv,2311,"info,honesty-negative,RELEASE_SUMMARY_v4_1.md,65,- Does not auto-run downloaded plugins."
info,honesty-negative,maintenance_core/honesty_claims/honesty_claims_audit.csv,2312,"info,honesty-negative,RELEASE_SUMMARY_v4_1.md,73,### Backup history and restore"
info,honesty-negative,maintenance_core/honesty_claims/honesty_claims_audit.csv,2313,"info,honesty-negative,RELEASE_SUMMARY_v4_1.md,75,- Indexes backup/snapshot artifacts."
info,honesty-negative,maintenance_core/honesty_claims/honesty_claims_audit.csv,2314,"info,honesty-negative,RELEASE_SUMMARY_v4_1.md,76,- Shows backup history in the UI."
info,honesty-negative,maintenance_core/honesty_claims/honesty_claims_audit.csv,2315,"info,honesty-negative,RELEASE_SUMMARY_v4_1.md,77,- Restores individual backup files with a pre-restore guard copy when the target exists."
high,binary-fullness,maintenance_core/honesty_claims/honesty_claims_audit.csv,2316,"high,binary-fullness,RELEASE_SUMMARY_v4_1.md,82,- Full mature arbitrary SFF v2 extraction/rebuild/mutation is still not implemented."
high,engine-authority,maintenance_core/honesty_claims/honesty_claims_audit.csv,2317,"high,engine-authority,RELEASE_SUMMARY_v4_1.md,86,""- Balance/frame-data/graph/dashboard reports are source-analysis aids, not engine-authoritative runtime telemetry."""
info,honesty-negative,maintenance_core/honesty_claims/honesty_claims_audit.csv,2318,"info,honesty-negative,RELEASE_SUMMARY_v4_1.md,87,- Template/plugin support remains data/metadata based and does not run arbitrary downloaded Python code."
high,binary-fullness,maintenance_core/honesty_claims/honesty_claims_audit.csv,2319,"high,binary-fullness,RELEASE_SUMMARY_v4_5.md,74,- Full mature arbitrary SFF v2 extraction/rebuild/mutation is still not implemented."
info,honesty-negative,maintenance_core/honesty_claims/honesty_claims_audit.csv,2320,"info,honesty-negative,RELEASE_SUMMARY_v4_5.md,79,- Palette Studio writes ACT variants but does not patch SFF palette tables."
high,engine-authority,maintenance_core/honesty_claims/honesty_claims_audit.csv,2321,"high,engine-authority,RELEASE_SUMMARY_v4_5.md,80,""- Stage Live Preview is approximate and does not emulate M.U.G.E.N rendering, parallax, or BGCtrl timing authoritatively."""
high,engine-authority,maintenance_core/honesty_claims/honesty_claims_audit.csv,2322,"high,engine-authority,RELEASE_SUMMARY_v4_5.md,82,""- Frame-data, balance, graph, dashboard, and preview reports are source-analysis aids, not engine-authoritative runtime telemetry."""
info,honesty-negative,maintenance_core/honesty_claims/honesty_claims_audit.csv,2323,"info,honesty-negative,RELEASE_SUMMARY_v5_0.md,20,- MugenForge PNG-subset SFF2 probe/extract/axis-copy support for files created by the v5.0 experimental subset builder"
info,honesty-negative,maintenance_core/honesty_claims/honesty_claims_audit.csv,2324,"info,honesty-negative,RELEASE_SUMMARY_v5_0.md,23,- Experimental MugenForge PNG-subset SFF2-style copy builder for pipeline testing"
info,honesty-negative,maintenance_core/honesty_claims/honesty_claims_audit.csv,2325,"info,honesty-negative,RELEASE_SUMMARY_v5_0.md,25,- Rebuilt SND candidate generation from WAV payloads"
medium,safety-claim,maintenance_core/honesty_claims/honesty_claims_audit.csv,2326,"medium,safety-claim,RELEASE_SUMMARY_v5_0.md,39,- SFF axis patched-copy apply verified by creating a patched copy with updated axis values."
medium,safety-claim,maintenance_core/honesty_claims/honesty_claims_audit.csv,2327,"medium,safety-claim,RELEASE_SUMMARY_v5_0.md,40,- SND rebuilt-candidate apply verified by reading the rebuilt SND."
medium,safety-claim,maintenance_core/honesty_claims/honesty_claims_audit.csv,2328,"medium,safety-claim,RELEASE_SUMMARY_v5_0.md,41,""- SFF2 PNG-subset smoke test verified inspection, payload export, axis sheet export, and patched-copy axis apply on the experimental subset format."""
high,binary-fullness,maintenance_core/honesty_claims/honesty_claims_audit.csv,2329,"high,binary-fullness,RELEASE_SUMMARY_v5_0.md,46,- Full arbitrary mature SFF v2 extraction/rebuild/mutation is still not implemented."
info,honesty-negative,maintenance_core/honesty_claims/honesty_claims_audit.csv,2330,"info,honesty-negative,RELEASE_SUMMARY_v5_0.md,47,- Unknown SFF2 compression/layout decoding is not implemented."
high,binary-fullness,maintenance_core/honesty_claims/honesty_claims_audit.csv,2331,"high,binary-fullness,RELEASE_SUMMARY_v5_0.md,48,- SFF2 release rebuild still uses source workspace handoff rather than arbitrary in-place binary mutation."
info,honesty-negative,maintenance_core/honesty_claims/honesty_claims_audit.csv,2332,"info,honesty-negative,RELEASE_SUMMARY_v5_0.md,49,""- The experimental MugenForge PNG-subset SFF2-style copy is a pipeline/testing format, not a full Sprmake2 replacement."""
info,honesty-negative,maintenance_core/honesty_claims/honesty_claims_audit.csv,2333,"info,honesty-negative,RELEASE_SUMMARY_v5_5.md,16,""- Standard SFF2 manifest-to-candidate builder with PNG32, raw8, RLE8, RLE5, and LZ5 source modes."""
info,honesty-negative,maintenance_core/honesty_claims/honesty_claims_audit.csv,2334,"info,honesty-negative,RELEASE_SUMMARY_v5_5.md,21,- SND rebuild candidate workflows retained."
info,honesty-negative,maintenance_core/honesty_claims/honesty_claims_audit.csv,2335,"info,honesty-negative,RELEASE_SUMMARY_v5_5.md,41,- Native SFF2 rebuilds are candidate files and still require target-engine testing."
high,engine-authority,maintenance_core/honesty_claims/honesty_claims_audit.csv,2336,"high,engine-authority,RELEASE_SUMMARY_v5_5.md,44,- Static reports are not engine-authoritative; runtime evidence is only engine-authoritative when captured from a configured external engine run."
info,honesty-negative,maintenance_core/honesty_claims/honesty_claims_audit.csv,2337,"info,honesty-negative,RELEASE_SUMMARY_v6_1.md,13,""v5.5 closed more of the binary gap, but the project still needed a serious way to turn static reports into actual engine-test evidence. v6.1 adds Runtime Lab: a dedicated cockpit for external engine launch profiles, debug overlays, test scenarios, log parsing, screenshot/log evidence indexing, regression checklists, readiness scoring, and shareable runtime bundles."""
info,honesty-negative,maintenance_core/honesty_claims/honesty_claims_audit.csv,2338,"info,honesty-negative,RELEASE_SUMMARY_v6_1.md,67,The overlay installer appends a State `-2` DisplayToClipboard/AppendToClipboard helper with a backup first. It gives creators live values during manual engine testing."
high,engine-authority,maintenance_core/honesty_claims/honesty_claims_audit.csv,2339,"high,engine-authority,RELEASE_SUMMARY_v6_1.md,90,""- Runtime Lab does not run, emulate, or simulate M.U.G.E.N/IKEMEN internally."""
high,engine-authority,maintenance_core/honesty_claims/honesty_claims_audit.csv,2340,"high,engine-authority,RELEASE_SUMMARY_v6_1.md,92,""- Readiness scoring is a release aid, not engine-authoritative certification."""
info,honesty-negative,maintenance_core/honesty_claims/honesty_claims_audit.csv,2341,"info,honesty-negative,RELEASE_SUMMARY_v6_1.md,94,- Binary mutation remains backup/candidate-first and avoids blind overwrites."
info,honesty-negative,maintenance_core/honesty_claims/honesty_claims_audit.csv,2342,"info,honesty-negative,RELEASE_SUMMARY_v7_0.md,13,""The previous honest limitations were real gaps: runtime simulation, engine-profile certainty, SFF/SND corpus coverage, unknown binary triage, candidate-only binary mutation, generated-code tuning, and report authority. v7.0 turns those gaps into executable workflows with visible outputs, evidence folders, CSV sheets, commit tokens, parser checks, backups, and rollback records."""
medium,safety-claim,maintenance_core/honesty_claims/honesty_claims_audit.csv,2343,"medium,safety-claim,RELEASE_SUMMARY_v7_0.md,25,""- Verified binary commit/install workflows with hashes, commit tokens, backups, and rollback."""
info,honesty-negative,maintenance_core/honesty_claims/honesty_claims_audit.csv,2344,"info,honesty-negative,RELEASE_SUMMARY_v7_0.md,65,Added explicit commit/install sheets that promote generated SFF/SND candidates into live project files only with enabled rows and confirmation/commit tokens. Backup snapshots and rollback manifests are written first."
info,honesty-negative,maintenance_core/honesty_claims/honesty_claims_audit.csv,2345,"info,honesty-negative,RELEASE_SUMMARY_v7_0.md,77,- MugenForge does not bundle M.U.G.E.N or IKEMEN."
medium,safety-claim,maintenance_core/honesty_claims/honesty_claims_audit.csv,2346,"medium,safety-claim,TEST_RESULTS_v4_0.txt,24,Verified title: MugenForge Studio 4.0 Forge Beyond."
medium,safety-claim,maintenance_core/honesty_claims/honesty_claims_audit.csv,2347,"medium,safety-claim,TEST_RESULTS_v4_0.txt,25,Verified notebook loads with 38 tabs."
medium,safety-claim,maintenance_core/honesty_claims/honesty_claims_audit.csv,2348,"medium,safety-claim,TEST_RESULTS_v4_0.txt,26,Verified Project Home is selected at startup."
medium,safety-claim,maintenance_core/honesty_claims/honesty_claims_audit.csv,2349,"medium,safety-claim,TEST_RESULTS_v4_0.txt,27,Verified Forge Beyond tab exists."
medium,safety-claim,maintenance_core/honesty_claims/honesty_claims_audit.csv,2350,"medium,safety-claim,TEST_RESULTS_v4_0.txt,46,Verified key outputs:"
high,binary-fullness,maintenance_core/honesty_claims/honesty_claims_audit.csv,2351,"high,binary-fullness,TEST_RESULTS_v4_0.txt,61,- README retains full arbitrary mature SFF v2 limitation."
high,binary-fullness,maintenance_core/honesty_claims/honesty_claims_audit.csv,2352,"high,binary-fullness,TEST_RESULTS_v4_0.txt,62,- Forge Beyond capability matrix uses source-based SFF2 language and does not claim byte-perfect arbitrary SFF2 mutation."
info,honesty-negative,maintenance_core/honesty_claims/honesty_claims_audit.csv,2353,"info,honesty-negative,TEST_RESULTS_v4_1.txt,28,- Enabled sound cue apply with backup creation: PASS"
info,honesty-negative,maintenance_core/honesty_claims/honesty_claims_audit.csv,2354,"info,honesty-negative,TEST_RESULTS_v4_1.txt,33,- Backup history indexing: PASS"
info,honesty-negative,maintenance_core/honesty_claims/honesty_claims_audit.csv,2355,"info,honesty-negative,TEST_RESULTS_v4_1.txt,43,- backup rows detected after apply/pass: PASS"
medium,safety-claim,maintenance_core/honesty_claims/honesty_claims_audit.csv,2356,"medium,safety-claim,TEST_RESULTS_v4_1.txt,47,- App title verified: PASS"
high,binary-fullness,maintenance_core/honesty_claims/honesty_claims_audit.csv,2357,"high,binary-fullness,TEST_RESULTS_v4_1.txt,53,- No full arbitrary mature SFF v2 binary editing/rebuilding was added or claimed."
medium,safety-claim,maintenance_core/honesty_claims/honesty_claims_audit.csv,2358,"medium,safety-claim,TEST_RESULTS_v5_0.txt,41,- SFF axis sheet patched-copy apply; patched SFF readback verified updated axis values."
medium,safety-claim,maintenance_core/honesty_claims/honesty_claims_audit.csv,2359,"medium,safety-claim,TEST_RESULTS_v5_0.txt,44,- SND rebuilt-candidate apply; rebuilt SND readback verified sounds present."
info,honesty-negative,maintenance_core/honesty_claims/honesty_claims_audit.csv,2360,"info,honesty-negative,TEST_RESULTS_v5_0.txt,48,Experimental SFF2 PNG-subset fixture"
info,honesty-negative,maintenance_core/honesty_claims/honesty_claims_audit.csv,2361,"info,honesty-negative,TEST_RESULTS_v5_0.txt,52,- Built a MugenForge experimental PNG-table SFF2-style copy."
medium,safety-claim,maintenance_core/honesty_claims/honesty_claims_audit.csv,2362,"medium,safety-claim,TEST_RESULTS_v5_0.txt,60,- Title verified: MugenForge Studio 5.0 Binary Core."
high,binary-fullness,maintenance_core/honesty_claims/honesty_claims_audit.csv,2363,"high,binary-fullness,TEST_RESULTS_v5_0.txt,66,- Full arbitrary mature SFF2 extraction/rebuild/mutation is still not implemented."
info,honesty-negative,maintenance_core/honesty_claims/honesty_claims_audit.csv,2364,"info,honesty-negative,TEST_RESULTS_v5_0.txt,67,- RLE5/RLE8/LZ5 payload decoding is not implemented."
info,honesty-negative,maintenance_core/honesty_claims/honesty_claims_audit.csv,2365,"info,honesty-negative,TEST_RESULTS_v5_0.txt,70,""- Experimental PNG-table SFF2-style copy is for MugenForge pipeline inspection/testing, not a Sprmake2 replacement."""
info,honesty-negative,maintenance_core/honesty_claims/honesty_claims_audit.csv,2366,"info,honesty-negative,TEST_RESULTS_v5_5.txt,12,Built common-table SFF2 candidate from source manifest."
info,honesty-negative,maintenance_core/honesty_claims/honesty_claims_audit.csv,2367,"info,honesty-negative,TEST_RESULTS_v5_5.txt,19,Replaced generated SFF with v5.5 standard SFF2 candidate."
info,honesty-negative,maintenance_core/honesty_claims/honesty_claims_audit.csv,2368,"info,honesty-negative,TEST_RESULTS_v5_5.txt,30,""Created Binary Maturity report, edit workspace, source build candidate path, SND patch sheet, runtime harness, and bundle."""
medium,safety-claim,maintenance_core/honesty_claims/honesty_claims_audit.csv,2369,"medium,safety-claim,TEST_RESULTS_v5_5.txt,41,Title verified."
medium,safety-claim,maintenance_core/honesty_claims/honesty_claims_audit.csv,2370,"medium,safety-claim,TEST_RESULTS_v6_1.txt,34,Verified runtime artifacts"
info,honesty-negative,maintenance_core/honesty_claims/honesty_claims_audit.csv,2371,"info,honesty-negative,TEST_RESULTS_v6_1.txt,56,The launch-script workflow reports a warning when no local engine executable is configured. This is expected: MugenForge does not bundle M.U.G.E.N/IKEMEN and requires the user to point Runtime Lab at their own engine install."
high,binary-fullness,maintenance_core/honesty_claims/honesty_claims_audit.md,13,- Do not claim full arbitrary SFF2 support unless validated against a broad real-world corpus.
high,engine-authority,maintenance_core/honesty_claims/honesty_claims_audit.md,14,- Do not call static reports engine-authoritative unless backed by actual engine evidence.
medium,safety-claim,maintenance_core/honesty_claims/honesty_claims_audit.md,15,- Keep candidate/backup-first wording for binary mutation unless direct install is proven safe.
medium,plugin-execution,maintenance_core/honesty_claims/honesty_claims_audit.md,16,- Do not auto-run untrusted community Python plugins without a genuine sandbox.
info,honesty-negative,maintenance_core/honesty_claims/honesty_claims_audit.md,20,"- **info / honesty-negative** `CHANGELOG.md:14` — - Explicit binary mutation commit/install sheets with candidate verification, commit tokens, rollback snapshots, and restore workflow."
info,honesty-negative,maintenance_core/honesty_claims/honesty_claims_audit.md,21,"- **info / honesty-negative** `CHANGELOG.md:23` — - Binary mutation workflows now include explicit reviewed commits, hashes, backups, and rollback snapshots instead of only candidate generation."
medium,safety-claim,maintenance_core/honesty_claims/honesty_claims_audit.md,22,- **medium / safety-claim** `CHANGELOG.md:26` — ### Verified
info,honesty-negative,maintenance_core/honesty_claims/honesty_claims_audit.md,23,- **info / honesty-negative** `CHANGELOG.md:40` — - MugenForge does not bundle M.U.G.E.N or IKEMEN.
medium,safety-claim,maintenance_core/honesty_claims/honesty_claims_audit.md,24,- **medium / safety-claim** `CHANGELOG.md:44` — - Blind overwrites remain blocked; verified binary writes use backups and explicit opt-in sheets.
info,honesty-negative,maintenance_core/honesty_claims/honesty_claims_audit.md,25,- **info / honesty-negative** `CHANGELOG.md:56` — - Optional State `-2` DisplayToClipboard/AppendToClipboard debug overlay installer with backup.
info,honesty-negative,maintenance_core/honesty_claims/honesty_claims_audit.md,26,"- **info / honesty-negative** `CHANGELOG.md:68` — - The recommended late-project loop is now: generate launcher/test plan, run the external engine, collect logs/evidence, parse logs, and regenerate readiness."
medium,safety-claim,maintenance_core/honesty_claims/honesty_claims_audit.md,27,- **medium / safety-claim** `CHANGELOG.md:70` — ### Verified
info,honesty-negative,maintenance_core/honesty_claims/honesty_claims_audit.md,28,- **info / honesty-negative** `CHANGELOG.md:76` — - Debug overlay backup/append behavior.
high,engine-authority,maintenance_core/honesty_claims/honesty_claims_audit.md,29,- **high / engine-authority** `CHANGELOG.md:86` — - MugenForge does not emulate or simulate M.U.G.E.N/IKEMEN.
high,engine-authority,maintenance_core/honesty_claims/honesty_claims_audit.md,30,"- **high / engine-authority** `CHANGELOG.md:88` — - Runtime readiness is an evidence aid, not engine-authoritative certification."
info,honesty-negative,maintenance_core/honesty_claims/honesty_claims_audit.md,31,- **info / honesty-negative** `CHANGELOG.md:90` — - Binary SFF/SND mutation remains candidate/backup-first and avoids blind overwrites.
info,honesty-negative,maintenance_core/honesty_claims/honesty_claims_audit.md,32,"- **info / honesty-negative** `CHANGELOG.md:97` — - Decoded SFF2 export for PNG, raw indexed/truecolor, RLE8, RLE5, and LZ5 candidate paths."
info,honesty-negative,maintenance_core/honesty_claims/honesty_claims_audit.md,33,- **info / honesty-negative** `CHANGELOG.md:98` — - Standard SFF2 candidate builder from source manifests.
info,honesty-negative,maintenance_core/honesty_claims/honesty_claims_audit.md,34,- **info / honesty-negative** `CHANGELOG.md:112` — - Candidate SFF2/SND outputs still require target-engine testing.
info,honesty-negative,maintenance_core/honesty_claims/honesty_claims_audit.md,35,- **info / honesty-negative** `CHANGELOG.md:122` — - SFF2 edit workspace export/apply for supported axis/source-image edits and rebuilt candidate copies.
medium,safety-claim,maintenance_core/honesty_claims/honesty_claims_audit.md,36,"- **medium / safety-claim** `CHANGELOG.md:134` — - Native SFF2 output is now a controlled table-backed writer path verified by MugenForge parser/export round trips, not the earlier private PNG-subset experiment."
medium,safety-claim,maintenance_core/honesty_claims/honesty_claims_audit.md,37,- **medium / safety-claim** `CHANGELOG.md:137` — ### Verified
info,honesty-negative,maintenance_core/honesty_claims/honesty_claims_audit.md,38,- **info / honesty-negative** `CHANGELOG.md:145` — - SND slot patch sheet export and copied patch candidate apply.
medium,safety-claim,maintenance_core/honesty_claims/honesty_claims_audit.md,39,- **medium / safety-claim** `CHANGELOG.md:152` — - v5.5 codec coverage is verified on controlled fixtures; broad real-world corpus validation remains necessary.
info,honesty-negative,maintenance_core/honesty_claims/honesty_claims_audit.md,40,- **info / honesty-negative** `CHANGELOG.md:154` — - Binary mutation workflows write candidate copies/backups first; blind overwrite is intentionally avoided.
medium,safety-claim,maintenance_core/honesty_claims/honesty_claims_audit.md,41,"- **medium / safety-claim** `CHANGELOG.md:165` — - Supported SFF v1 payload extraction, conservative embedded PNG discovery, and MugenForge PNG-subset SFF2 payload extraction where records can be verified."
info,honesty-negative,maintenance_core/honesty_claims/honesty_claims_audit.md,42,"- **info / honesty-negative** `CHANGELOG.md:169` — - Rebuilt SND candidate generation from WAV payloads, leaving the current SND untouched until manually installed/tested."
medium,safety-claim,maintenance_core/honesty_claims/honesty_claims_audit.md,43,- **medium / safety-claim** `CHANGELOG.md:179` — ### Verified
info,honesty-negative,maintenance_core/honesty_claims/honesty_claims_audit.md,44,- **info / honesty-negative** `CHANGELOG.md:189` — - SND bank sheet export and rebuilt-candidate apply.
high,binary-fullness,maintenance_core/honesty_claims/honesty_claims_audit.md,45,- **high / binary-fullness** `CHANGELOG.md:196` — - Full arbitrary mature SFF v2 extraction/rebuild/mutation is still not implemented.
info,honesty-negative,maintenance_core/honesty_claims/honesty_claims_audit.md,46,- **info / honesty-negative** `CHANGELOG.md:198` — - SFF axis apply creates patched copies; it does not blindly overwrite the original SFF.
info,honesty-negative,maintenance_core/honesty_claims/honesty_claims_audit.md,47,- **info / honesty-negative** `CHANGELOG.md:200` — - SFF2 release rebuild remains source/Sprmake2 based; the experimental MugenForge PNG-subset copy is for pipeline testing only.
medium,safety-claim,maintenance_core/honesty_claims/honesty_claims_audit.md,48,- **medium / safety-claim** `CHANGELOG.md:224` — ### Verified
info,honesty-negative,maintenance_core/honesty_claims/honesty_claims_audit.md,49,- **info / honesty-negative** `CHANGELOG.md:231` — - Move timeline sheet export and apply with AIR backup plus PlaySnd insertion.
info,honesty-negative,maintenance_core/honesty_claims/honesty_claims_audit.md,50,- **info / honesty-negative** `CHANGELOG.md:232` — - CLSN track sheet export and apply with AIR backup.
info,honesty-negative,maintenance_core/honesty_claims/honesty_claims_audit.md,51,- **info / honesty-negative** `CHANGELOG.md:233` — - HitDef track sheet export and apply with CNS backup.
high,binary-fullness,maintenance_core/honesty_claims/honesty_claims_audit.md,52,- **high / binary-fullness** `CHANGELOG.md:243` — - Full mature arbitrary SFF v2 extraction/rebuild/mutation is still not implemented.
high,engine-authority,maintenance_core/honesty_claims/honesty_claims_audit.md,53,"- **high / engine-authority** `CHANGELOG.md:246` — - Timeline, graph, palette, stage, frame-data, and dashboard reports are source-analysis aids, not engine-authoritative runtime telemetry."
info,honesty-negative,maintenance_core/honesty_claims/honesty_claims_audit.md,54,- **info / honesty-negative** `CHANGELOG.md:247` — - Sound cue insertion edits source code only; it does not mutate SND binary banks.
info,honesty-negative,maintenance_core/honesty_claims/honesty_claims_audit.md,55,- **info / honesty-negative** `CHANGELOG.md:248` — - Palette Studio writes ACT variants but does not patch SFF palette tables.
high,engine-authority,maintenance_core/honesty_claims/honesty_claims_audit.md,56,"- **high / engine-authority** `CHANGELOG.md:249` — - Stage Live Preview is approximate and does not emulate M.U.G.E.N rendering, parallax, or BGCtrl timing authoritatively."
info,honesty-negative,maintenance_core/honesty_claims/honesty_claims_audit.md,57,"- **info / honesty-negative** `CHANGELOG.md:258` — - One-Click Polish Pass for dashboarding, sheet validation, sound cue sheet export, timeline preview, state graph artifacts, template validation, stage preview, backup history, and report bundling."
medium,plugin-execution,maintenance_core/honesty_claims/honesty_claims_audit.md,58,- **medium / plugin-execution** `CHANGELOG.md:264` — - Data-only template/plugin validation and import workflow.
info,honesty-negative,maintenance_core/honesty_claims/honesty_claims_audit.md,59,"- **info / honesty-negative** `CHANGELOG.md:266` — - Backup history browser, individual backup restore helper, and pre-restore guard copies."
medium,safety-claim,maintenance_core/honesty_claims/honesty_claims_audit.md,60,- **medium / safety-claim** `CHANGELOG.md:275` — ### Verified
info,honesty-negative,maintenance_core/honesty_claims/honesty_claims_audit.md,61,- **info / honesty-negative** `CHANGELOG.md:283` — - Editable sound cue sheet export/apply with backup creation.
info,honesty-negative,maintenance_core/honesty_claims/honesty_claims_audit.md,62,- **info / honesty-negative** `CHANGELOG.md:288` — - Backup history indexing.
high,binary-fullness,maintenance_core/honesty_claims/honesty_claims_audit.md,63,- **high / binary-fullness** `CHANGELOG.md:295` — - Full mature arbitrary SFF v2 extraction/rebuild is not implemented.
high,engine-authority,maintenance_core/honesty_claims/honesty_claims_audit.md,64,"- **high / engine-authority** `CHANGELOG.md:299` — - Balance/frame-data/graph/dashboard reports are estimates/source-analysis aids, not engine-authoritative runtime telemetry."
info,honesty-negative,maintenance_core/honesty_claims/honesty_claims_audit.md,65,- **info / honesty-negative** `CHANGELOG.md:300` — - Plugin/template support remains data/metadata based and does not run arbitrary downloaded Python code.
medium,plugin-execution,maintenance_core/honesty_claims/honesty_claims_audit.md,66,- **medium / plugin-execution** `CHANGELOG.md:316` — - Metadata-only template/plugin foundation.
medium,safety-claim,maintenance_core/honesty_claims/honesty_claims_audit.md,67,- **medium / safety-claim** `CHANGELOG.md:328` — ### Verified
high,binary-fullness,maintenance_core/honesty_claims/honesty_claims_audit.md,68,- **high / binary-fullness** `CHANGELOG.md:344` — - Full mature arbitrary SFF v2 extraction/rebuild is not implemented.
high,engine-authority,maintenance_core/honesty_claims/honesty_claims_audit.md,69,"- **high / engine-authority** `CHANGELOG.md:348` — - Balance/frame-data/graph reports are estimates/source-analysis aids, not engine-authoritative runtime telemetry."
info,honesty-negative,maintenance_core/honesty_claims/honesty_claims_audit.md,70,- **info / honesty-negative** `CHANGELOG.md:349` — - Plugin/template support remains metadata/preset based and does not run arbitrary downloaded Python code.
medium,safety-claim,maintenance_core/honesty_claims/honesty_claims_audit.md,71,- **medium / safety-claim** `CHANGELOG.md:371` — - Added read-only SFF axis reference display where safe inspection is supported.
high,binary-fullness,maintenance_core/honesty_claims/honesty_claims_audit.md,72,- **high / binary-fullness** `CHANGELOG.md:372` — - Kept SFF2 binary axis mutation honest: arbitrary SFF2 binary axis patching is not implemented.
medium,safety-claim,maintenance_core/honesty_claims/honesty_claims_audit.md,73,"- **medium / safety-claim** `CHANGELOG.md:377` — - Added StateDef discovery, PlaySnd cue insertion by AnimElem, and backup-safe code mutation."
medium,safety-claim,maintenance_core/honesty_claims/honesty_claims_audit.md,74,- **medium / safety-claim** `CHANGELOG.md:384` — - Added optional append-to-project behavior using existing backup-safe Move Wizard paths.
medium,safety-claim,maintenance_core/honesty_claims/honesty_claims_audit.md,75,- **medium / safety-claim** `CHANGELOG.md:395` — - Added one-click install for the existing safe debug overlay preset plus Visual Forge docs/config.
medium,plugin-execution,maintenance_core/honesty_claims/honesty_claims_audit.md,76,- **medium / plugin-execution** `CHANGELOG.md:397` — ### Plugin / Template Architecture
medium,plugin-execution,maintenance_core/honesty_claims/honesty_claims_audit.md,77,- **medium / plugin-execution** `CHANGELOG.md:400` — - Added data-only no-code template manifest and plugin manifest scaffolds.
medium,plugin-execution,maintenance_core/honesty_claims/honesty_claims_audit.md,78,- **medium / plugin-execution** `CHANGELOG.md:401` — - Explicitly kept arbitrary third-party Python plugin execution disabled.
high,binary-fullness,maintenance_core/honesty_claims/honesty_claims_audit.md,79,- **high / binary-fullness** `CHANGELOG.md:406` — - Source-based Sprmake2 handoff remains the supported SFF2 path; full arbitrary SFF2 binary rebuilding is still not claimed.
info,honesty-negative,maintenance_core/honesty_claims/honesty_claims_audit.md,80,- **info / honesty-negative** `CHANGELOG.md:408` — ### Central Backup / Undo / Error-Log System
medium,safety-claim,maintenance_core/honesty_claims/honesty_claims_audit.md,81,- **medium / safety-claim** `CHANGELOG.md:421` — ### Verified
medium,plugin-execution,maintenance_core/honesty_claims/honesty_claims_audit.md,82,- **medium / plugin-execution** `CHANGELOG.md:432` — - Template/plugin scaffold generation.
info,honesty-negative,maintenance_core/honesty_claims/honesty_claims_audit.md,83,- **info / honesty-negative** `CHANGELOG.md:433` — - Backup snapshot generation.
high,binary-fullness,maintenance_core/honesty_claims/honesty_claims_audit.md,84,- **high / binary-fullness** `CHANGELOG.md:438` — - Full mature arbitrary SFF v2 extraction/rebuild is not implemented.
medium,safety-claim,maintenance_core/honesty_claims/honesty_claims_audit.md,85,- **medium / safety-claim** `CHANGELOG.md:439` — - SFF2 Bridge creates source projects for external Sprmake2 use; it is not byte-perfect SFF2 binary mutation.
high,binary-fullness,maintenance_core/honesty_claims/honesty_claims_audit.md,86,- **high / binary-fullness** `CHANGELOG.md:440` — - Mature existing-SFF/SND binary mutation remains conservative.
high,engine-authority,maintenance_core/honesty_claims/honesty_claims_audit.md,87,"- **high / engine-authority** `CHANGELOG.md:442` — - Visual timeline and balance/frame reports are source-derived estimates, not engine-authoritative measurements."
info,honesty-negative,maintenance_core/honesty_claims/honesty_claims_audit.md,88,- **info / honesty-negative** `CHANGELOG.md:451` — - Embedded PNG/PCX/WAV scanning from unsupported or packed projects.
medium,safety-claim,maintenance_core/honesty_claims/honesty_claims_audit.md,89,- **medium / safety-claim** `CHANGELOG.md:468` — ### Verified
high,binary-fullness,maintenance_core/honesty_claims/honesty_claims_audit.md,90,- **high / binary-fullness** `CHANGELOG.md:481` — - Full mature arbitrary SFF v2 extraction/rebuild is not implemented.
medium,safety-claim,maintenance_core/honesty_claims/honesty_claims_audit.md,91,- **medium / safety-claim** `CHANGELOG.md:482` — - SFF2 Bridge creates source projects for external Sprmake2 use; it is not byte-perfect SFF2 binary mutation.
medium,safety-claim,maintenance_core/honesty_claims/honesty_claims_audit.md,92,- **medium / safety-claim** `CHANGELOG.md:512` — ### Verified
high,binary-fullness,maintenance_core/honesty_claims/honesty_claims_audit.md,93,- **high / binary-fullness** `CHANGELOG.md:524` — - Full mature SFF v2 extraction/rebuild is not implemented.
high,binary-fullness,maintenance_core/honesty_claims/honesty_claims_audit.md,94,- **high / binary-fullness** `CHANGELOG.md:525` — - Mature existing-SFF/SND binary mutation remains conservative.
medium,safety-claim,maintenance_core/honesty_claims/honesty_claims_audit.md,95,- **medium / safety-claim** `CHANGELOG.md:535` — ### Verified
high,binary-fullness,maintenance_core/honesty_claims/honesty_claims_audit.md,96,- **high / binary-fullness** `CHANGELOG.md:578` — - Full mature SFF v2 extraction/rebuild is not implemented.
high,binary-fullness,maintenance_core/honesty_claims/honesty_claims_audit.md,97,- **high / binary-fullness** `CHANGELOG.md:617` — - Full SFF v2 extraction/rebuild remains incomplete.
high,binary-fullness,maintenance_core/honesty_claims/honesty_claims_audit.md,98,- **high / binary-fullness** `CHANGELOG.md:618` — - Mature existing-SFF/SND binary mutation remains conservative.
info,honesty-negative,maintenance_core/honesty_claims/honesty_claims_audit.md,99,- **info / honesty-negative** `handoff_core/HANDOFF_CORE_START_HERE.md:13` — This system does not replace real tests or engine playtesting. It makes continuity safer and easier.
medium,safety-claim,maintenance_core/honesty_claims/honesty_claims_audit.md,100,- **medium / safety-claim** `handoff_core/MUGENFORGE_DEVELOPMENT_HANDOFF_v7_5.md:29` — ## Safe run/test commands
medium,fighter-factory-reference,maintenance_core/honesty_claims/honesty_claims_audit.md,101,- **medium / fighter-factory-reference** `handoff_core/NEXT_CHAT_PROMPT_v7_5.md:15` — - Clean-room only; do not use Fighter Factory / VirtualTek source code or assets.
info,honesty-negative,maintenance_core/honesty_claims/honesty_claims_audit.md,102,- **info / honesty-negative** `handoff_core/NEXT_CHAT_PROMPT_v7_5.md:16` — - Keep binary mutation backup/candidate-first and refuse unsafe unknown layouts.
info,honesty-negative,maintenance_core/honesty_claims/honesty_claims_audit.md,103,- **info / honesty-negative** `handoff_core/NEXT_CHAT_PROMPT_v7_5.md:17` — - External engine evidence is required for final runtime confidence.
high,engine-authority,maintenance_core/honesty_claims/honesty_claims_audit.md,104,"- **high / engine-authority** `handoff_core/NEXT_CHAT_PROMPT_v7_5.md:18` — - Static/source simulation reports are preflight aids, not engine-authoritative results."
medium,fighter-factory-reference,maintenance_core/honesty_claims/honesty_claims_audit.md,105,"- **medium / fighter-factory-reference** `maintenance_core/HANDOFF_FOR_NEXT_CHAT.md:14` — - Clean-room only. Do not use or claim Fighter Factory / VirtuallTek source, assets, or proprietary logic."
high,engine-authority,maintenance_core/honesty_claims/honesty_claims_audit.md,106,- **high / engine-authority** `maintenance_core/HANDOFF_FOR_NEXT_CHAT.md:16` — - Do not claim static reports are engine-authoritative unless backed by external engine evidence.
medium,safety-claim,maintenance_core/honesty_claims/honesty_claims_audit.md,107,- **medium / safety-claim** `maintenance_core/HANDOFF_FOR_NEXT_CHAT.md:17` — - Do not blindly overwrite user binaries; preserve candidate/backup/verified install workflows.
medium,plugin-execution,maintenance_core/honesty_claims/honesty_claims_audit.md,108,- **medium / plugin-execution** `maintenance_core/HANDOFF_FOR_NEXT_CHAT.md:18` — - Do not auto-run untrusted third-party Python plugins.
info,honesty-negative,maintenance_core/honesty_claims/honesty_claims_audit.md,109,"- **info / honesty-negative** `maintenance_core/HANDOFF_FOR_NEXT_CHAT.md:34` — - v3.5 Visual Forge: beginner home, timeline, axis, sound cue, migration, backup logs."
info,honesty-negative,maintenance_core/honesty_claims/honesty_claims_audit.md,110,"- **info / honesty-negative** `maintenance_core/HANDOFF_FOR_NEXT_CHAT.md:36` — - v4.1 Forge Polish: validation previews, sound cue apply, sprite-backed preview, backup history."
info,honesty-negative,maintenance_core/honesty_claims/honesty_claims_audit.md,111,- **info / honesty-negative** `maintenance_core/HANDOFF_FOR_NEXT_CHAT.md:38` — - v5.0 Binary Core: conservative SFF/SND binary inspection and candidate workflows.
info,honesty-negative,maintenance_core/honesty_claims/honesty_claims_audit.md,112,"- **info / honesty-negative** `maintenance_core/HANDOFF_FOR_NEXT_CHAT.md:40` — - v6.1 Runtime Lab: external engine launchers, logs, evidence, readiness reports."
medium,safety-claim,maintenance_core/honesty_claims/honesty_claims_audit.md,113,"- **medium / safety-claim** `maintenance_core/HANDOFF_FOR_NEXT_CHAT.md:41` — - v7.0 Evidence Core line: gap closure, authority/evidence labs, source runtime modeling, corpus validation, verified installs."
info,honesty-negative,maintenance_core/honesty_claims/honesty_claims_audit.md,114,"- **info / honesty-negative** `maintenance_core/honesty_claims/honesty_claims_audit.csv:2` — info,honesty-negative,CHANGELOG.md,14,""- Explicit binary mutation commit/install sheets with candidate verification, commit tokens, rollback snapshots, and restore workflow."""
info,honesty-negative,maintenance_core/honesty_claims/honesty_claims_audit.md,115,"- **info / honesty-negative** `maintenance_core/honesty_claims/honesty_claims_audit.csv:3` — info,honesty-negative,CHANGELOG.md,23,""- Binary mutation workflows now include explicit reviewed commits, hashes, backups, and rollback snapshots instead of only candidate generation."""
medium,safety-claim,maintenance_core/honesty_claims/honesty_claims_audit.md,116,"- **medium / safety-claim** `maintenance_core/honesty_claims/honesty_claims_audit.csv:4` — medium,safety-claim,CHANGELOG.md,26,### Verified"
info,honesty-negative,maintenance_core/honesty_claims/honesty_claims_audit.md,117,"- **info / honesty-negative** `maintenance_core/honesty_claims/honesty_claims_audit.csv:5` — info,honesty-negative,CHANGELOG.md,40,- MugenForge does not bundle M.U.G.E.N or IKEMEN."
medium,safety-claim,maintenance_core/honesty_claims/honesty_claims_audit.md,118,"- **medium / safety-claim** `maintenance_core/honesty_claims/honesty_claims_audit.csv:6` — medium,safety-claim,CHANGELOG.md,44,- Blind overwrites remain blocked; verified binary writes use backups and explicit opt-in sheets."
info,honesty-negative,maintenance_core/honesty_claims/honesty_claims_audit.md,119,"- **info / honesty-negative** `maintenance_core/honesty_claims/honesty_claims_audit.csv:7` — info,honesty-negative,CHANGELOG.md,56,- Optional State `-2` DisplayToClipboard/AppendToClipboard debug overlay installer with backup."
medium,safety-claim,maintenance_core/MAINTAINER_START_HERE.md,31,5. Keep binary claims tied to verified parser/rebuild paths and runtime claims tied to external evidence.
medium,plugin-execution,maintenance_core/maintenance_backlog.md,22,- Convert manual regression checklists into scenario files that Runtime/Evidence Core can execute or track.
medium,safety-claim,maintenance_core/module_catalog/module_api_catalog.csv,631,"mugenforge/creator_suite_visual.py,function,write_artist_handoff_pack,write_artist_handoff_pack(root: Path) -> CreatorSuiteResult,924,Create a beginner-safe art/sound handoff folder for replacing assets."
info,honesty-negative,maintenance_core/module_catalog/module_api_catalog.csv,716,"mugenforge/evidence_core.py,function,probe_engine_profile,probe_engine_profile(root: Path) -> EvidenceCoreResult,1148,Validate and run a dry profile probe. This does not launch a match unless the profile arguments do so."
info,honesty-negative,maintenance_core/module_catalog/module_api_catalog.csv,738,"mugenforge/evidence_core.py,function,ingest_engine_evidence,""ingest_engine_evidence(root: Path, folder: Optional[Path]=None) -> EvidenceCoreResult"",1383,UI compatibility alias for ingesting external engine evidence."
info,honesty-negative,maintenance_core/module_catalog/module_api_catalog.csv,1518,"mugenforge/sff2_codec.py,function,_try_decode_rle5_indices,""_try_decode_rle5_indices(payload: bytes, width: int, height: int) -> Tuple[bytes, str]"",468,Experimental RLE5 decoder."
info,honesty-negative,maintenance_core/module_catalog/module_api_catalog.csv,1520,"mugenforge/sff2_codec.py,function,_try_decode_lz5_indices,""_try_decode_lz5_indices(payload: bytes, width: int, height: int) -> Tuple[bytes, str]"",514,Experimental LZ5 probe decoder."
high,binary-fullness,maintenance_core/module_catalog/module_api_catalog.csv,1606,"mugenforge/sff/sff_v2.py,function,_mf_parse_sff2_standard,""_mf_parse_sff2_standard(data: bytes) -> Tuple[Dict[str, Any], List[Sff2StandardRecord], List[Sff2PaletteRecord], List[str]]"",121,"
high,binary-fullness,maintenance_core/module_catalog/module_api_catalog.csv,1613,"mugenforge/sff/sff_v2.py,function,patch_sff2_axis_copy,""patch_sff2_axis_copy(sff_path: Path, axis_rows: Iterable[Dict[str, Any]], out_path: Path) -> SffInfo"",396,"
high,binary-fullness,maintenance_core/module_catalog/module_api_catalog.csv,1620,"mugenforge/sff/sff_v2.py,function,build_sff2_standard_from_records,""build_sff2_standard_from_records(records: Sequence[Dict[str, Any]], out_path: Path, version_21: bool=True, default_strategy: str='png') -> Sff2StandardInfo"",721,"
medium,safety-claim,maintenance_core/module_catalog/module_api_catalog.json,7116,"""doc"": ""Create a beginner-safe art/sound handoff folder for replacing assets."""
info,honesty-negative,maintenance_core/module_catalog/module_api_catalog.json,7796,"""doc"": ""Validate and run a dry profile probe. This does not launch a match unless the profile arguments do so."""
info,honesty-negative,maintenance_core/module_catalog/module_api_catalog.json,7972,"""doc"": ""UI compatibility alias for ingesting external engine evidence."""
info,honesty-negative,maintenance_core/module_catalog/module_api_catalog.json,14212,"""doc"": ""Experimental RLE5 decoder."""
info,honesty-negative,maintenance_core/module_catalog/module_api_catalog.json,14228,"""doc"": ""Experimental LZ5 probe decoder."""
high,binary-fullness,maintenance_core/module_catalog/module_api_catalog.json,14914,"""signature"": ""_mf_parse_sff2_standard(data: bytes) -> Tuple[Dict[str, Any], List[Sff2StandardRecord], List[Sff2PaletteRecord], List[str]]"","
high,binary-fullness,maintenance_core/module_catalog/module_api_catalog.json,14970,"""signature"": ""patch_sff2_axis_copy(sff_path: Path, axis_rows: Iterable[Dict[str, Any]], out_path: Path) -> SffInfo"","
high,binary-fullness,maintenance_core/module_catalog/module_api_catalog.json,15026,"""signature"": ""build_sff2_standard_from_records(records: Sequence[Dict[str, Any]], out_path: Path, version_21: bool=True, default_strategy: str='png') -> Sff2StandardInfo"","
medium,fighter-factory-reference,mugenforge/air_tools.py,98,"issues.append(f'Box {i} {b.kind}: coordinates appear inverted; Fighter Factory-style boxes usually use x1,y1,x2,y2 ordering.')"
info,honesty-negative,mugenforge/air_tools.py,107,This intentionally does not rewrite ClsnDefault blocks. It only changes explicit per-frame CLSN
info,honesty-negative,mugenforge/artifact_io.py,104,backup = path.with_name(f'{path.name}.bak_{tag}_{timestamp()}')
info,honesty-negative,mugenforge/artifact_io.py,105,"shutil.copy2(path, backup)"
info,honesty-negative,mugenforge/artifact_io.py,106,return backup
info,honesty-negative,mugenforge/authority_core.py,40,"WARN_RE = re.compile(r'\b(warn(?:ing)?|missing|not found|invalid|cannot|could not|unable|unsupported)\b', re.I)"
info,honesty-negative,mugenforge/authority_core.py,60,"WARN_RE = re.compile(r'\b(warn(?:ing)?|missing|not found|invalid|cannot|could not|unable|unsupported)\b', re.I)"
info,honesty-negative,mugenforge/authority_core.py,180,- External engine scenario runner with captured stdout/stderr/result JSON.
medium,safety-claim,mugenforge/authority_core.py,185,"- Verified binary candidate install workflow with hashes, backups, and parser checks."
info,honesty-negative,mugenforge/authority_core.py,257,"add('error', 'engine_executable', f'configured path does not exist: {exe}')"
info,honesty-negative,mugenforge/authority_core.py,262,"add('warning', 'working_directory', f'configured working directory does not exist: {cwd}')"
info,honesty-negative,mugenforge/authority_core.py,348,result.add_note('Dry-run command generated; no external engine process was launched.')
info,honesty-negative,mugenforge/authority_core.py,356,result.add_warning(f'Engine executable does not exist: {cmd[0]}')
info,honesty-negative,mugenforge/authority_core.py,370,result.add_note('External engine process exited with code 0. This run is captured as runtime evidence.')
info,honesty-negative,mugenforge/authority_core.py,372,result.add_warning(f'External engine process exited with code {proc.returncode}.')
info,honesty-negative,mugenforge/authority_core.py,376,result.add_warning(f'External engine process timed out after {timeout} seconds.')
info,honesty-negative,mugenforge/authority_core.py,380,result.add_warning(f'External engine process failed: {exc}')
info,honesty-negative,mugenforge/authority_core.py,513,result.add_warning(f'Corpus folder does not exist: {corpus}')
info,honesty-negative,mugenforge/authority_core.py,570,"if status in {'parse_failed', 'unknown'} or 'unsupported' in warnings or 'invalid' in warnings:"
medium,safety-claim,mugenforge/authority_core.py,594,result = AuthorityCoreResult('Verified Binary Install Sheet')
medium,safety-claim,mugenforge/authority_core.py,614,status = 'verified' if info.variant != 'unknown' else 'needs_review'
medium,safety-claim,mugenforge/authority_core.py,618,status = 'verified' if info.sounds or info.has_signature else 'needs_review'
info,honesty-negative,mugenforge/authority_core.py,626,"'install_mode': 'backup_then_replace', 'notes': 'Set enabled=yes only after verifying this candidate in your target engine.'"
medium,safety-claim,mugenforge/authority_core.py,637,result = AuthorityCoreResult('Verified Binary Candidate Installer')
info,honesty-negative,mugenforge/authority_core.py,651,result.add_warning(f'Candidate missing: {cand}')
info,honesty-negative,mugenforge/authority_core.py,664,result.add_warning(f'Unsupported install kind: {kind}')
info,honesty-negative,mugenforge/authority_core.py,670,backup = _backup_file(target) if target.exists() else None
info,honesty-negative,mugenforge/authority_core.py,673,"installed.append({'candidate': str(cand), 'target': str(target), 'candidate_sha256': actual_hash, 'backup': str(backup or '')})"
medium,safety-claim,mugenforge/authority_core.py,675,result.add_note(f'Installed {len(installed)} verified candidate(s).')
info,honesty-negative,mugenforge/authority_core.py,875,"lines.append(f'- External engine evidence present: {""yes"" if evidence_backed else ""no""}')"
info,honesty-negative,mugenforge/authority_core.py,931,"result.merge(run_authoritative_engine_scenario(root, dry_run=False), 'external engine auto-run')"
medium,plugin-execution,mugenforge/authority_core.py,932,"result.merge(parse_engine_run_results(root), 'engine run parser after auto-run')"
medium,plugin-execution,mugenforge/authority_core.py,933,"result.merge(write_authority_score(root), 'authority score after auto-run')"
info,honesty-negative,mugenforge/authority_core.py,935,result.add_warning(f'external engine auto-run failed: {exc}')
high,engine-authority,mugenforge/authority_lab.py,213,"""previous_limitation"": ""Editor-side reports were not engine-authoritative."","
high,engine-authority,mugenforge/authority_lab.py,223,"""previous_limitation"": ""MugenForge did not simulate runtime behavior."","
info,honesty-negative,mugenforge/authority_lab.py,238,"""previous_limitation"": ""Binary mutation was candidate/backup-first only."","
medium,safety-claim,mugenforge/authority_lab.py,239,"""v7_feature"": ""Verified Binary Commit Sheet promotes chosen candidate SFF/SND files to live DEF-referenced files after SHA verification and automatic backup."","
info,honesty-negative,mugenforge/authority_lab.py,260,"""No editor can make subjective move feel, balance, or player-fun decisions without playtesting. Authority Lab narrows the technical gaps by collecting evidence, verifying external engine setup, and making risky binary changes deliberate and reversible."","
info,honesty-negative,mugenforge/authority_lab.py,356,"""This verifies local engine configuration and optional startup behavior. It does not certify engine-specific command-line semantics for every build."","
medium,safety-claim,mugenforge/authority_lab.py,622,# Verified binary commit workflows
medium,safety-claim,mugenforge/authority_lab.py,650,"res = AuthorityLabResult(""Verified Binary Commit Sheet"")"
info,honesty-negative,mugenforge/authority_lab.py,667,"""notes"": ""Set enabled=yes only after testing this candidate in your target engine."","
medium,safety-claim,mugenforge/authority_lab.py,673,"""# Verified Binary Commit Sheet"","
info,honesty-negative,mugenforge/authority_lab.py,675,"""This sheet promotes a tested candidate `.sff` or `.snd` into the live DEF-referenced file with a backup and SHA-256 verification."","
info,honesty-negative,mugenforge/authority_lab.py,677,"""1. Test the candidate in your target engine."","
info,honesty-negative,mugenforge/authority_lab.py,679,"""3. Set `enabled=yes` for the exact candidate to promote."","
info,honesty-negative,mugenforge/authority_lab.py,683,"""Blind overwrites are intentionally blocked. The app verifies the candidate hash before copying and writes a backup of the live file first."","
info,honesty-negative,mugenforge/authority_lab.py,685,"res.add_note(f""Exported {len(rows)} candidate row(s)."")"
medium,safety-claim,mugenforge/authority_lab.py,691,"res = AuthorityLabResult(""Apply Verified Binary Commit Sheet"")"
medium,safety-claim,mugenforge/authority_lab.py,697,"res.add_warning(""Verified binary commit sheet not found."")"
info,honesty-negative,mugenforge/authority_lab.py,706,"res.add_warning(f""Skipping unsupported kind: {kind}"")"
info,honesty-negative,mugenforge/authority_lab.py,712,"res.add_warning(f""Candidate does not exist: {cand}"")"
info,honesty-negative,mugenforge/authority_lab.py,717,"res.add_warning(f""Candidate SHA mismatch for {cand.name}; expected {expected}, got {actual}. Row skipped."")"
info,honesty-negative,mugenforge/authority_lab.py,724,"backup = backup_dir / f""{Path(live).name}.bak_authority_{_now()}"""
info,honesty-negative,mugenforge/authority_lab.py,725,"shutil.copy2(live, backup)"
info,honesty-negative,mugenforge/authority_lab.py,727,"res.add_created(root, backup)"
info,honesty-negative,mugenforge/authority_lab.py,732,"""candidate"": _rel(root, cand),"
info,honesty-negative,mugenforge/authority_lab.py,735,"""backup"": _rel(root, backup),"
medium,safety-claim,mugenforge/authority_lab.py,745,"res.add_note(f""Promoted {len(commit_log)} verified binary candidate(s) into live files."")"
info,honesty-negative,mugenforge/authority_lab.py,802,"""This workbench does not pretend generated gameplay code is finished. It turns generated scaffolding into testable tuning sheets."","
high,engine-authority,mugenforge/authority_lab.py,903,"""Authority Gate is evidence-backed when it includes real external engine logs/probe output. Without real engine evidence, it remains a strong preflight check rather than runtime certification."","
medium,safety-claim,mugenforge/automation_bank/base.py,262,"extras.append(f'''[State {state_no}, Beginner-safe invuln window]"
info,honesty-negative,mugenforge/automation_bank/base.py,353,backup = _backup_path(path)
info,honesty-negative,mugenforge/automation_bank/base.py,354,"backup.write_text(old, encoding=""utf-8"", errors=""replace"")"
medium,safety-claim,mugenforge/automation_bank/builders_classic.py,113,"[State {state_no}, Safe recovery]"
medium,safety-claim,mugenforge/automation_bank/builders_classic.py,319,; This is intentionally conservative. It gives you safe examples rather than taking over your character.
info,honesty-negative,mugenforge/automation_bank/builders_labs.py,35,5. Make a backup before generated-code or asset rebuild passes.
medium,safety-claim,mugenforge/automation_bank/builders_labs.py,53,notes=['Safe for beginners: this preset writes documentation/checklists only.']
info,honesty-negative,mugenforge/automation_bank/builders_labs.py,137,1. Make a backup or restore bundle before heavy edits.
info,honesty-negative,mugenforge/automation_bank/builders_labs.py,140,4. Use Rescue Lab only when packed assets or unsupported binaries block progress.
medium,safety-claim,mugenforge/automation_bank/builders_labs.py,152,Recovery tools are practical creator helpers. They do not claim byte-perfect SFF v2 mutation or ownership/permission over recovered assets.
medium,safety-claim,mugenforge/automation_bank/builders_labs.py,154,"return FeaturePackage(feature_id=feature_id, name=preset.name, extra_files={f'docs/RESCUE_LAB_{stem}.md': body}, summary=f'Writes Rescue/Factory Complete guide: {preset.name}.', notes=['Documentation-only preset; safe for beginners.'])"
info,honesty-negative,mugenforge/automation_bank/builders_labs.py,219,This doc preset writes files only. It does not mutate gameplay code.
medium,safety-claim,mugenforge/automation_bank/builders_labs.py,221,"return FeaturePackage(feature_id=feature_id, name=preset.name, extra_files={f'creator_hub/feature_guides/{stem}.md': body}, summary=f'Writes Creator Hub guide: {preset.name}.', notes=['Safe documentation preset.'])"
info,honesty-negative,mugenforge/automation_bank/builders_labs.py,316,cns = '''; Creator Hub release-candidate overlay
medium,safety-claim,mugenforge/automation_bank/builders_moves.py,48,"safe = feature_id.replace(""/"", ""_"")"
medium,safety-claim,mugenforge/automation_bank/builders_moves.py,49,"return {f""docs/move_automation/{safe}.md"": _route_doc(preset.name, steps, notes)}"
medium,safety-claim,mugenforge/automation_bank/builders_v22.py,104,; These are safe examples. Move/copy the PlaySnd controllers into your actual intro/taunt/special/super/win/lose states.
medium,safety-claim,mugenforge/automation_bank/builders_v23_v25.py,36,"- Is the move safe, unsafe, armored, projectile-based, or throw-based?"
medium,safety-claim,mugenforge/automation_bank/builders_v23_v25.py,74,"summary = ""Adds beginner-safe placeholders for many common required/round-flow actions. Replace art later."""
medium,safety-claim,mugenforge/automation_bank/builders_v23_v25.py,108,"notes: List[str] = [""Generated as a beginner-readable system skeleton. It is safe to install, but final tuning still needs in-game testing.""]"
medium,safety-claim,mugenforge/automation_bank/builders_v23_v25.py,211,"""guardstun_tuning_bank"": """"""; HitDef guardtime examples:\n; unsafe light guard.hittime = 8\n; safe special guard.hittime = 16\n; plus-frame super guard.hittime = 24\n[State -2, FF+ guardstun note]\ntype = Null\ntrigger1 = 1"""""","
info,honesty-negative,mugenforge/automation_bank/builders_v23_v25.py,215,"""training_hitbox_toggle"": """"""[State -2, FF+ CLSN note]\ntype = DisplayToClipboard\ntrigger1 = 0 ; set to 1 while tuning CLSN in-game\ntext = \""Use MugenForge CLSN Editor for visual hitbox edits, then save AIR with backup.\""\nignorehitpause = 1"""""","
medium,safety-claim,mugenforge/automation_bank/builders_v23_v25.py,312,"- Is it fast, slow, safe, risky, flashy, simple, or boss-level?"
medium,safety-claim,mugenforge/automation_bank/builders_v23_v25.py,337,"safe = re.sub(r""[^A-Za-z0-9_\-]+"", ""_"", feature_id).upper()"
medium,safety-claim,mugenforge/automation_bank/builders_v23_v25.py,338,"rel = f""docs/FACTORY_MAX_{safe}.md"""
medium,safety-claim,mugenforge/automation_bank/builders_v23_v25.py,399,"notes=[""This is a safe starter hook. Use the visual editors/reports to tune it instead of hand-coding from scratch.""],"
info,honesty-negative,mugenforge/automation_bank/builders_v26.py,45,- Backup snapshots before risky edits.
medium,safety-claim,mugenforge/automation_bank/builders_v26.py,54,"safe = re.sub(r""[^A-Za-z0-9_\-]+"", ""_"", feature_id).upper()"
medium,safety-claim,mugenforge/automation_bank/builders_v26.py,58,"extra_files={f""docs/FACTORY_ULTRA_{safe}.md"": _v26_doc_text(feature_id, preset.name)},"
medium,safety-claim,mugenforge/automation_bank/builders_v26.py,121,"notes=[""Safe starter hook. Use the Creator Cockpit, Task Board, and reports to tune without hand-coding.""],"
medium,safety-claim,mugenforge/automation_bank/builders_v26.py,132,"""v26_safe_fireball"": _spec(""Safe Test Fireball"", ""v26_safe_fireball"", ""~D, DF, F, x"", 1440, move_type=""projectile"", damage=48, frame_count=7, hit_frame=4, hit_box=(22, -72, 80, -32), sound=(5, 3), ground_velocity=(-3, 0)),"
medium,safety-claim,mugenforge/automation_bank/builders_v26.py,142,"safe = re.sub(r""[^A-Za-z0-9_\-]+"", ""_"", feature_id).upper()"
medium,safety-claim,mugenforge/automation_bank/builders_v26.py,143,"rel = f""docs/CREATOR_AUTOPILOT_{safe}.md"""
medium,safety-claim,mugenforge/automation_bank/builders_v26.py,155,2. Let MugenForge generate safe starter scaffolding and reports.
medium,safety-claim,mugenforge/automation_bank/builders_v26.py,223,"safe = re.sub(r""[^A-Za-z0-9_\-]+"", ""_"", feature_id).upper()"
medium,safety-claim,mugenforge/automation_bank/builders_v26.py,242,"return FeaturePackage(feature_id=feature_id, name=preset.name, extra_files={f""docs/FACTORY_ULTRA_{safe}.md"": text}, summary=f""Writes Factory Ultra guide: {preset.name}."", notes=[""No-code documentation helper.""])"
medium,safety-claim,mugenforge/automation_bank/builders_v26.py,276,"return FeaturePackage(feature_id=feature_id, name=preset.name, cmd_block=_wrap(feature_id, preset.name, cmd), cns_block=_wrap(feature_id, preset.name, cns), air_block=_wrap(feature_id, preset.name, air), summary=f""Adds Factory Ultra no-code scaffold: {preset.name}."", notes=[""Safe starter hook; use visual reports to tune.""])"
medium,safety-claim,mugenforge/automation_bank/presets.py,10,"description='Adds beginner-safe AIR placeholders for common required animations, plus basic CMD shortcuts and a clipboard/debug helper.',"
medium,safety-claim,mugenforge/automation_bank/presets.py,140,"description='Start-button taunt state with a safe non-attacking animation block.',"
medium,safety-claim,mugenforge/automation_bank/presets.py,430,"description='Counter starter that uses a safe beginner skeleton with a delayed strike.',"
medium,safety-claim,mugenforge/automation_bank/presets.py,890,"description='Hold-button meter charge state with safe beginner limits.',"
medium,safety-claim,mugenforge/automation_bank/presets.py,1230,"description='Adds commented guard timing examples for safe and unsafe moves.',"
medium,safety-claim,mugenforge/automation_bank/presets.py,1390,"description='Adds a safe commented starter for guard-mode testing hooks.',"
medium,safety-claim,mugenforge/automation_bank/presets.py,1740,"description='Plain-English sprite organizer workflow for group/image naming, axis notes, collision-safe imports, and contact sheets.',"
medium,safety-claim,mugenforge/automation_bank/presets.py,1810,"description='Safe import/collision-resolution checklist for borrowing assets from your own projects without overwriting current files.',"
info,honesty-negative,mugenforge/automation_bank/presets.py,1857,"name='Edit history / backup safety',"
info,honesty-negative,mugenforge/automation_bank/presets.py,1860,"description='Backup/restore workflow for generated code blocks, binary assets, and release packaging.',"
medium,safety-claim,mugenforge/automation_bank/presets.py,1960,"description='Central notes for pushback/vel tuning and safe/unsafe move review.',"
info,honesty-negative,mugenforge/automation_bank/presets.py,2060,"description='Experimental tag-system planning skeleton for full-game creators.',"
medium,safety-claim,mugenforge/automation_bank/presets.py,2380,"description='Teaches safe snapshot/backup habits before using generated code or batch edits.',"
info,honesty-negative,mugenforge/automation_bank/presets.py,2383,"tags=('backup', 'safety'),"
medium,safety-claim,mugenforge/automation_bank/presets.py,2480,"description='Intro/palette personality hook skeleton with safe comments.',"
medium,safety-claim,mugenforge/automation_bank/presets.py,2577,"name='Safe special starter',"
medium,safety-claim,mugenforge/automation_bank/presets.py,2583,"tags=('special', 'safe'),"
info,honesty-negative,mugenforge/automation_bank/presets.py,2683,"tags=('backup', 'docs'),"
medium,safety-claim,mugenforge/automation_bank/presets.py,2730,"description='Explains safe damage/speed/hit-pause/pushback tuning knobs.',"
medium,safety-claim,mugenforge/automation_bank/presets.py,2830,"description='Safe starter hook for optional simplified combo routes.',"
medium,safety-claim,mugenforge/automation_bank/presets.py,3007,"name='Safe test fireball',"
info,honesty-negative,mugenforge/automation_bank/presets.py,3137,"name='Backup / restore safety guide',"
info,honesty-negative,mugenforge/automation_bank/presets.py,3143,"tags=('backup', 'safety'),"
medium,fighter-factory-reference,mugenforge/automation_bank/presets.py,3257,"name='Fighter Factory migration checklist',"
medium,fighter-factory-reference,mugenforge/automation_bank/presets.py,3260,"description='Adds a workflow checklist for creators coming from Fighter Factory-style tools into MugenForge no-code workflows.',"
medium,safety-claim,mugenforge/automation_bank/presets.py,3310,"description='Adds a conservative AI smoke-test router that randomly chooses safe existing-ish states when AILevel is active.',"
medium,safety-claim,mugenforge/automation_bank/presets.py,3370,"description='Adds a release-safe credits, permission, and source-art checklist.',"
info,honesty-negative,mugenforge/automation_bank/presets.py,3377,"name='Release candidate smoke-test guide',"
info,honesty-negative,mugenforge/automation_bank/presets.py,3430,"description='Explains how to scan unsupported SFF/SND/binary files for embedded PNG, PCX, and WAV payloads without writing code.',"
medium,safety-claim,mugenforge/automation_bank/presets.py,3460,"description='Explains the safe difference between rebuilding a fresh starter SFF v1 and byte-perfect SFF v2 editing.',"
info,honesty-negative,mugenforge/automation_bank/presets.py,3510,"description='Writes simple backup, restore, and generated-code safety rules for non-coders.',"
info,honesty-negative,mugenforge/automation_bank/presets.py,3513,"tags=('safety', 'backup'),"
medium,safety-claim,mugenforge/automation_bank/presets.py,3530,"description='Adds a safe clipboard overlay that points the creator to the current state/action/frame while testing.',"
medium,safety-claim,mugenforge/automation_bank/presets.py,3680,"description='Plan palette variants, costume naming, and accessibility-safe color contrast.',"
info,honesty-negative,mugenforge/automation_bank/presets.py,3947,"name='Creator Hub release-candidate overlay',"
info,honesty-negative,mugenforge/automation_bank/presets.py,3950,"description='Adds final QA clipboard hints for release-candidate testing.',"
medium,fighter-factory-reference,mugenforge/automation_bank/presets.py,4462,'FF+ Fighter Factory-Style Essentials': [
info,honesty-negative,mugenforge/binary_core.py,42,"'standard SFF2 candidate rebuilds from manifests, SFF1/SFF2 copied axis mutation, guarded SND slot patch candidates, '"
info,honesty-negative,mugenforge/binary_core.py,167,"'- Native SFF2 rebuilds are candidate files built from explicit source manifests; engine testing is still required before release.',"
info,honesty-negative,mugenforge/binary_core.py,169,"'- Generated gameplay code still requires real playtesting. Runtime Lab can capture configured external engine evidence, but static reports remain source-analysis aids.',"
info,honesty-negative,mugenforge/binary_core.py,268,warnings.append('Candidate SFF2 record table runs beyond EOF; metadata-only.')
info,honesty-negative,mugenforge/binary_core.py,285,warnings.append(f'Could not parse candidate SFF2 record {idx}: {exc}')
info,honesty-negative,mugenforge/binary_core.py,318,warnings.append('Some candidate SFF2 records had invalid payload ranges.')
info,honesty-negative,mugenforge/binary_core.py,373,raise RuntimeError('Pillow is required for the experimental PNG-subset SFF copy builder.') from exc
medium,safety-claim,mugenforge/binary_core.py,491,res.add_warning('Embedded PNG scan exported raw images without guaranteed group/image/axis mapping.')
info,honesty-negative,mugenforge/binary_core.py,613,"'note': 'This workspace can build standard-table SFF2 candidate files with raw/rle8/rle5/lz5 payloads. Test in target engine before release.',"
info,honesty-negative,mugenforge/binary_core.py,642,"'The builder creates a candidate SFF2 under `experimental/`; verify in the target engine before replacing a release file.',"
info,honesty-negative,mugenforge/binary_core.py,659,res = BinaryCoreResult('Build Standard SFF2 Candidate')
info,honesty-negative,mugenforge/binary_core.py,667,out_dir = work / 'experimental'
info,honesty-negative,mugenforge/binary_core.py,691,res.notes.append(f'Built standard-table SFF2 candidate with {len(rows)} parsed sprite record(s).')
info,honesty-negative,mugenforge/binary_core.py,698,res = BinaryCoreResult('Standard SFF2 Build Candidate')
info,honesty-negative,mugenforge/binary_core.py,704,res.add_warning('SFF2 workspace manifest not found; cannot build candidate.')
info,honesty-negative,mugenforge/binary_core.py,718,res.notes.append(f'Built standard-table SFF2 PNG32 candidate with {len(info.sprites)} sprite record(s).')
info,honesty-negative,mugenforge/binary_core.py,721,res.add_warning(f'SFF2 build candidate failed: {exc}')
info,honesty-negative,mugenforge/binary_core.py,763,"'note': 'Use action=delete to omit, action=keep/replace/add to include. Rebuild creates a candidate SND first.',"
info,honesty-negative,mugenforge/binary_core.py,780,"'- `enabled=yes` includes a row in the rebuilt candidate unless `action=delete`.',"
info,honesty-negative,mugenforge/binary_core.py,784,"'- Optional install writes a backup before replacing the original SND.',"
info,honesty-negative,mugenforge/binary_core.py,805,res.add_warning('No original SND found. A rebuilt candidate can still be created only if the sheet references valid WAV files.')
info,honesty-negative,mugenforge/binary_core.py,870,res.notes.append(f'Built rebuilt SND candidate with {len(records)} sounds.')
info,honesty-negative,mugenforge/binary_core.py,882,"res.notes.append(f'Original SND backup written: {_rel(root, bak)}')"
info,honesty-negative,mugenforge/binary_core.py,1066,"res.notes.append(f'Original SND backup written: {_rel(root, bak)}')"
info,honesty-negative,mugenforge/binary_core.py,1231,errors.append(f'Row {idx} WAV is larger than original slot ({len(blob)} > {sound.length}); use rebuild candidate instead.')
info,honesty-negative,mugenforge/binary_core.py,1263,"res.notes.append(f'Original SND backup written: {_rel(root, bak)}')"
high,engine-authority,mugenforge/binary_core.py,1302,"'This folder is for external engine evidence. Static source reports are useful, but not engine-authoritative.',"
info,honesty-negative,mugenforge/binary_core.py,1306,res.notes.append('Created runtime validation scaffolding for external engine log/evidence capture.')
info,honesty-negative,mugenforge/binary_core.py,1391,"'5. Use **SFF2 Standard Rebuild Workspace** and **Build Standard SFF2 Candidate** for source-based candidate output.',"
info,honesty-negative,mugenforge/binary_core.py,1424,built = _bc(root) / 'sff2_rebuild_workspace' / 'experimental' / f'{root.name}_standard_table.sff'
info,honesty-negative,mugenforge/binary_core.py,1468,res.add_warning('binary_core folder does not exist yet. Run a Binary Core report first.')
medium,safety-claim,mugenforge/binary_core.py,1478,res.notes.append('Bundled Binary Core reports and safe workspaces.')
info,honesty-negative,mugenforge/binary_core.py,1492,"('standard sff2 candidate build', build_sff2_png_workspace_copy),"
info,honesty-negative,mugenforge/binary_deep.py,62,"'Binary Deep is an experimental companion to Binary Maturity. It adds table-driven SFF2 discovery, direct PNG/PCX/zlib export, '"
info,honesty-negative,mugenforge/binary_deep.py,464,warnings.append(f'{bad} candidate records were rejected while scanning this table.')
info,honesty-negative,mugenforge/binary_deep.py,832,"'## Candidate SFF2 tables', '',"
info,honesty-negative,mugenforge/binary_deep.py,837,"f'### Candidate {n}',"
info,honesty-negative,mugenforge/binary_deep.py,857,res.notes.append(f'Deep SFF2 discovery found {len(tables)} candidate table(s).')
info,honesty-negative,mugenforge/binary_deep.py,883,res.notes.append(f'Exported/recovered {len(exports)} payload(s) from best SFF2 table candidate.')
info,honesty-negative,mugenforge/binary_deep.py,958,"'note': 'action=axis patches coordinates in a candidate copy. action=replace rebuilds a native SFF2 PNG copy using replace_image when set.',"
info,honesty-negative,mugenforge/binary_deep.py,968,"'- `action=axis` changes `new_axis_x` / `new_axis_y` in a patched candidate copy.',"
medium,safety-claim,mugenforge/binary_deep.py,1112,res.notes.append(f'Built native table-backed SFF2 PNG file with {len(normalized)} sprites and verified it with the deep parser.')
info,honesty-negative,mugenforge/binary_deep.py,1134,res.add_skipped('No rows have enabled=yes; no SFF2 mutation candidate was created.')
info,honesty-negative,mugenforge/binary_deep.py,1185,"res.notes.append(f'Backup before SFF install: {_rel(root, bak)}')"
info,honesty-negative,mugenforge/binary_deep.py,1245,"'This sheet creates a patched candidate copy of the original SND.',"
info,honesty-negative,mugenforge/binary_deep.py,1249,"'- Larger replacements are intentionally sent to the rebuilt-candidate workflow, not shoved into arbitrary bytes.',"
info,honesty-negative,mugenforge/binary_deep.py,1250,"'- Optional install always writes a backup first.',"
info,honesty-negative,mugenforge/binary_deep.py,1273,res.add_skipped('No rows have enabled=yes; no SND direct patch candidate was created.')
info,honesty-negative,mugenforge/binary_deep.py,1325,"res.notes.append(f'Backup before SND install: {_rel(root, bak)}')"
info,honesty-negative,mugenforge/binary_deep.py,1343,res.warnings.append(f'{len(rebuild_needed)} WAV replacement(s) require rebuilt-candidate workflow because they do not fit in place.')
info,honesty-negative,mugenforge/binary_deep.py,1344,"res.notes.append(f'Patched candidate SND IDs={patched_ids}, in-place WAVs={patched_wavs}.')"
medium,plugin-execution,mugenforge/binary_deep.py,1542,"'This proves the decoder paths execute on controlled fixtures. Third-party files with different table layouts or compression variants may still require manual review.',"
high,binary-fullness,mugenforge/binary_deep.py,1547,res.notes.append('All controlled SFF2 codec probe fixtures decoded successfully.')
info,honesty-negative,mugenforge/binary_deep.py,1559,"sff_line = f'{_rel(root, sff)} — deep candidate tables={len(tables)}; best records={len(tables[0].records) if tables else 0}; warnings={len(warns)}'"
info,honesty-negative,mugenforge/binary_deep.py,1574,"'- Adds direct export/decode attempts for PNG, PCX, zlib-wrapped images, raw indexed/RGB/RGBA and RLE8 payloads, plus diagnostic-only 5-bit/LZ-style probes for unsupported records.',"
medium,safety-claim,mugenforge/binary_deep.py,1579,"'Unknown, corrupt, encrypted, or tool-specific binary variants can still require manual review. MugenForge now attempts more formats and writes candidates, but it will still warn/refuse when a record cannot be proven safe.',"
info,honesty-negative,mugenforge/binary_deep.py,1592,res.add_warning('binary_deep folder does not exist yet. Run a Binary Deep report first.')
info,honesty-negative,mugenforge/binary_deep.py,1615,"('native sff2 build manifest/candidate', build_native_sff2_from_manifest),"
info,honesty-negative,mugenforge/binary_maturity.py,46,"'controlled SFF2 rebuilds, payload-preserving mutation for unsupported compression rows, in-place-copy SND WAV patching, '"
info,honesty-negative,mugenforge/binary_maturity.py,147,"'SFF2 mutation writes a rebuilt candidate or patched copy; original files are not overwritten unless a separate install step is added by the user.',"
info,honesty-negative,mugenforge/binary_maturity.py,148,"'SND in-place patching is copy-based and only patches replacement WAVs that fit inside the original payload slot; larger changes use rebuilt candidate SND files.',"
info,honesty-negative,mugenforge/binary_maturity.py,242,"note = 'Unsupported compression payload preserved. Leave as keep, or provide replacement image_file.'"
info,honesty-negative,mugenforge/binary_maturity.py,281,"'- `enabled=yes` includes the row in the rebuilt candidate.',"
info,honesty-negative,mugenforge/binary_maturity.py,286,"'- Applying creates a new SFF2 candidate under `binary_maturity/sff2_rebuilt/`.', '',"
info,honesty-negative,mugenforge/binary_maturity.py,376,res.notes.append(f'Built standard SFF2 candidate with {len(records)} row(s).')
info,honesty-negative,mugenforge/binary_maturity.py,611,res.add_warning(f'engine_executable does not exist: {exe}')
info,honesty-negative,mugenforge/binary_maturity.py,645,res.add_warning('binary_maturity folder does not exist yet.')
info,honesty-negative,mugenforge/closure_core.py,177,"('Runtime behavior', 'Source-level micro-runtime plus external engine probe/evidence gate.'),"
info,honesty-negative,mugenforge/closure_core.py,193,"'Closure Core is the gap-closing layer for the previous honest limitations list. It does not blindly claim universal behavior; it adds executable workflows, source-level simulation, corpus probes, forensic recovery, and explicit transactional publishing so each limitation has a concrete tool path.',"
high,binary-fullness,mugenforge/closure_core.py,208,"'4. Use **Transactional Publish Sheet** for any candidate SFF/SND replacement.',"
info,honesty-negative,mugenforge/closure_core.py,500,warnings.append(f'{scenario.scenario_id}: start state {current_state} does not exist.')
info,honesty-negative,mugenforge/closure_core.py,550,warnings.append(f'{scenario.scenario_id}: ChangeState target {target} does not exist.')
info,honesty-negative,mugenforge/closure_core.py,611,warnings.append(f'{scenario.scenario_id}: unsupported triggers skipped: ' + '; '.join(unknown_triggers[:20]))
info,honesty-negative,mugenforge/closure_core.py,715,result.add_warning(f'Configured engine executable does not exist: {exe}')
info,honesty-negative,mugenforge/closure_core.py,717,result.add_warning('runtime_lab/runtime_config.json does not contain engine_executable yet.')
info,honesty-negative,mugenforge/closure_core.py,826,"ding(20, 'external engine executable has not been successfully probed')"
info,honesty-negative,mugenforge/closure_core.py,843,"'interpretation': 'evidence-backed readiness score; strongest when external engine logs and screenshots/videos are present',"
info,honesty-negative,mugenforge/closure_core.py,1066,"'This implements the unknown/corrupt/tool-specific binary review path. Instead of stopping at “manual review,” Closure Core maps signatures, entropy blocks, recoverable embedded PNG/WAV assets, and hashes so unsupported files can be triaged or salvaged systematically.',"
info,honesty-negative,mugenforge/closure_core.py,1116,"'publish_note': 'Set enabled=yes only after verifying the candidate in Binary/Runtime Lab.',"
info,honesty-negative,mugenforge/closure_core.py,1120,result.add_warning('No candidate SFF/SND outputs were found under generated tool folders.')
info,honesty-negative,mugenforge/closure_core.py,1127,"'This implements the old “candidate/backup-first” limitation as an explicit publish system. Generated binary candidates are not silently promoted. To publish one:',"
info,honesty-negative,mugenforge/closure_core.py,1129,"'1. Verify the candidate with Binary Core/Deep/Maturity and Runtime Lab.',"
info,honesty-negative,mugenforge/closure_core.py,1135,"'Apply writes a backup, checks hashes, overwrites the target atomically, and records a rollback manifest.',"
info,honesty-negative,mugenforge/closure_core.py,1158,result.add_warning(f'Skipped missing candidate: {cand}')
info,honesty-negative,mugenforge/closure_core.py,1161,result.add_warning(f'Skipped target with unsupported extension: {target}')
info,honesty-negative,mugenforge/closure_core.py,1166,result.add_warning(f'Skipped {cand}: candidate hash changed since sheet export.')
info,honesty-negative,mugenforge/closure_core.py,1172,backup = None
info,honesty-negative,mugenforge/closure_core.py,1176,backup = backup_dir / f'{target.name}.bak_{_now()}'
info,honesty-negative,mugenforge/closure_core.py,1177,"shutil.copy2(target, backup)"
info,honesty-negative,mugenforge/closure_core.py,1186,"'candidate': _rel(root, cand),"
info,honesty-negative,mugenforge/closure_core.py,1190,"'backup': _rel(root, backup) if backup else '',"
info,honesty-negative,mugenforge/closure_core.py,1200,result.add_note(f'Published {changed} candidate binary file(s) with backups and rollback manifest.')
info,honesty-negative,mugenforge/closure_core.py,1321,"'The estimates help prioritize testing; the external engine is still the authority for final feel.',"
info,honesty-negative,mugenforge/closure_core.py,1341,result.add_warning('closure_core folder does not exist yet. Run other Closure Core tools first.')
info,honesty-negative,mugenforge/closure_lab.py,309,ChangeState/SelfState transitions. Unsupported trigger expressions are logged as
info,honesty-negative,mugenforge/closure_lab.py,339,unsupported: List[str] = []
info,honesty-negative,mugenforge/closure_lab.py,374,"unsupported.append(f""{st_rec.get('rel')} line {getattr(ctrl_obj, 'line', '?')}: trigger eval failed: {exc}"")"
info,honesty-negative,mugenforge/closure_lab.py,415,"unsupported.append(f""{st_rec.get('rel')} line {getattr(ctrl_obj, 'line', '?')}: dynamic ChangeState value not simulated: {val}"")"
medium,plugin-execution,mugenforge/closure_lab.py,432,# Keep unknown controllers visible without pretending to execute them.
info,honesty-negative,mugenforge/closure_lab.py,485,"""Does not model opponent collision/contact or engine physics exactly"","
info,honesty-negative,mugenforge/closure_lab.py,486,"""Unsupported trigger expressions are reported rather than guessed"","
info,honesty-negative,mugenforge/closure_lab.py,489,"""unsupported"": unsupported[:500],"
info,honesty-negative,mugenforge/closure_lab.py,502,<p>This is a source-level mini-runtime for common controller patterns. Use the external engine harness for authoritative runtime evidence.</p>
info,honesty-negative,mugenforge/closure_lab.py,503,<p>Rows: {len(rows)}. Events: {len(events)}. Warnings: {len(warnings)}. Unsupported expressions/controllers: {len(unsupported)}.</p>
info,honesty-negative,mugenforge/closure_lab.py,508,if unsupported:
info,honesty-negative,mugenforge/closure_lab.py,509,"result.add_note(f""Unsupported expressions/controllers recorded: {len(unsupported)}"")"
medium,plugin-execution,mugenforge/closure_lab.py,586,print('Dry run only. Add --run to execute.')
info,honesty-negative,mugenforge/closure_lab.py,855,"""notes"": ""Set enabled=yes, action=commit, and confirm_phrase=I_UNDERSTAND_BACKUP_COMMIT to overwrite target with backup/rollback."","
info,honesty-negative,mugenforge/closure_lab.py,862,This is the opt-in path for committing a vetted binary candidate over the live project SFF/SND.
info,honesty-negative,mugenforge/closure_lab.py,871,This replaces the old candidate-only workflow with a controlled commit/rollback system. It still avoids blind overwrites.
info,honesty-negative,mugenforge/closure_lab.py,873,"result.add_note(f""Candidate rows: {len(rows)}"")"
info,honesty-negative,mugenforge/closure_lab.py,907,"result.add_warning(f""Row {idx}: candidate/target must be inside project folder; skipped."")"
info,honesty-negative,mugenforge/closure_lab.py,910,"result.add_warning(f""Row {idx}: candidate or target missing; skipped."")"
info,honesty-negative,mugenforge/closure_lab.py,913,"result.add_warning(f""Row {idx}: extension mismatch or unsupported binary type; skipped."")"
info,honesty-negative,mugenforge/closure_lab.py,919,"z.write(cand, f""candidate/{cand.name}"")"
info,honesty-negative,mugenforge/closure_lab.py,922,"""candidate"": str(cand),"
info,honesty-negative,mugenforge/closure_lab.py,931,"""candidate"": str(cand),"
info,honesty-negative,mugenforge/closure_lab.py,943,"result.add_note(f""Committed {len(commits)} binary candidate(s) with rollback snapshots."")"
info,honesty-negative,mugenforge/closure_lab.py,965,"result.add_warning(""Snapshot does not contain a before/ file."")"
info,honesty-negative,mugenforge/closure_lab.py,1015,2. Run the external Engine Adapter smoke/scenario tests if your engine is configured.
info,honesty-negative,mugenforge/closure_lab.py,1137,This does not remove the need for engine testing; it makes the difference visible and machine-readable.
info,honesty-negative,mugenforge/closure_lab.py,1172,"f""| Static readiness is not authoritative | Evidence contract and runtime-evidence index | {status_map['report_evidence_contract']} |"","
info,honesty-negative,mugenforge/closure_lab.py,1175,"f""| Candidate-only binary mutation | Opt-in commit/rollback sheet | {status_map['mutation_commit_sheet']} |"","
medium,safety-claim,mugenforge/code_authoring.py,156,# Negative common states and 0 are engine/common-state safe enough to ignore.
info,honesty-negative,mugenforge/codec_core.py,31,"'- Native SFF2 candidate builds from source manifests.',"
info,honesty-negative,mugenforge/creator_hub.py,183,return 'release-candidate'
info,honesty-negative,mugenforge/creator_hub.py,244,"body{{font-family:Arial,sans-serif;margin:24px;background:#f7f7fb;color:#20242a}}a{{color:#0b5cab}}.score{{display:inline-flex;gap:18px;align-items:baseline;border-radius:14px;padding:18px 22px;background:white;box-shadow:0 2px 10px #0001;margin-bottom:18px}}.score b{{font-size:42px}}.score span{{font-size:18px;text-transform:uppercase;letter-spacing:.08em}}.release-candidate{{border-left:10px solid #1a9f55}}.playable-but-polish{{border-left:10px solid #6f9f1a}}.prototype{{border-left:10px solid"
info,honesty-negative,mugenforge/creator_hub.py,277,"add('High', 'Animations', f'Code references missing AIR action {a}', 'ChangeAnim expects an animation that does not exist.', 'Create that AIR action or change the code to an existing animation.')"
medium,safety-claim,mugenforge/creator_hub.py,367,"'This is a safe plan, not a destructive auto-patch. It tells a non-coder which values to inspect first.', '']"
medium,safety-claim,mugenforge/creator_hub.py,376,"'- Light normals should be quick, low damage, and safe-ish only if range is short.',"
medium,safety-claim,mugenforge/creator_hub.py,598,"{'name': 'Add beginner debug overlay', 'safe': True, 'writes': ['CNS State -2 DisplayToClipboard'], 'user_choice': 'Enable only while testing.'},"
medium,safety-claim,mugenforge/creator_hub.py,599,"{'name': 'Add missing command', 'safe': True, 'writes': ['CMD [Command]', 'Statedef -1 route'], 'user_choice': 'Pick input and target state.'},"
medium,safety-claim,mugenforge/creator_hub.py,600,"{'name': 'Create attack move', 'safe': True, 'writes': ['CMD', 'CNS StateDef', 'AIR action', 'CLSN boxes'], 'user_choice': 'Move name, damage, frames, hitbox.'},"
medium,safety-claim,mugenforge/creator_hub.py,601,"{'name': 'Create projectile move', 'safe': True, 'writes': ['CMD', 'CNS Projectile controller', 'AIR action'], 'user_choice': 'Input, speed, damage, sprite group.'},"
medium,safety-claim,mugenforge/creator_hub.py,602,"{'name': 'Repair missing AIR action', 'safe': True, 'writes': ['AIR placeholder action'], 'user_choice': 'Animation number and frame count.'},"
medium,safety-claim,mugenforge/creator_hub.py,603,"{'name': 'Generate placeholder SFF', 'safe': True, 'writes': ['SFF v1 from AIR refs'], 'user_choice': 'Use placeholders until final art is ready.'},"
medium,safety-claim,mugenforge/creator_hub.py,604,"{'name': 'Build SND placeholder bank', 'safe': True, 'writes': ['WAV placeholders', 'SND bank'], 'user_choice': 'Replace WAVs later.'},"
medium,safety-claim,mugenforge/creator_hub.py,605,"{'name': 'Run release QA pass', 'safe': True, 'writes': ['reports only'], 'user_choice': 'Review high-priority cards.'},"
medium,safety-claim,mugenforge/creator_hub.py,608,"md = ['# Patch Macro Bank', '', 'This is the non-coder action library concept: each macro explains what the app will change behind the scenes.', '', '| Macro | Safe? | Writes | User handles |', '|---|---|---|---|']"
medium,safety-claim,mugenforge/creator_hub.py,610,"md.append(f""| {m['name']} | {m['safe']} | {', '.join(m['writes'])} | {m['user_choice']} |"")"
medium,safety-claim,mugenforge/creator_hub.py,614,result.notes.append('Documented safe high-level patch macros for non-coders.')
medium,safety-claim,mugenforge/creator_os.py,203,"lines.append(""- Run Auto-Fix Missing StateDefs. It appends safe fallback states with backups."")"
medium,safety-claim,mugenforge/creator_os.py,285,"""plain_english"": ""Adds safe ChangeState links between moves so a beginner can build chains without writing triggers manually."","
medium,safety-claim,mugenforge/creator_os.py,556,"""instructions"": ""Edit routes, set enabled true, then use Apply Combo Routes. This appends beginner-safe ChangeState cancel controllers with backups."","
medium,safety-claim,mugenforge/creator_os.py,659,"result.add_changed(f""{_rel(root, cns)} appended {len(missing)} safe placeholder StateDefs"")"
medium,safety-claim,mugenforge/creator_os.py,704,"""Beginner Safe"": {""factor"": 0.85, ""cap"": 120, ""note"": ""Safer prototype values while testing feel.""},"
medium,safety-claim,mugenforge/creator_os.py,717,"preset = _BALANCE_PRESETS.get(preset_name) or _BALANCE_PRESETS[""Beginner Safe""]"
medium,safety-claim,mugenforge/creator_suite.py,122,"""Balanced Starter"": [""clean basics"", ""safe six-button kit"", ""easy testing""],"
high,binary-fullness,mugenforge/creator_suite_visual.py,182,"result.add_warning('Current SFF looks like SFF v2/non-v1. This version generates SFF2 build projects, but does not extract mature SFF2 sprite tables.')"
high,binary-fullness,mugenforge/creator_suite_visual.py,275,This folder is a safe SFF v2 build handoff. MugenForge writes the source image folder and Sprmake2 definition file; it does not pretend to safely patch unknown mature SFF v2 binary tables.
info,honesty-negative,mugenforge/creator_suite_visual.py,419,result.add_warning('No onion-skin previews could be made. SFF payloads may be unsupported or actions may be empty.')
medium,safety-claim,mugenforge/creator_suite_visual.py,671,"'beginner_tip': 'Do not make every super full-screen safe. Decide what the player is paying meter for.',"
medium,safety-claim,mugenforge/creator_suite_visual.py,767,"('Sprites/SFF v2', 'Source-project generator for Sprmake2', 'Available as safe source workflow'),"
high,binary-fullness,mugenforge/creator_suite_visual.py,774,"('Mature SFF v2 mutation', 'Direct binary patch/rebuild of arbitrary SFF2 tables', 'Not implemented; use source-project handoff'),"
high,binary-fullness,mugenforge/creator_suite_visual.py,778,"md += ['', '## Tell-it-like-it-is note', '', 'MugenForge is strongest when the project is source-organized: loose sprites, generated manifests, AIR/CMD/CNS text, WAVs, and repeatable build steps. It is intentionally conservative about patching mature SFF v2 binaries because corrupting sprite tables would be worse than forcing a rebuild from source.']"
medium,safety-claim,mugenforge/creator_suite_visual.py,925,"""""""Create a beginner-safe art/sound handoff folder for replacing assets."""""""
high,engine-authority,mugenforge/engine_authority.py,281,"""Use Runtime Evidence Certification to reconcile this model with actual M.U.G.E.N/IKEMEN sessions."","
info,honesty-negative,mugenforge/engine_authority.py,306,"res = AuthorityResult(""External Engine Validator"")"
info,honesty-negative,mugenforge/engine_authority.py,341,"""note"": ""This validates local launch configuration before running the external engine. It does not bundle or modify M.U.G.E.N/IKEMEN."","
info,honesty-negative,mugenforge/engine_authority.py,352,"res.add_note(""Validated the configured external engine profile and wrote launch readiness artifacts."")"
info,honesty-negative,mugenforge/engine_authority.py,354,"res.add_warning(""External engine profile is not fully launch-ready; configure runtime_lab/runtime_config.json."")"
info,honesty-negative,mugenforge/engine_authority.py,406,"(""warning"", re.compile(r""\b(warn|deprecated|fallback|unsupported)\b"", re.I)),"
high,engine-authority,mugenforge/engine_authority.py,458,"""note"": ""Certification is local/evidence-based. It means the configured evidence set passed MugenForge checks; it is not an official M.U.G.E.N/IKEMEN guarantee."","
medium,plugin-execution,mugenforge/engine_authority.py,540,"md = [""# Binary Corpus Validator"", """", f""Files tested: **{len(rows)}**"", """", f""Corpus folder: `{corpus}`"", """", ""Put third-party test files in `binary_corpus/` and rerun this tool to expand compatibility evidence."", """", ""## Status counts"", """"]"
info,honesty-negative,mugenforge/engine_authority.py,599,# Candidate table windows: look for repeated 28-byte rows with plausible group/image/width/height/data offsets.
info,honesty-negative,mugenforge/engine_authority.py,643,"res.add_note(""Wrote SFF2 forensic payload/table candidate reports and carved recognizable PNG payloads."")"
info,honesty-negative,mugenforge/engine_authority.py,675,"""notes"": ""Set enabled=yes only after reviewing parser reports and testing candidate in target engine."","
info,honesty-negative,mugenforge/engine_authority.py,679,"res.add_note(f""Exported {len(rows)} candidate rows for guarded SFF/SND promotion."")"
info,honesty-negative,mugenforge/engine_authority.py,681,"res.add_warning(""No binary candidate files were found under binary_* or engine_authority outputs."")"
medium,safety-claim,mugenforge/engine_authority.py,687,"res = AuthorityResult(""Apply Verified Binary Promotions"")"
info,honesty-negative,mugenforge/engine_authority.py,700,"candidate = (root / str(row.get(""candidate_file"") or """")).resolve()"
info,honesty-negative,mugenforge/engine_authority.py,701,"kind = str(row.get(""target_kind"") or candidate.suffix.lower().lstrip(""."")).lower().strip()"
info,honesty-negative,mugenforge/engine_authority.py,703,"res.add_warning(f""Skipped unsupported promotion kind: {kind}"")"
info,honesty-negative,mugenforge/engine_authority.py,705,if not candidate.exists():
info,honesty-negative,mugenforge/engine_authority.py,706,"res.add_warning(f""Candidate does not exist: {candidate}"")"
info,honesty-negative,mugenforge/engine_authority.py,708,# Verify candidate parses before promotion.
info,honesty-negative,mugenforge/engine_authority.py,712,info = read_sff(candidate)
info,honesty-negative,mugenforge/engine_authority.py,715,"res.add_warning(f""SFF candidate did not parse strongly; skipped: {candidate}"")"
info,honesty-negative,mugenforge/engine_authority.py,718,info = read_snd(candidate)
info,honesty-negative,mugenforge/engine_authority.py,721,"res.add_warning(f""SND candidate did not expose any sounds; skipped: {candidate}"")"
info,honesty-negative,mugenforge/engine_authority.py,724,"res.add_warning(f""Candidate verification failed for {candidate}: {exc}"")"
info,honesty-negative,mugenforge/engine_authority.py,729,backup = None
info,honesty-negative,mugenforge/engine_authority.py,731,"backup = target.with_name(target.name + f"".bak_engine_authority_{_now()}"")"
info,honesty-negative,mugenforge/engine_authority.py,732,"shutil.copy2(target, backup)"
info,honesty-negative,mugenforge/engine_authority.py,733,"res.add_created(root, backup)"
info,honesty-negative,mugenforge/engine_authority.py,735,"shutil.copy2(candidate, target)"
info,honesty-negative,mugenforge/engine_authority.py,738,"""candidate"": _rel(root, candidate), ""target"": _rel(root, target), ""backup"": _rel(root, backup) if backup else """","
info,honesty-negative,mugenforge/engine_authority.py,739,"""kind"": kind, ""candidate_sha256"": _hash_file(candidate), ""target_sha256"": _hash_file(target), ""verify_status"": verify_status,"
info,honesty-negative,mugenforge/engine_authority.py,744,"_write_csv(out / f""binary_promotion_apply_log_{_now()}.csv"", applied, [""candidate"", ""target"", ""backup"", ""kind"", ""candidate_sha256"", ""target_sha256"", ""verify_status"", ""applied_at""], res, root)"
medium,safety-claim,mugenforge/engine_authority.py,746,"res.add_note(f""Promoted {len(applied)} verified binary candidate(s) with backups."")"
medium,safety-claim,mugenforge/engine_authority.py,801,"md = [""# Gameplay Closure Pack"", """", f""Findings: **{len(problems)}**"", """", ""This pack moves generated gameplay from loose starter scaffolding toward verified source/runtime tasks. Use the CSV patch plan plus Runtime Evidence Certificate before release."", """"]"
high,engine-authority,mugenforge/engine_authority.py,864,"{""former_limitation"": ""MugenForge did not emulate/simulate runtime behavior"", ""v7_implementation"": ""Supported Runtime Model builds a deterministic source-level mirror for common AIR/StateDef/controller timing and reconciles it with real evidence."", ""remaining_truth"": ""Not a full engine emulator; target engine evidence is still required for exact behavior.""},"
info,honesty-negative,mugenforge/engine_authority.py,865,"{""former_limitation"": ""Runtime launcher scripts required manual review"", ""v7_implementation"": ""External Engine Validator checks configured executable, working directory, scenario sheet, and project DEF before launch."", ""remaining_truth"": ""Engine command-line flags still vary, but bad local profiles are now caught before launch.""},"
high,engine-authority,mugenforge/engine_authority.py,866,"{""former_limitation"": ""Readiness scores were only evidence aids"", ""v7_implementation"": ""Runtime Evidence Certificate hashes evidence, reads scenario status, counts errors/fatals, and issues local certification statuses."", ""remaining_truth"": ""Certification is local/evidence-based, not an official engine guarantee.""},"
medium,safety-claim,mugenforge/engine_authority.py,869,"{""former_limitation"": ""SFF/SND mutation was candidate-only"", ""v7_implementation"": ""Binary Promotion sheet applies verified candidates into active project files with backups and SHA-256 logs."", ""remaining_truth"": ""Blind overwrite remains intentionally unavailable.""},"
high,engine-authority,mugenforge/engine_authority.py,871,"{""former_limitation"": ""Reports/previews were not runtime-authoritative"", ""v7_implementation"": ""Static/Runtime Reconciler compares modeled states/anims with imported runtime evidence."", ""remaining_truth"": ""Reports become stronger as evidence coverage improves.""},"
info,honesty-negative,mugenforge/engine_authority.py,880,"md += [""## Suggested order"", """", ""1. Supported Runtime Model"", ""2. External Engine Validator"", ""3. Runtime Evidence Certificate"", ""4. Static/Runtime Reconciler"", ""5. Binary Corpus Validator"", ""6. SFF2 Forensic Recovery"", ""7. Binary Promotion Sheet"", ""8. Gameplay Closure Pack"", """"]"
info,honesty-negative,mugenforge/engine_authority.py,907,"(""external engine validator"", write_external_engine_validator),"
info,honesty-negative,mugenforge/evidence_core.py,42,"re.compile(r'\b(warn(?:ing)?|deprecated|skipped|fallback|unsupported)\b', re.I),"
medium,safety-claim,mugenforge/evidence_core.py,90,"safe = re.sub(r'[^A-Za-z0-9_-]+', '_', str(value or '')).strip('_')"
medium,safety-claim,mugenforge/evidence_core.py,91,return safe or default
info,honesty-negative,mugenforge/evidence_core.py,150,- create unknown-binary recovery workspaces for unsupported/corrupt files;
medium,safety-claim,mugenforge/evidence_core.py,151,- install verified binary/text candidate files with SHA-256 backups and rollback manifests;
high,engine-authority,mugenforge/evidence_core.py,154,"This does not include an engine and does not pretend to emulate one. Runtime confidence now comes from actual external-engine evidence, not static reports alone."
info,honesty-negative,mugenforge/evidence_core.py,199,"'Set working_directory to the engine folder if blank cwd does not work.',"
info,honesty-negative,mugenforge/evidence_core.py,238,"findings.append({'severity': 'blocker', 'field': 'engine_executable', 'message': f'Engine executable does not exist: {engine}'})"
info,honesty-negative,mugenforge/evidence_core.py,326,blocked['reason'] = 'engine_executable is missing or does not exist'
info,honesty-negative,mugenforge/evidence_core.py,392,"add('required_animation', action.number, f'Animation {action.number} displays correctly and does not reference blank/misaligned sprites.', 'manual_playtest')"
info,honesty-negative,mugenforge/evidence_core.py,808,"md = ['# Unknown Binary Recovery Workspace', '', 'This workspace carves obvious embedded PNG/WAV/PCX-like payloads and writes header hex files for unsupported or corrupt binary review.', '', 'Encrypted or custom-compressed payloads cannot be decoded without their format/key, but they are now quarantined with repeatable evidence instead of silently ignored.', '', f'Files scanned: {len(binaries)}', f'Rows written: {len(rows)}']"
medium,safety-claim,mugenforge/evidence_core.py,814,# Verified candidate install and rollback
info,honesty-negative,mugenforge/evidence_core.py,850,result = EvidenceCoreResult('Evidence Core Candidate Install Sheet')
info,honesty-negative,mugenforge/evidence_core.py,872,"if not any(word in name_l for word in ['candidate', 'patched', 'rebuilt', 'build', 'workspace_copy', 'output']):"
info,honesty-negative,mugenforge/evidence_core.py,884,"'notes': 'Set enabled=yes only after inspecting candidate and target. Apply writes SHA-256 backup and rollback manifest.',"
info,honesty-negative,mugenforge/evidence_core.py,889,result.warnings.append('No generated candidate files were found yet.')
medium,safety-claim,mugenforge/evidence_core.py,895,result = EvidenceCoreResult('Evidence Core Verified Candidate Install')
info,honesty-negative,mugenforge/evidence_core.py,898,"result.warnings.append(f'Candidate install sheet not found: {_rel(root, sheet)}')"
info,honesty-negative,mugenforge/evidence_core.py,913,"result.warnings.append(f'Candidate missing: {row.get(""candidate_file"", """")}')"
info,honesty-negative,mugenforge/evidence_core.py,920,"result.warnings.append(f'Candidate verifier failed for {_rel(root, cand)}: {detail}')"
medium,safety-claim,mugenforge/evidence_core.py,945,"_write_text(root, commit_dir / 'ROLLBACK_INSTRUCTIONS.md', '# Rollback\n\nUse Evidence Core → Rollback Latest Verified Commit, or manually copy files from `backups/` to their `target_file` paths listed in `commit_manifest.json`.', result)"
medium,safety-claim,mugenforge/evidence_core.py,947,result.notes.append(f'Installed {len(entries)} verified candidate file(s).')
medium,safety-claim,mugenforge/evidence_core.py,953,result = EvidenceCoreResult('Evidence Core Rollback Latest Verified Commit')
medium,safety-claim,mugenforge/evidence_core.py,957,result.warnings.append('No verified commit manifests found.')
info,honesty-negative,mugenforge/evidence_core.py,965,backup = str(entry.get('backup_file') or '')
info,honesty-negative,mugenforge/evidence_core.py,967,if not backup or not target:
info,honesty-negative,mugenforge/evidence_core.py,969,b = (root / backup).resolve()
medium,safety-claim,mugenforge/evidence_core.py,978,result.notes.append(f'Restored {restored} file(s) from latest verified commit backup.')
info,honesty-negative,mugenforge/evidence_core.py,1108,"('candidate install sheet', export_candidate_install_sheet),"
info,honesty-negative,mugenforge/evidence_core.py,1149,"""""""Validate and run a dry profile probe. This does not launch a match unless the profile arguments do so."""""""
info,honesty-negative,mugenforge/evidence_core.py,1384,"""""""UI compatibility alias for ingesting external engine evidence."""""""
medium,safety-claim,mugenforge/factory_max.py,217,"""ChangeState safe return"": {"
medium,safety-claim,mugenforge/factory_max.py,256,"lines = [""# MugenForge CodeSense Bank"", """", ""Common controllers/triggers/snippets for safe M.U.G.E.N authoring."", """", ""## Controllers"", """"]"
medium,safety-claim,mugenforge/factory_max.py,497,"safe = re.sub(r""[^A-Za-z0-9_\-]+"", ""_"", name).strip(""_"") or ""intro"""
medium,safety-claim,mugenforge/factory_max.py,500,"def_path = folder / f""{safe}.def"""
medium,safety-claim,mugenforge/factory_max.py,504,spr = {safe}.sff
high,binary-fullness,mugenforge/factory_max.py,566,"result.notes.append(""Starter screenpack text only. Full motif editing still requires art/SFF/SND replacement."")"
medium,safety-claim,mugenforge/factory_max.py,620,"""- One safe poke, one anti-air, one punish, one movement option, one pressure option."","
medium,safety-claim,mugenforge/factory_max.py,636,"result = MaxResult(""Factory Max Safe Project Import"")"
info,honesty-negative,mugenforge/factory_max.py,638,"result.add_warning(""Source project folder does not exist."")"
medium,safety-claim,mugenforge/factory_max.py,662,"""note"": ""Safe import copies assets/code into an imports folder first. Merge manually or use Feature Bank to recreate behavior safely."","
medium,fighter-factory-reference,mugenforge/factory_max.py,700,"""FF+ Fighter Factory-Style Essentials"","
info,honesty-negative,mugenforge/factory_plus.py,99,"result.notes.append(f""Backup written: {b.name}"")"
medium,safety-claim,mugenforge/factory_plus.py,141,"block_lines = ["""", ""; MugenForge Factory+ Required Animation Repair"", ""; These are safe placeholder actions. Replace art and adjust boxes visually."", """"]"
info,honesty-negative,mugenforge/factory_plus.py,216,"result.notes.append(f""Backup written: {b.name}"")"
info,honesty-negative,mugenforge/factory_plus.py,253,"result.warnings.append(f""Sprite source folder does not exist: {source_folder}"")"
info,honesty-negative,mugenforge/factory_plus.py,290,"result.notes.append(f""Backup written: {b.name}"")"
high,binary-fullness,mugenforge/factory_plus.py,569,"lines.append(""Run **Factory+ Smart Complete / Repair** first. It creates/repairs structure, common animations, placeholder SFF/SND, and beginner docs."")"
info,honesty-negative,mugenforge/factory_plus.py,701,"result.notes.append(f""Backup written: {b.name}"")"
info,honesty-negative,mugenforge/factory_plus.py,712,"result.notes.append(""Smart Complete does not replace finished art. It creates a safer scaffold and gives plain-English next steps."")"
medium,safety-claim,mugenforge/factory_ultra.py,268,"lines += ["""", ""## Tuning rules"", """", ""- Fast normals should usually be lower damage than slow/heavy moves."", ""- Projectiles need recovery or positioning risk."", ""- Supers can be high damage, but should cost meter or have clear startup."", ""- If a move is safe, fast, long-range, and high damage, it is doing too much.""]"
info,honesty-negative,mugenforge/factory_ultra.py,604,"lines = [""# Factory Ultra AI Tuning Lab"", """", ""Beginner-readable AI move weighting sheet. This does not force AI code; it gives you tuning notes."", """", ""| State | Anim | Range | Easy | Normal | Hard |"", ""|---:|---:|---|---:|---:|---:|""]"
medium,safety-claim,mugenforge/factory_ultra.py,796,"safe = re.sub(r""[^A-Za-z0-9_\-]+"", ""_"", str(variant_name)).strip(""_"") or f""{root.name}_variant"""
medium,safety-claim,mugenforge/factory_ultra.py,797,dest = root.parent / safe
medium,safety-claim,mugenforge/factory_ultra.py,799,"dest = root.parent / f""{safe}_{_now()}"""
medium,safety-claim,mugenforge/factory_ultra.py,806,"new_def = dest / f""{safe}.def"""
medium,safety-claim,mugenforge/factory_ultra.py,811,"text = f""[Info]\nname = \""{safe}\""\ndisplayname = \""{variant_name}\""\n\n"" + text"
medium,safety-claim,mugenforge/factory_ultra.py,814,"text = re.sub(r""^(\s*name\s*=\s*).*$"", rf""\1\""{safe}\"""", text, count=1, flags=re.I | re.M)"
medium,safety-claim,mugenforge/forge_beyond.py,242,safe = _safe_name(new_name or archive_path.stem)
medium,safety-claim,mugenforge/forge_beyond.py,243,dest = destination_parent / safe
medium,safety-claim,mugenforge/forge_beyond.py,245,"dest = destination_parent / f""{safe}_{_timestamp()}"""
high,binary-fullness,mugenforge/forge_beyond.py,326,"{""capability"": ""Sprite image editor"", ""coverage"": ""Source-image trim, resize, mirror, quantize, canvas pad, batch conversion"", ""status"": ""Implemented source-based"", ""honest_notes"": ""Does not mutate arbitrary SFF2 binaries in place""},"
info,honesty-negative,mugenforge/forge_beyond.py,336,"{""capability"": ""Variable usage map"", ""coverage"": ""var/fvar/sysvar reference CSVs"", ""status"": ""Implemented"", ""honest_notes"": ""Helps avoid collisions; does not evaluate expressions""},"
medium,safety-claim,mugenforge/forge_beyond.py,340,"{""capability"": ""Plugins/templates"", ""coverage"": ""Safe JSON/data manifests, macro packs, no-code template foundation"", ""status"": ""Implemented foundation"", ""honest_notes"": ""Does not auto-run arbitrary downloaded Python""},"
high,binary-fullness,mugenforge/forge_beyond.py,341,"{""capability"": ""Full arbitrary SFF2 rebuild/edit"", ""coverage"": ""Source-pack bridge via external tools"", ""status"": ""Not implemented"", ""honest_notes"": ""Explicit limitation retained""},"
medium,fighter-factory-reference,mugenforge/forge_beyond.py,346,"""This matrix is a clean-room feature implementation ledger. It does not use or reproduce proprietary Fighter Factory/VirtualTek code, assets, or private logic."","
medium,safety-claim,mugenforge/forge_beyond.py,357,"""MugenForge goes beyond a raw asset/code editor by turning production work into beginner-safe, no-code passes: dashboards, task boards, tuning sheets, move composers, migration reports, backup snapshots, release checks, artist/sound handoff packs, and source-based SFF2 projects."","
medium,fighter-factory-reference,mugenforge/forge_beyond.py,361,"""- No proprietary Fighter Factory/VirtualTek source, assets, or private implementation logic are used."","
high,binary-fullness,mugenforge/forge_beyond.py,362,"""- Full arbitrary mature SFF v2 extraction/rebuild/editing is still not implemented."","
high,engine-authority,mugenforge/forge_beyond.py,364,"""- Frame data, balance, animation, and debug reports are creator aids, not engine-authoritative truth."","
medium,safety-claim,mugenforge/forge_beyond.py,763,"result = ForgeBeyondResult(""Forge Beyond Safe Macro Pack"")"
info,honesty-negative,mugenforge/forge_beyond.py,769,"{""id"": ""generate_index"", ""label"": ""Generate project index"", ""description"": ""Writes reports; does not mutate gameplay files.""},"
medium,safety-claim,mugenforge/forge_beyond.py,775,"_write_text(root, out / ""README.md"", ""# Forge Beyond Safe Macro Pack\n\nData-only macros. MugenForge does not auto-run arbitrary downloaded code."", result)"
medium,plugin-execution,mugenforge/forge_beyond.py,781,"result = ForgeBeyondResult(""Forge Beyond Template / Plugin Foundation"")"
medium,safety-claim,mugenforge/forge_beyond.py,786,"result.merge(install_safe_macro_pack(root), ""safe macros"")"
high,binary-fullness,mugenforge/forge_beyond.py,788,"manifest = {""schema"": ""mugenforge.forge_beyond.templates.v1"", ""version"": FORGE_BEYOND_VERSION, ""execution_model"": ""declarative-first"", ""safe_policy"": [""Preview generated changes before applying."", ""Back up files before mutation."", ""Do not auto-run arbitrary downloaded Python code."", ""Keep SFF2 rebuild work source-based unless a real implementation is added.""], ""template_types"": [""move"", ""system"", ""stage"", ""sound-cue"", ""palette"", ""release-check""]}"
medium,plugin-execution,mugenforge/forge_beyond.py,790,"_write_text(root, out / ""README.md"", ""# Forge Beyond Template / Plugin Foundation\n\nDeclarative templates and macros for no-code expansion. Arbitrary downloaded Python plugins are not auto-executed."", result)"
medium,plugin-execution,mugenforge/forge_beyond.py,791,"result.notes.append(""Template/plugin foundation installed with metadata-first safety rules."")"
info,honesty-negative,mugenforge/forge_beyond.py,913,"result.merge(create_backup_snapshot(root), ""backup snapshot"")"
medium,plugin-execution,mugenforge/forge_beyond.py,924,"(""template/plugin foundation"", write_template_plugin_foundation),"
info,honesty-negative,mugenforge/forge_beyond.py,943,"""3. Edit command/AIR batch CSVs only after making a backup."","
high,binary-fullness,mugenforge/forge_beyond.py,949,"""- Full arbitrary mature SFF v2 extraction/rebuild is not implemented."","
high,engine-authority,mugenforge/forge_beyond.py,952,"""- Frame/balance reports are estimates, not engine-authoritative."","
medium,plugin-execution,mugenforge/forge_beyond.py,953,"""- Third-party plugin execution remains disabled by default."","
medium,plugin-execution,mugenforge/forge_beyond.py,968,"{""area"": ""Templates/plugins"", ""status"": ""data-first foundation"", ""where"": ""Forge Beyond Template / Plugin Foundation""},"
high,binary-fullness,mugenforge/forge_beyond.py,987,"Honest boundaries remain: no proprietary source/assets, no arbitrary mature SFF2 binary rewrite claim, and gameplay scaffolds require M.U.G.E.N playtesting."
high,binary-fullness,mugenforge/forge_flow.py,290,"""- v4.5 improves visual source-driven workflows; it does not add arbitrary mature SFF v2 binary editing/rebuilding."","
high,engine-authority,mugenforge/forge_flow.py,291,"""- Timeline and state reports are source-analysis aids, not engine-authoritative runtime telemetry."","
high,binary-fullness,mugenforge/forge_flow.py,306,<div class='card'><h2>Limits kept honest</h2><p>Reports and previews are source-analysis aids. Full arbitrary mature SFF v2 binary editing/rebuilding remains outside this release.</p></div>
high,engine-authority,mugenforge/forge_flow.py,440,"""honest_limit"": ""This is a source-code/AIR timeline model. It is not engine-authoritative runtime telemetry."","
info,honesty-negative,mugenforge/forge_flow.py,550,"backup = _backup_file(root, air_path, ""move_flow_air_apply"")"
info,honesty-negative,mugenforge/forge_flow.py,553,if backup:
info,honesty-negative,mugenforge/forge_flow.py,554,"result.notes.append(f""Backup written: {_rel(root, backup)}"")"
info,honesty-negative,mugenforge/forge_flow.py,583,"backup = _backup_file(root, path, ""move_flow_playsnd_apply"")"
info,honesty-negative,mugenforge/forge_flow.py,585,if backup:
info,honesty-negative,mugenforge/forge_flow.py,586,"result.notes.append(f""Backup written: {_rel(root, backup)}"")"
info,honesty-negative,mugenforge/forge_flow.py,789,"backup = _backup_file(root, path, ""state_flow_apply"")"
info,honesty-negative,mugenforge/forge_flow.py,792,if backup:
info,honesty-negative,mugenforge/forge_flow.py,793,"result.notes.append(f""Backup written: {_rel(root, backup)}"")"
info,honesty-negative,mugenforge/forge_flow.py,877,"result.notes.append(""Palette Studio uses ACT files and source-image previews. It does not mutate SFF palettes directly."")"
info,honesty-negative,mugenforge/forge_flow.py,901,"backup = _backup_file(root, out, ""palette_apply"")"
info,honesty-negative,mugenforge/forge_flow.py,902,if backup:
info,honesty-negative,mugenforge/forge_flow.py,903,"result.notes.append(f""Backup written: {_rel(root, backup)}"")"
info,honesty-negative,mugenforge/forge_flow.py,1036,"backup = _backup_file(root, path, ""stage_flow_apply"")"
info,honesty-negative,mugenforge/forge_flow.py,1039,if backup:
info,honesty-negative,mugenforge/forge_flow.py,1040,"result.notes.append(f""Backup written: {_rel(root, backup)}"")"
high,binary-fullness,mugenforge/forge_polish.py,187,"] + [f""- [ ] {step}"" for step in next_steps] + ["""", ""## Honest limits"", """", ""- Full arbitrary mature SFF v2 binary extraction/rebuild/mutation is still not implemented."", ""- Reports are source-analysis aids, not engine-authoritative runtime telemetry.""]"
high,binary-fullness,mugenforge/forge_polish.py,193,"html_text = f""<!doctype html><meta charset='utf-8'><title>MugenForge v4.1 Dashboard</title><style>body{{font-family:system-ui;margin:24px;max-width:980px}}.score{{font-size:42px;font-weight:700}}li{{margin:6px 0}}table{{border-collapse:collapse}}td,th{{border:1px solid #ccc;padding:4px 8px}}</style><h1>MugenForge v4.1 Beginner Dashboard</h1><div class='score'>{score}/100</div><p>Commands: {len(commands)}. States: {len(states)}. HitDefs: {hitdefs}. AIR actions: {len(actions)}.</p><h2>Do next</h2>"
info,honesty-negative,mugenforge/forge_polish.py,372,"_write_text(root, _out(root, ""sheet_validation"") / ""SOUND_CUE_SHEET_GUIDE.md"", ""# Editable Sound Cue Sheet\n\nOnly rows with `action=add` and `enabled=yes` are applied. Applying inserts text-code `PlaySnd` controllers with backups. This does not mutate SND binary banks."", result)"
info,honesty-negative,mugenforge/forge_polish.py,435,"backup = _backup_text_file(root, path, ""sound_cue_sheet"")"
info,honesty-negative,mugenforge/forge_polish.py,436,if backup:
info,honesty-negative,mugenforge/forge_polish.py,437,"result.add_created(root, backup)"
medium,plugin-execution,mugenforge/forge_polish.py,630,"result = ForgePolishResult(""Template / Plugin Data Validation"")"
medium,plugin-execution,mugenforge/forge_polish.py,672,"issues.append(_issue(""warning"", rel, index, ""plugin"", ""Executable plugin entry types are not auto-run.""))"
medium,plugin-execution,mugenforge/forge_polish.py,677,"_write_text(root, out / ""TEMPLATE_PLUGIN_VALIDATION.md"", _issues_markdown(""Template / Plugin Validation"", issues) + ""\n\nData-only manifests are supported. Arbitrary third-party Python plugins are not auto-run."", result)"
medium,plugin-execution,mugenforge/forge_polish.py,681,"result.notes.append(f""Validated {len(rows)} template/plugin metadata file(s)."")"
medium,safety-claim,mugenforge/forge_polish.py,703,"result = ForgePolishResult(""Safe Template Pack Import"")"
medium,safety-claim,mugenforge/forge_polish.py,740,"result.warnings.append(""Template import supports safe data files/folders/ZIPs only."")"
medium,safety-claim,mugenforge/forge_polish.py,747,"result.notes.append(f""Imported {copied} safe template file(s); skipped {skipped} unsafe/unsupported file(s)."")"
info,honesty-negative,mugenforge/forge_polish.py,817,"is_backup = ""backups"" in rel_path.parts or "".bak"" in path.name.lower() or (path.suffix.lower() == "".zip"" and any(word in low for word in (""snapshot"", ""backup"", ""release"")))"
info,honesty-negative,mugenforge/forge_polish.py,821,"rows.append({""kind"": ""snapshot zip"" if path.suffix.lower() == "".zip"" else ""file backup"", ""modified"": datetime.fromtimestamp(path.stat().st_mtime).isoformat(timespec=""seconds""), ""bytes"": path.stat().st_size, ""path"": rel, ""restore_hint"": target})"
info,honesty-negative,mugenforge/forge_polish.py,844,"result = ForgePolishResult(""Backup History Browser"")"
info,honesty-negative,mugenforge/forge_polish.py,850,"_write_text(root, out / ""backup_history.html"", f""<!doctype html><meta charset='utf-8'><h1>Backup History</h1><p>Artifacts found: {len(rows)}</p><table border='1' cellspacing='0' cellpadding='4'><tr><th>Modified</th><th>Kind</th><th>Bytes</th><th>Path</th><th>Restore hint</th></tr>{table}</table>"", result)"
info,honesty-negative,mugenforge/forge_polish.py,851,"_write_text(root, out / ""BACKUP_HISTORY.md"", f""# Backup History\n\nArtifacts found: {len(rows)}. Review restore hints before restoring. Forge Polish creates a pre-restore guard when restoring individual files from the UI."", result)"
info,honesty-negative,mugenforge/forge_polish.py,852,"result.notes.append(f""Indexed {len(rows)} backup/snapshot artifact(s)."")"
info,honesty-negative,mugenforge/forge_polish.py,858,"result = ForgePolishResult(""Backup Restore"")"
info,honesty-negative,mugenforge/forge_polish.py,859,backup = Path(backup_rel)
info,honesty-negative,mugenforge/forge_polish.py,860,if not backup.is_absolute():
info,honesty-negative,mugenforge/forge_polish.py,861,backup = root / backup
info,honesty-negative,mugenforge/forge_polish.py,862,if not backup.exists() or not backup.is_file():
info,honesty-negative,mugenforge/forge_polish.py,863,"result.warnings.append(f""Backup file not found: {backup}"")"
info,honesty-negative,mugenforge/forge_polish.py,865,"if backup.suffix.lower() == "".zip"":"
info,honesty-negative,mugenforge/forge_polish.py,868,"target = Path(target_rel) if target_rel else Path(_guess_restore_target(_rel(root, backup)))"
info,honesty-negative,mugenforge/forge_polish.py,887,"shutil.copy2(backup, target)"
info,honesty-negative,mugenforge/forge_polish.py,889,"result.notes.append(f""Restored {_rel(root, backup)} to {_rel(root, target)}."")"
info,honesty-negative,mugenforge/forge_polish.py,931,"for label, func in ((""dashboard"", write_beginner_next_steps_dashboard), (""command/AIR validation"", validate_all_edit_sheets), (""sound cue sheet"", export_sound_cue_apply_sheet), (""timeline preview"", build_sprite_backed_timeline_preview), (""state graph"", write_state_graph_canvas_pack), (""template validation"", validate_template_library), (""stage preview"", build_stage_source_preview), (""backup history"", write_backup_history)):"
high,binary-fullness,mugenforge/forge_polish.py,948,"v4.1 focuses on safer apply previews, visual preview consolidation, sound cue sheet insertion, and backup visibility. It does not add arbitrary mature SFF v2 binary editing/rebuilding."
info,honesty-negative,mugenforge/forge_polish.py,955,"result.notes.append(""v4.1 focuses on validation previews, sound cue CSV apply, visual previews, graph canvas support, template safety, stage source-art planning, and backup visibility."")"
info,honesty-negative,mugenforge/forge_timeline.py,281,This is intentionally text/source based. It does not mutate SFF/SND binaries.
info,honesty-negative,mugenforge/forge_timeline.py,362,"""honest_scope"": ""Text/source-analysis timeline. Does not mutate SFF/SND binaries."","
high,engine-authority,mugenforge/forge_timeline.py,411,"<p class=""note"">This is a text/source-analysis timeline. It can guide editing, but it is not engine-authoritative runtime telemetry and does not mutate SFF/SND binaries.</p>"
info,honesty-negative,mugenforge/forge_timeline.py,638,"result.notes.append(f""Backup written: {_rel(root, bak)}"")"
info,honesty-negative,mugenforge/forge_timeline.py,679,"result.notes.append(f""Backup written: {_rel(root, bak)}"")"
info,honesty-negative,mugenforge/forge_timeline.py,795,"result.notes.append(f""Backup written: {_rel(root, bak)}"")"
info,honesty-negative,mugenforge/forge_timeline.py,938,"result.notes.append(f""Backup written: {_rel(root, bak)}"")"
info,honesty-negative,mugenforge/forge_timeline.py,1178,"result.notes.append(f""Backup written: {_rel(root, bak)}"")"
high,engine-authority,mugenforge/forge_timeline.py,1422,"""honest_scope"": ""Approximate stage/source-art preview. It does not emulate M.U.G.E.N rendering, parallax, or BGCtrl timing authoritatively."","
high,engine-authority,mugenforge/forge_timeline.py,1431,"result.notes.append(""Stage preview is approximate and source-art based, not engine-authoritative."")"
high,binary-fullness,mugenforge/forge_timeline.py,1531,"] + [f""- [ ] {step}"" for step in next_steps] + ["""", ""## Honest limits"", """", ""- This release adds source/sheet-backed visual editing workflows. It still does not implement full arbitrary mature SFF v2 binary extraction/rebuild/mutation."", ""- Timeline, graph, frame-data, palette, and stage previews are source-analysis aids; real M.U.G.E.N playtesting remains required."", ""- SND/SFF binary mutation remains conservative; sound cues insert source PlaySnd controllers rather than patching SND binaries."""
high,binary-fullness,mugenforge/forge_timeline.py,1597,"Honest limit: this is source/sheet-backed editing, not full arbitrary mature SFF v2 binary editing/rebuilding."
info,honesty-negative,mugenforge/gap_closer.py,141,"""6. Commit binary candidates only after hash/backup verification."","
info,honesty-negative,mugenforge/gap_closer.py,154,"""implementation"": ""Source Runtime Model builds a lightweight StateDef/AIR/CMD timing simulator and Engine Scenario Sessions run the real external engine when configured."","
high,engine-authority,mugenforge/gap_closer.py,163,"""limitation"": ""Runtime readiness scores are evidence aids, not engine-authoritative."","
info,honesty-negative,mugenforge/gap_closer.py,165,"""status"": ""Improved: score can be evidence-backed when the external engine runs."","
high,binary-fullness,mugenforge/gap_closer.py,168,"""limitation"": ""Full arbitrary historical/custom SFF2 variants need broader corpus validation."","
info,honesty-negative,mugenforge/gap_closer.py,178,"""limitation"": ""SFF/SND mutation remains candidate/backup-first and avoids blind overwrite."","
info,honesty-negative,mugenforge/gap_closer.py,179,"""implementation"": ""Guarded Binary Commit can write candidate files into project slots only with SHA-256 verification and automatic backups."","
info,honesty-negative,mugenforge/gap_closer.py,400,"""disclaimer"": ""This is a lightweight source-runtime model for preflight checks. It does not replace real M.U.G.E.N/IKEMEN execution."","
info,honesty-negative,mugenforge/gap_closer.py,406,"lines = [""# Source Runtime Model"", """", ""This adds a lightweight runtime-style pass over source files. It estimates state duration, active windows, sound events, HitDefs, ChangeStates, and common risks before launching the external engine."", """", ""## Summary"", """", f""Commands: {len(commands)}"", f""States: {len(states)}"", f""AIR actions: {len(actions)}"", f""Static traces: {len(traces)}"", """", ""## Highest-risk states"", """"]"
info,honesty-negative,mugenforge/gap_closer.py,410,"lines += ["""", ""## Engine relation"", ""This model narrows the no-simulation gap but does not claim cycle-perfect engine behavior. Pair it with Engine Scenario Sessions for real evidence.""]"
info,honesty-negative,mugenforge/gap_closer.py,618,"res.add_warning(f""Corpus folder does not exist: {c}"")"
info,honesty-negative,mugenforge/gap_closer.py,721,"action = ""Keep raw backup; inspect with hex view/spec notes before mutation."""
info,honesty-negative,mugenforge/gap_closer.py,787,"""notes"": ""Set enabled=yes and commit_token=COMMIT to write candidate into target slot."","
info,honesty-negative,mugenforge/gap_closer.py,790,"_write_text(base / ""GUARDED_BINARY_COMMIT.md"", ""# Guarded Binary Commit\n\nEdit `guarded_binary_commit_sheet.csv`. Only rows with `enabled=yes` and `commit_token=COMMIT` are applied. The target SHA-256 must match unless the expected field is blank. A backup is written before commit.\n"", res, root)"
info,honesty-negative,mugenforge/gap_closer.py,807,"candidate = (root / str(row.get(""candidate_path"", """"))).resolve()"
info,honesty-negative,mugenforge/gap_closer.py,809,if not candidate.exists():
info,honesty-negative,mugenforge/gap_closer.py,810,"res.add_warning(f""Candidate not found: {candidate}"")"
info,honesty-negative,mugenforge/gap_closer.py,813,actual_candidate = _sha256(candidate)
info,honesty-negative,mugenforge/gap_closer.py,815,"res.add_warning(f""Candidate hash mismatch for {candidate.name}; skipped."")"
info,honesty-negative,mugenforge/gap_closer.py,823,backup = _backup_file(target)
info,honesty-negative,mugenforge/gap_closer.py,824,if backup:
info,honesty-negative,mugenforge/gap_closer.py,825,"res.add_created(root, backup)"
info,honesty-negative,mugenforge/gap_closer.py,827,"shutil.copy2(candidate, target)"
info,honesty-negative,mugenforge/gap_closer.py,829,"applied.append({""candidate"": _rel(root, candidate), ""target"": _rel(root, target), ""target_sha256_after"": _sha256(target)})"
medium,fighter-factory-reference,mugenforge/handoff_core.py,330,"{'claim_area': 'Clean-room status', 'safe_claim': 'MugenForge is a clean-room Python/Tkinter M.U.G.E.N creator suite.', 'do_not_claim': 'Do not claim Fighter Factory / VirtuallTek source reuse.'},"
high,binary-fullness,mugenforge/handoff_core.py,331,"{'claim_area': 'SFF2', 'safe_claim': 'Common SFF2 workflows include parser/export/candidate build/triage paths.', 'do_not_claim': 'Do not claim perfect arbitrary custom/encrypted/historical SFF2 support without corpus evidence.'},"
high,binary-fullness,mugenforge/handoff_core.py,332,"{'claim_area': 'SND', 'safe_claim': 'SND workflows include WAV extraction/rebuild and guarded candidate patching when metadata is reliable.', 'do_not_claim': 'Do not claim blind in-place mutation of arbitrary legacy SND files.'},"
medium,safety-claim,mugenforge/handoff_core.py,339,"lines += [f'## {row[""claim_area""]}', '', f'- Safe claim: {row[""safe_claim""]}', f'- Do not claim: {row[""do_not_claim""]}', '']"
info,honesty-negative,mugenforge/handoff_core.py,407,"- v5.x: binary core/deep/maturity for SFF/SND inspection, candidate builds, and guarded mutation."
medium,safety-claim,mugenforge/handoff_core.py,409,"- v7.x: closure/evidence/authority layers for simulation, engine-backed gates, corpus validation, verified candidate promotion."
info,honesty-negative,mugenforge/handoff_core.py,422,3. Expand binary corpus validation and document unsupported variants.
medium,safety-claim,mugenforge/maintenance_core.py,222,"'5. Keep binary claims tied to verified parser/rebuild paths and runtime claims tied to external evidence.',"
high,binary-fullness,mugenforge/maintenance_core.py,396,"('binary-fullness', r'\b(full|arbitrary|complete|mature|all|any)\b.{0,80}\b(SFF|SFF2|SND|binary|mutation|rebuild|extract)', 'high'),"
high,engine-authority,mugenforge/maintenance_core.py,397,"('engine-authority', r'\b(engine[- ]authoritative|simulate|emulate|runtime[- ]authoritative|certification)\b', 'high'),"
medium,safety-claim,mugenforge/maintenance_core.py,398,"('safety-claim', r'\b(safe|verified|guaranteed|lossless|byte[- ]perfect)\b', 'medium'),"
medium,fighter-factory-reference,mugenforge/maintenance_core.py,399,"('fighter-factory-reference', r'\b(Fighter Factory|VirtuallTek)\b', 'medium'),"
info,honesty-negative,mugenforge/maintenance_core.py,400,"('honesty-negative', r'\b(not implemented|does not|unsupported|experimental|candidate|backup|external engine|evidence aid|not.*authoritative)\b', 'info'),"
medium,plugin-execution,mugenforge/maintenance_core.py,401,"('plugin-execution', r'\b(plugin|auto-run|execute|third-party|downloaded Python)\b', 'medium'),"
high,binary-fullness,mugenforge/maintenance_core.py,431,"md = ['# Honesty Claims Audit', '', f'Generated: {datetime.now().isoformat(timespec=""seconds"")}', '', 'This is a text scan, not a legal review. It flags statements that future developers should keep accurate.', '', f'- Rows: {len(rows)}', f'- High-risk rows: {high}', f'- Medium-risk rows: {medium}', '', '## Required truth rules for future releases', '', '- Do not claim full arbitrary SFF2 support unless validated against a broad real-world corpus.', '- Do not call static reports engine-authorita"
medium,plugin-execution,mugenforge/maintenance_core.py,605,"'- Convert manual regression checklists into scenario files that Runtime/Evidence Core can execute or track.',"
medium,fighter-factory-reference,mugenforge/maintenance_core.py,649,"- Clean-room only. Do not use or claim Fighter Factory / VirtuallTek source, assets, or proprietary logic."
high,engine-authority,mugenforge/maintenance_core.py,651,- Do not claim static reports are engine-authoritative unless backed by external engine evidence.
medium,safety-claim,mugenforge/maintenance_core.py,652,- Do not blindly overwrite user binaries; preserve candidate/backup/verified install workflows.
medium,plugin-execution,mugenforge/maintenance_core.py,653,- Do not auto-run untrusted third-party Python plugins.
info,honesty-negative,mugenforge/maintenance_core.py,669,"- v3.5 Visual Forge: beginner home, timeline, axis, sound cue, migration, backup logs."
info,honesty-negative,mugenforge/maintenance_core.py,671,"- v4.1 Forge Polish: validation previews, sound cue apply, sprite-backed preview, backup history."
info,honesty-negative,mugenforge/maintenance_core.py,673,- v5.0 Binary Core: conservative SFF/SND binary inspection and candidate workflows.
info,honesty-negative,mugenforge/maintenance_core.py,675,"- v6.1 Runtime Lab: external engine launchers, logs, evidence, readiness reports."
medium,safety-claim,mugenforge/maintenance_core.py,676,"- v7.0 Evidence Core line: gap closure, authority/evidence labs, source runtime modeling, corpus validation, verified installs."
info,honesty-negative,mugenforge/move_wizard.py,284,"candidate = (def_path.parent / v.strip().strip('""')).resolve()"
info,honesty-negative,mugenforge/move_wizard.py,285,if candidate.exists() and candidate.is_file():
info,honesty-negative,mugenforge/move_wizard.py,286,"if kind != 'cns' or candidate.suffix.lower() in {'.cns', '.st'}:"
info,honesty-negative,mugenforge/move_wizard.py,287,return candidate
info,honesty-negative,mugenforge/move_wizard.py,300,backup = path.with_suffix(path.suffix + '.bak')
info,honesty-negative,mugenforge/move_wizard.py,301,"backup.write_text(old, encoding='utf-8', errors='replace')"
medium,safety-claim,mugenforge/no_code_director.py,50,"tuning_notes=[""Rushdown should win close range but work harder from full screen."", ""Do not make every move plus/safe by default."", ""Give big enders clear recovery.""],"
info,honesty-negative,mugenforge/no_code_director.py,290,"result.warnings.append(""Placeholder sheet does not exist, so SFF was not built."")"
info,honesty-negative,mugenforge/operator_console.py,358,"'3. **Binary Maturity / Evidence Core** for SFF/SND candidate validation and runtime-backed promotion.',"
info,honesty-negative,mugenforge/operator_console.py,372,"'- Operator Console consolidates project state and next steps. It does not replace engine testing.',"
info,honesty-negative,mugenforge/operator_console.py,373,"'- Binary and runtime tools remain candidate/backup/evidence first. Review generated sheets before applying edits.',"
medium,fighter-factory-reference,mugenforge/operator_console.py,421,"- Do not use or copy Fighter Factory / VirtualTek source, assets, or proprietary logic."
info,honesty-negative,mugenforge/operator_console.py,422,"- Keep binary work honest; unsupported/corrupt/custom binaries should be triaged and preserved, not guessed."
info,honesty-negative,mugenforge/operator_console.py,423,- Candidate builds and mutation flows should write backups and verification reports before install.
info,honesty-negative,mugenforge/operator_console.py,429,2. Add real project corpus tests for SFF2/SND variants and keep unsupported cases visible.
info,honesty-negative,mugenforge/operator_console.py,459,"('Corpus validation', 'Expand real-world SFF2/SND test corpus and record supported/unsupported buckets.'),"
info,honesty-negative,mugenforge/operator_console.py,498,- Keep binary edits candidate/backup/evidence-first.
info,honesty-negative,mugenforge/operator_console.py,596,"'release_recommendation': 'hold' if blockers else ('evidence-needed' if warnings else 'candidate'),"
medium,safety-claim,mugenforge/operator_console.py,603,"'Binary candidate installs should be verified with hashes and rollback manifests.',"
high,engine-authority,mugenforge/operator_console.py,666,Honest scope: Operator Console makes project state easier to resume and audit. It does not make static analysis engine-authoritative.
info,honesty-negative,mugenforge/parsers.py,388,"return f'File: {path.name}\nSize: {path.stat().st_size:,} bytes\nBinary preview is not implemented for {ext} yet.'"
medium,safety-claim,mugenforge/parsers.py,392,"safe = re.sub(r'[^A-Za-z0-9_\-]+', '_', name).strip('_') or 'new_character'"
medium,safety-claim,mugenforge/parsers.py,393,char_dir = root / safe
medium,safety-claim,mugenforge/parsers.py,395,"(char_dir / f'{safe}.def').write_text(f'''[Info]\nname = ""{safe}""\ndisplayname = ""{safe}""\nversiondate = 06,12,2026\nmugenversion = 1.0\nauthor = ""Doc""\n\n[Files]\nsprite = {safe}.sff\nsound = {safe}.snd\nanim = {safe}.air\ncmd = {safe}.cmd\ncns = {safe}.cns\n\n[Arcade]\nintro.storyboard = \nending.storyboard = \n''', encoding='utf-8')"
medium,safety-claim,mugenforge/parsers.py,396,"(char_dir / f'{safe}.air').write_text('[Begin Action 0] ; standing/idle\n0,0, 0,0, 5\n\n[Begin Action 20] ; walk forward\n0,0, 0,0, 4\n0,1, 0,0, 4\n0,2, 0,0, 4\n', encoding='utf-8')"
medium,safety-claim,mugenforge/parsers.py,397,"(char_dir / f'{safe}.cmd').write_text('''[Command]\nname = ""x""\ncommand = x\ntime = 1\n\n[Command]\nname = ""forward_x""\ncommand = F, x\ntime = 12\n\n[Statedef -1]\n\n[State -1, Light Attack]\ntype = ChangeState\nvalue = 200\ntriggerall = command = ""x""\ntrigger1 = ctrl\n''', encoding='utf-8')"
medium,safety-claim,mugenforge/parsers.py,398,"(char_dir / f'{safe}.cns').write_text('''[Data]\nlife = 1000\nattack = 100\ndefence = 100\nfall.defence_up = 50\nliedown.time = 60\nairjuggle = 15\nsparkno = 2\nguard.sparkno = 40\nKO.echo = 0\nvolume = 0\nIntPersistIndex = 60\nFloatPersistIndex = 40\n\n[Size]\nxscale = 1\nyscale = 1\nground.back = 15\nground.front = 16\nair.back = 12\nair.front = 12\nheight = 60\nattack.dist = 160\nproj.attack.dist = 90\nproj.doscale = 0\nhead.pos = -5, -90\nmid.pos = -5, -60\nshadowoffset = 0\ndraw.offset = 0,"
info,honesty-negative,mugenforge/quality_lab.py,664,result = QualityLabResult(title='Quality Lab backup/restore bundle created')
info,honesty-negative,mugenforge/quality_lab.py,672,"restore = f'''# Restore Instructions\n\nBackup generated: {datetime.now().isoformat(timespec=""seconds"")}\nProject: {root}\n\nTo restore, extract this ZIP next to the original character folder. It contains a full snapshot of the folder at backup time.\n'''"
medium,safety-claim,mugenforge/quality_lab.py,713,"lines += ['', '## Safe rule', '', 'Make a Quality Lab backup before generated-code passes or asset rebuilds.']"
info,honesty-negative,mugenforge/quality_lab.py,724,"('backup', create_backup_restore_bundle),"
info,honesty-negative,mugenforge/quality_lab.py,737,result.notes.append('Quality Lab does not overwrite the main AIR during the one-click pass; it writes suggestions/copies so beginners can review before replacing tuned data.')
high,binary-fullness,mugenforge/rescue_lab.py,216,"lines += ["""", ""## Notes"", """", ""This is a best-effort rescue scan. It is useful for unknown or unsupported packed files, but it does not replace full SFF v2 table parsing.""]"
info,honesty-negative,mugenforge/rescue_lab.py,379,"""This file explains the safest recovery path when a project has packed assets, missing source folders, unsupported SFF/SND layouts, or confusing AIR references."","
medium,safety-claim,mugenforge/rescue_lab.py,397,"""5. Run **Build Recovered SFF v1** only when you want a fresh starter SFF, not a byte-perfect original file."","
high,binary-fullness,mugenforge/rescue_lab.py,402,"""Rescue Lab does not claim full SFF v2 rebuild support. It is a practical asset-recovery lane for creators who need to keep working without writing code or reverse-editing binary tables by hand."","
info,honesty-negative,mugenforge/runtime_lab.py,65,backup = path.with_name(path.name + f'.bak_runtime_{_timestamp()}')
info,honesty-negative,mugenforge/runtime_lab.py,67,"backup.write_text(read_text_safely(path), encoding='utf-8', errors='replace')"
info,honesty-negative,mugenforge/runtime_lab.py,69,backup.write_bytes(path.read_bytes())
info,honesty-negative,mugenforge/runtime_lab.py,70,return backup
high,engine-authority,mugenforge/runtime_lab.py,168,'Runtime Lab does not simulate M.U.G.E.N; it organizes external engine tests and evidence.'
info,honesty-negative,mugenforge/runtime_lab.py,355,"Runtime Lab does not run the engine inside MugenForge. It creates transparent scripts, checklists, and evidence folders so failures are reproducible."
info,honesty-negative,mugenforge/runtime_lab.py,379,backup = _backup_text(target)
info,honesty-negative,mugenforge/runtime_lab.py,402,if backup:
info,honesty-negative,mugenforge/runtime_lab.py,403,"result.add_note(f'Backup written: {_rel(root, backup)}')"
medium,safety-claim,mugenforge/runtime_lab.py,424,"safe = re.sub(r'[^A-Za-z0-9_\-]+', '_', str(cmd.get('name') or idx)).strip('_') or f'cmd_{idx}'"
medium,safety-claim,mugenforge/runtime_lab.py,425,"add(f'cmd_{idx:03d}_{safe}', 'command', f'Input `{cmd.get(""command"", """")}` for command `{cmd.get(""name"", """")}`.', 'Expected state/move triggers, then returns control or intended follow-up state.', command=cmd.get('name', ''), blocker='yes')"
info,honesty-negative,mugenforge/runtime_lab.py,633,"ding(6, f'Configured engine_executable does not exist on this system: {engine_path}')"
high,engine-authority,mugenforge/runtime_lab.py,699,"lines += ['', '## Important note', '', 'This score is a release aid. It is not engine-authoritative; real M.U.G.E.N/IKEMEN testing remains required.']"
high,engine-authority,mugenforge/runtime_lab.py,762,"MugenForge still does not simulate M.U.G.E.N/IKEMEN. Runtime Lab creates launchers, checklists, overlays, parsers, and evidence bundles so external engine testing is repeatable and auditable."
high,engine-authority,mugenforge/runtime_lab.py,797,"'Runtime Lab does not emulate M.U.G.E.N/IKEMEN. It makes external engine testing repeatable and auditable.',"
info,honesty-negative,mugenforge/runtime_lab.py,850,"This pack contains a debug-only `DisplayToClipboard` / `AppendToClipboard` helper. Use **Install Telemetry Helpers** to append it to your CNS/ST file with a backup, or copy it manually."
info,honesty-negative,mugenforge/runtime_lab.py,876,result.add_warning(f'Engine executable does not exist on this machine: {engine}')
info,honesty-negative,mugenforge/sff2_bridge.py,291,res.notes.append('This creates an editable SFF2 source project. It does not preserve SFF2 compression tables from an existing v2 file.')
info,honesty-negative,mugenforge/sff2_codec.py,246,msg = 'File does not match the standard SFF2 table layout used by M.U.G.E.N 1.0/1.1.'
info,honesty-negative,mugenforge/sff2_codec.py,330,notes.append('RLE5/LZ5 decoder is experimental and export will be marked provisional')
info,honesty-negative,mugenforge/sff2_codec.py,427,raise Sff2Error(f'RLE8 uncompressed byte count {raw_size} does not match width*height {expected}.')
info,honesty-negative,mugenforge/sff2_codec.py,469,"""""""Experimental RLE5 decoder."
medium,safety-claim,mugenforge/sff2_codec.py,495,raise Sff2Error('RLE5 decode did not match the expected pixel count with available safe heuristics.')
info,honesty-negative,mugenforge/sff2_codec.py,515,"""""""Experimental LZ5 probe decoder."
medium,safety-claim,mugenforge/sff2_codec.py,518,handles a few safe corpus-development cases: uncompressed fallback blocks and
info,honesty-negative,mugenforge/sff2_codec.py,520,that does not exactly produce width*height indices.
medium,safety-claim,mugenforge/sff2_codec.py,545,raise Sff2Error('LZ5 decode did not match the expected pixel count with available safe heuristics.')
info,honesty-negative,mugenforge/sff2_codec.py,579,raise Sff2Error(f'Raw sprite {sprite.index} has unsupported color depth {sprite.color_depth}.')
info,honesty-negative,mugenforge/sff2_codec.py,727,raise ValueError('Manifest does not contain a non-empty sprites list.')
info,honesty-negative,mugenforge/sff/__init__.py,368,"info.warnings.append(f'{s2.unsupported_count} SFF2 sprites use RLE5/LZ5/unsupported compression and are preserved as payloads, not production-decoded.')"
info,honesty-negative,mugenforge/sff/sff_v1.py,230,raise ValueError('Manifest does not contain a sprites list.')
info,honesty-negative,mugenforge/sff/sff_v1.py,331,raise ValueError('Replacement manifest does not contain a sprites list.')
info,honesty-negative,mugenforge/sff/sff_v1.py,399,lines.append('Build mode: creates a fresh SFF v1-style PCX chain. It does not preserve SFF v2 compression/tables.')
high,binary-fullness,mugenforge/sff/sff_v1.py,418,"lines.append('Build mode: SFF v1-style PCX payload chain. This is a practical starter builder, not a full SFF v2 compiler.')"
high,binary-fullness,mugenforge/sff/sff_v2.py,121,"def _mf_parse_sff2_standard(data: bytes) -> Tuple[Dict[str, Any], List[Sff2StandardRecord], List[Sff2PaletteRecord], List[str]]:"
info,honesty-negative,mugenforge/sff/sff_v2.py,305,"for candidate in (blob, blob[4:] if len(blob) >= 4 else b''):"
info,honesty-negative,mugenforge/sff/sff_v2.py,307,dec = zlib.decompress(candidate)
info,honesty-negative,mugenforge/sff/sff_v2.py,312,for candidate in candidates:
info,honesty-negative,mugenforge/sff/sff_v2.py,313,if candidate.startswith(b'\x89PNG\r\n\x1a\n'):
info,honesty-negative,mugenforge/sff/sff_v2.py,314,"return candidate, 'direct/zlib PNG payload'"
info,honesty-negative,mugenforge/sff/sff_v2.py,315,if candidate.startswith(b'\x0A'):
info,honesty-negative,mugenforge/sff/sff_v2.py,318,img = Image.open(BytesIO(candidate)).convert('RGBA')
info,honesty-negative,mugenforge/sff/sff_v2.py,323,"return candidate, 'direct/zlib PCX payload raw'"
info,honesty-negative,mugenforge/sff/sff_v2.py,360,raise ValueError(f'Unsupported SFF2 format code {record.format_code} for record {record.index}.')
high,binary-fullness,mugenforge/sff/sff_v2.py,396,"def patch_sff2_axis_copy(sff_path: Path, axis_rows: Iterable[Dict[str, Any]], out_path: Path) -> SffInfo:"
info,honesty-negative,mugenforge/sff/sff_v2.py,815,raise ValueError('SFF2 manifest does not contain a sprite records list.')
info,honesty-negative,mugenforge/sff/sff_v2.py,846,"f'Unsupported compressed sprites: {info.unsupported_count}',"
info,honesty-negative,mugenforge/sff/sff_v2.py,861,raise ValueError('SFF2 manifest does not contain a sprites list.')
info,honesty-negative,mugenforge/sff/sff_v2.py,893,raise ValueError(f'Unsupported SFF2 build compression: {compression}')
info,honesty-negative,mugenforge/snd_codec.py,240,raise ValueError('Manifest does not contain a sounds list.')
info,honesty-negative,mugenforge/spritesheet_tools.py,101,"'note': 'This manifest stages sprites for later SFF packing. It does not modify an SFF file.',"
medium,safety-claim,mugenforge/studio_plus.py,758,"safe = re.sub(r""[^A-Za-z0-9_\-]+"", ""_"", name).strip(""_"") or ""new_stage"""
medium,safety-claim,mugenforge/studio_plus.py,759,stage_dir = parent / safe
medium,safety-claim,mugenforge/studio_plus.py,761,"def_path = stage_dir / f""{safe}.def"""
medium,safety-claim,mugenforge/studio_plus.py,768,"name = ""{safe}"""
medium,safety-claim,mugenforge/studio_plus.py,769,"displayname = ""{safe}"""
medium,safety-claim,mugenforge/studio_plus.py,814,spr = {safe}.sff
info,honesty-negative,mugenforge/ui_actions/air_editor.py,176,sprite_status = 'missing or unsupported'
info,honesty-negative,mugenforge/ui_actions/air_editor.py,577,backup = self.current_path.with_suffix(self.current_path.suffix + '.bak')
info,honesty-negative,mugenforge/ui_actions/air_editor.py,579,"backup.write_text(read_text_safely(self.current_path), encoding='utf-8')"
info,honesty-negative,mugenforge/ui_actions/air_editor.py,582,self.status_var.set(f'Saved AIR with backup: {backup.name}')
info,honesty-negative,mugenforge/ui_actions/air_editor.py,583,"messagebox.showinfo('Saved', f'Saved AIR file and wrote backup:\n{backup}')"
info,honesty-negative,mugenforge/ui_actions/asset_workspaces.py,228,"self.set_text(self.run_output, f'Launch config written:\n{out}\n\nMugenForge does not include M.U.G.E.N. This only stores the path to your local executable.')"
medium,safety-claim,mugenforge/ui_actions/factory_max.py,122,"self._max_show_result(result, 'Safe project import complete')"
medium,safety-claim,mugenforge/ui_actions/factory_max.py,124,"messagebox.showerror('Safe import failed', str(exc))"
info,honesty-negative,mugenforge/ui_actions/factory_plus.py,97,"append_air = messagebox.askyesno('Append AIR actions?', 'Append one AIR action per imported sprite group when that action does not already exist?')"
info,honesty-negative,mugenforge/ui_actions/plus_workspaces.py,210,"if append and not messagebox.askyesno('Append AIR from SFF groups', 'This will append generated AIR actions to the project AIR file and create a backup first. Continue?'):"
medium,safety-claim,mugenforge/ui_actions/plus_workspaces.py,279,"self.set_text(self.plus_output, f'Stage template created:\n\n{out}\n\nThis expands MugenForge beyond characters with a beginner-safe stage DEF starter. Add real stage art/SFF later.')"
info,honesty-negative,mugenforge/ui_actions/quality_lab.py,70,"self._quality_lab_run('Backup/restore bundle created.', create_backup_restore_bundle)"
high,binary-fullness,mugenforge/ui_actions/sound_pipeline.py,199,"'Important: this is a simple RIFF/WAVE SND builder for starter characters and pipeline testing. Keep backups before replacing mature production SND files.',"
info,honesty-negative,mugenforge/ui_actions/sprite_pipeline.py,191,"'Important: this creates a fresh SFF v1-style PCX chain. It does not patch or preserve SFF v2 tables/compression.',"
high,binary-fullness,mugenforge/ui_actions/sprite_pipeline.py,341,"'Important: this is an SFF v1-style PCX builder for staged sprites. It is meant for starter characters and pipeline testing, not full SFF v2 parity yet.',"
medium,safety-claim,mugenforge/ui_actions/visual_forge.py,37,"safe = re.sub(r'[^A-Za-z0-9_-]+', '_', str(value or '')).strip('_')"
medium,safety-claim,mugenforge/ui_actions/visual_forge.py,38,return safe or default
high,binary-fullness,mugenforge/ui_actions/visual_forge.py,160,"4. Sprite Offset / Axis Editor: drag offsets into place. This edits AIR frame offsets, not arbitrary SFF2 binary axes."
high,binary-fullness,mugenforge/ui_actions/visual_forge.py,166,"Honest limits stay in force: generated code is scaffolding, balance/frame reports are estimates, and full mature SFF2 extraction/rebuild is not implemented."
info,honesty-negative,mugenforge/ui_actions/visual_forge.py,408,"info = [f""Frame #{int(frame.get('index', 0))+1}"", f""Sprite: {key}"", f""AIR offset: {ox},{oy}"", 'Drag the rectangle to preview; Save writes the AIR frame line with backup.']"
info,honesty-negative,mugenforge/ui_actions/visual_forge.py,412,"info.append('No SFF axis reference found for this sprite, or SFF unsupported for extraction.')"
medium,plugin-execution,mugenforge/ui_actions/visual_forge.py,543,@handle_ui_errors('Template/plugin install')
medium,plugin-execution,mugenforge/ui_actions/visual_forge.py,550,self.status_var.set('Template/plugin foundation installed')
info,honesty-negative,mugenforge/ui_actions/visual_forge.py,562,@handle_ui_errors('Backup snapshot')
info,honesty-negative,mugenforge/ui_actions/visual_forge.py,570,self.status_var.set('Visual Forge backup snapshot created')
info,honesty-negative,mugenforge/ui_tabs/asset_workspaces.py,163,"text='Store a local M.U.G.E.N executable path and launch it from the editor. This does not bundle M.U.G.E.N; it only points to your own install.',"
medium,safety-claim,mugenforge/ui_tabs/authority.py,44,"header = ttk.LabelFrame(frame, text=f'Authority Core v{ac.AUTHORITY_CORE_VERSION} — engine evidence, corpus validation, verified installs, and tuning feedback', padding=(8, 6))"
medium,safety-claim,mugenforge/ui_tabs/authority.py,48,"'validate SFF/SND corpora, triage unknown binaries, install verified binary candidates with backups, and apply gameplay tuning feedback from playtests.'"
medium,safety-claim,mugenforge/ui_tabs/authority.py,77,'validate binary corpus → install only verified candidates → apply tuning feedback → regenerate Authority Score.'
info,honesty-negative,mugenforge/ui_tabs/authority.py,152,"if not messagebox.askyesno('Run external engine', 'Launch the configured local engine now? MugenForge will capture stdout/stderr/result JSON and will not modify your engine install.'):"
info,honesty-negative,mugenforge/ui_tabs/authority.py,157,"self._authority_core_show_result(ac.run_authoritative_engine_scenario(root, scenario_id=scenario, timeout_seconds=timeout, dry_run=False), 'External engine scenario attempted')"
medium,safety-claim,mugenforge/ui_tabs/authority.py,191,"if not messagebox.askyesno('Install verified binary candidates', 'Install rows marked enabled=yes in authority_core/verified_binary_install/verified_binary_install_sheet.csv? Backups will be written first.'):"
medium,safety-claim,mugenforge/ui_tabs/authority.py,194,"self._authority_core_show_result(ac.install_verified_binary_candidates(root), 'Verified binary candidates installed')"
info,honesty-negative,mugenforge/ui_tabs/authority.py,197,"messagebox.showerror('Binary candidate install failed', str(exc))"
medium,safety-claim,mugenforge/ui_tabs/authority.py,248,"header = ttk.LabelFrame(frame, text=f'Authority Lab v{auth_lab.AUTHORITY_LAB_VERSION} — close remaining gaps with evidence and verified commits', padding=(8, 6))"
medium,safety-claim,mugenforge/ui_tabs/authority.py,252,"'source-runtime simulation, SFF2 corpus validation and fingerprinting, verified binary candidate promotion, '"
medium,safety-claim,mugenforge/ui_tabs/authority.py,322,"self._run(auth_lab.verify_engine_profile, 'Engine profile verified', 'Engine verification failed', run_probe=False)"
info,honesty-negative,mugenforge/ui_tabs/authority.py,328,"if not messagebox.askyesno('Probe engine', 'Run the configured external engine command briefly? This uses runtime_lab/runtime_config.json and captures stdout/stderr.'):"
medium,safety-claim,mugenforge/ui_tabs/authority.py,354,"self._run(auth_lab.export_verified_binary_commit_sheet, 'Verified binary commit sheet written', 'Binary commit sheet failed')"
medium,safety-claim,mugenforge/ui_tabs/authority.py,363,"self._authority_lab_show_result(auth_lab.apply_verified_binary_commit_sheet(root), 'Verified binary commit sheet applied')"
medium,safety-claim,mugenforge/ui_tabs/binary.py,91,"header = ttk.LabelFrame(frame, text=f'Binary Core v{bc.BINARY_CORE_VERSION} — SFF/SND inspection, safe rebuilds, backups, and roundtrip reports', padding=(8, 6))"
high,binary-fullness,mugenforge/ui_tabs/binary.py,97,'Unsupported arbitrary SFF2 mutation is refused instead of guessed.'
info,honesty-negative,mugenforge/ui_tabs/binary.py,117,"('Build Experimental SFF2 PNG Copy', self.binary_core_sff2_png_copy_ui),"
info,honesty-negative,mugenforge/ui_tabs/binary.py,140,"'Binary Deep is an experimental companion tab: broad SFF2 table discovery, PNG/PCX/zlib/raw/RLE8 recovery, diagnostic-only 5-bit/LZ-style probes, '"
medium,safety-claim,mugenforge/ui_tabs/binary.py,179,"header = ttk.LabelFrame(frame, text=f'Binary Maturity v{bm.BINARY_MATURITY_VERSION} — standard SFF2, safe rebuild candidates, SND slot patches, runtime harness', padding=(8, 6))"
high,binary-fullness,mugenforge/ui_tabs/binary.py,236,"messagebox.showinfo('Binary Core complete', 'v5.5 Binary Core pass completed. Open binary_core/BINARY_CORE_START_HERE.md to review next steps.')"
high,binary-fullness,mugenforge/ui_tabs/binary.py,247,"self._run_action(self._binary_core_root, self.app.binary_core_output, self.app.binary_core_frame, bc.inspect_sff2_native, 'SFF2 native inspection complete', 'SFF2 inspection failed')"
high,binary-fullness,mugenforge/ui_tabs/binary.py,250,"self._run_action(self._binary_core_root, self.app.binary_core_output, self.app.binary_core_frame, bc.export_supported_sff2_payloads, 'Supported SFF payload export complete', 'SFF payload export failed')"
info,honesty-negative,mugenforge/ui_tabs/binary.py,276,"if messagebox.askyesno('Experimental SFF2 PNG Copy', 'Build the experimental MugenForge PNG-subset SFF2-style copy from the source workspace? This is for pipeline testing, not a full Sprmake2 replacement.'):"
info,honesty-negative,mugenforge/ui_tabs/binary.py,277,"self._run_action(self._binary_core_root, self.app.binary_core_output, self.app.binary_core_frame, bc.build_sff2_png_workspace_copy, 'Experimental SFF2 PNG copy built', 'Experimental SFF2 PNG copy failed')"
info,honesty-negative,mugenforge/ui_tabs/binary.py,283,"if messagebox.askyesno('Apply SND Bank Sheet', 'Create a rebuilt SND candidate from binary_core/snd_editor/snd_bank_edit_sheet.csv? The current SND is not overwritten.'):"
high,binary-fullness,mugenforge/ui_tabs/binary.py,309,"messagebox.showinfo('Binary Deep complete', 'v5.5 Binary Deep pass completed. Open binary_deep/BINARY_DEEP_START_HERE.md to review outputs.')"
high,binary-fullness,mugenforge/ui_tabs/binary.py,317,"self._run_action(self._binary_deep_root, self.app.binary_deep_output, self.app.binary_deep_frame, bd.inspect_sff2_deep, 'Deep SFF2 inspection complete', 'Deep SFF2 inspection failed')"
high,binary-fullness,mugenforge/ui_tabs/binary.py,320,"self._run_action(self._binary_deep_root, self.app.binary_deep_output, self.app.binary_deep_frame, bd.export_sff2_deep_sprites, 'Deep SFF2 export complete', 'Deep SFF2 export failed')"
info,honesty-negative,mugenforge/ui_tabs/binary.py,326,"if messagebox.askyesno('Apply SFF2 Mutation Sheet', 'Apply enabled rows from binary_deep/sff2_mutation/deep_sff2_mutation_sheet.csv? This creates candidate patched/rebuilt files first.'):"
info,honesty-negative,mugenforge/ui_tabs/binary.py,336,"if messagebox.askyesno('Apply SND Direct Patch Sheet', 'Apply enabled rows from binary_deep/snd_direct_patch/snd_direct_patch_sheet.csv? This creates a patched candidate copy first.'):"
high,binary-fullness,mugenforge/ui_tabs/binary.py,359,"messagebox.showinfo('Binary Maturity complete', 'v5.5 Binary Maturity pass completed. Open binary_maturity/BINARY_MATURITY_START_HERE.md to review outputs.')"
info,honesty-negative,mugenforge/ui_tabs/binary.py,370,"if messagebox.askyesno('Apply SFF2 Edit Workspace', 'Build a new SFF2 candidate from binary_maturity/sff2_edit_workspace/sff2_sprite_edit_sheet.csv? The original SFF is not overwritten.'):"
info,honesty-negative,mugenforge/ui_tabs/binary.py,381,"self._binary_maturity_show_result(result, 'SFF2 source build candidate written')"
info,honesty-negative,mugenforge/ui_tabs/binary.py,389,"if messagebox.askyesno('Apply SND Slot Patch Sheet', 'Apply enabled same-or-smaller WAV slot patches into a candidate SND copy? The original SND is not overwritten.'):"
medium,safety-claim,mugenforge/ui_tabs/closure_evidence.py,44,"header = ttk.LabelFrame(frame, text=f'Closure Lab v{cl.CLOSURE_LAB_VERSION} — runtime simulation, engine adapters, corpus validation, safe commit, tuning loop', padding=(8, 6))"
high,engine-authority,mugenforge/ui_tabs/closure_evidence.py,121,"ticks = simpledialog.askinteger('Offline runtime', 'Ticks to simulate:', initialvalue=180, minvalue=1, maxvalue=10000) or 180"
info,honesty-negative,mugenforge/ui_tabs/closure_evidence.py,147,"if not messagebox.askyesno('Run external engine', 'Run your configured local engine profile now? Configure and dry-run first. MugenForge captures stdout/stderr and result JSON.'):"
medium,safety-claim,mugenforge/ui_tabs/closure_evidence.py,230,"header = ttk.LabelFrame(frame, text=f'Evidence Core v{ev_core.EVIDENCE_CORE_VERSION} — engine-backed evidence, corpus validation, and verified promotion', padding=(8, 6))"
info,honesty-negative,mugenforge/ui_tabs/closure_evidence.py,233,"'Evidence Core turns the remaining honest limitations into practical workflows: configure/probe an external engine, '"
medium,safety-claim,mugenforge/ui_tabs/closure_evidence.py,234,"'build launch matrices, capture real stdout/stderr/log evidence, validate SFF2 files against a corpus, promote binary candidates only through a verified install sheet, '"
high,engine-authority,mugenforge/ui_tabs/closure_evidence.py,235,'and export/apply playtest-backed tuning sheets. It does not bundle or emulate M.U.G.E.N/IKEMEN.'
medium,safety-claim,mugenforge/ui_tabs/closure_evidence.py,250,"('Verified Install Sheet', self.evidence_core_candidate_sheet_ui),"
medium,safety-claim,mugenforge/ui_tabs/closure_evidence.py,251,"('Apply Verified Install', self.evidence_core_apply_candidate_ui),"
medium,safety-claim,mugenforge/ui_tabs/closure_evidence.py,265,'Ingest Evidence → Authority Report → Corpus Validation → Verified Install Sheet → Runtime Tuning / Playtest Closure.'
info,honesty-negative,mugenforge/ui_tabs/closure_evidence.py,334,"if not messagebox.askyesno('Run external engine validation', 'Launch your configured local engine for enabled Evidence Core scenarios? Review the launch matrix first.'):"
medium,safety-claim,mugenforge/ui_tabs/closure_evidence.py,377,"self._run(ev_core.export_verified_candidate_install_sheet, 'Verified candidate install sheet written', 'Verified candidate sheet failed')"
medium,safety-claim,mugenforge/ui_tabs/closure_evidence.py,380,"if messagebox.askyesno('Apply verified candidate install sheet', 'Apply enabled rows from evidence_core/candidate_promotion/verified_candidate_install_sheet.csv? Current targets will be backed up first.'):"
medium,safety-claim,mugenforge/ui_tabs/closure_evidence.py,381,"self._run(ev_core.apply_verified_candidate_install_sheet, 'Verified candidate install sheet applied', 'Apply verified candidate sheet failed')"
info,honesty-negative,mugenforge/ui_tabs/continuity.py,316,"'release lineage, claim-risk audit, smoke scripts, backlog, and a maintenance bundle. It does not modify gameplay code or user binaries.'"
medium,safety-claim,mugenforge/ui_tabs/continuity.py,348,"'Maintenance Core v7.5 is ready. Open or create a project folder, then run One-Click Maintenance Pass for a context-safe handoff bundle.',"
medium,safety-claim,mugenforge/ui_tabs/creator_factory_tabs.py,116,"'This tab targets Fighter Factory-style production workflows plus heavier beginner automation: code-sense banks, state graphs, safe imports, auto CLSN, storyboards, screenpack starters, sound cue banks, release QA, and one-click project upgrades.'"
medium,safety-claim,mugenforge/ui_tabs/creator_factory_tabs.py,133,"ttk.Button(code, text='Safe Import From Project', command=self.app.max_safe_import_ui).grid(row=3, column=0, sticky='ew', pady=2)"
info,honesty-negative,mugenforge/ui_tabs/creator_factory_tabs.py,213,"('complexity', self.app.creator_os_complexity_var, ('Beginner', 'Intermediate', 'Advanced', 'Boss/Experimental')),"
medium,safety-claim,mugenforge/ui_tabs/creator_factory_tabs.py,344,"header = ttk.LabelFrame(ql, text='Quality Lab: beginner-safe audit, polish, and asset handoff', padding=(8, 6))"
info,honesty-negative,mugenforge/ui_tabs/creator_factory_tabs.py,380,"ttk.Button(safety, text='Backup + Restore Bundle', command=self.app.quality_lab_backup_ui).grid(row=0, column=0, sticky='ew', pady=2)"
medium,safety-claim,mugenforge/ui_tabs/creator_factory_tabs.py,386,"'The one-click pass is intentionally safe: it writes reports, copies, exports, and suggestions. It does not overwrite your main AIR with generated hitboxes unless you manually use the copy/replacement workflow.',"
info,honesty-negative,mugenforge/ui_tabs/creator_hub.py,53,"'combo trials, controller maps, asset requests, patch macro bank, and a release website. It is report/export focused, so it does not silently rewrite core gameplay files.'"
medium,plugin-execution,mugenforge/ui_tabs/forge_workspaces.py,108,"'It creates project-wide indexes, command/AIR batch sheets, state graphs, variable maps, template/plugin foundations, stage authoring packs, and release bundles. '"
high,binary-fullness,mugenforge/ui_tabs/forge_workspaces.py,109,"'It stays honest: no proprietary source reuse, no arbitrary SFF2 binary patch claims, and generated gameplay still requires playtesting.'"
medium,plugin-execution,mugenforge/ui_tabs/forge_workspaces.py,129,"('Template / Plugin Foundation', self.forge_beyond_templates_ui),"
info,honesty-negative,mugenforge/ui_tabs/forge_workspaces.py,219,"if not messagebox.askyesno('Apply AIR batch sheet', 'Apply group/image/x/y/ticks/flags edits to the AIR file with a backup?'):"
medium,plugin-execution,mugenforge/ui_tabs/forge_workspaces.py,229,"self._run(fb_write_template_plugin_foundation, 'Forge Beyond template/plugin foundation written', 'Template foundation failed')"
info,honesty-negative,mugenforge/ui_tabs/forge_workspaces.py,318,"'Use this tab after Forge Beyond. It adds safer sheet validation previews, sprite-backed timeline contact sheets, an in-app state graph canvas, editable sound cue sheets, data-only template import, stage source-art preview, and backup history/restore helpers.'"
info,honesty-negative,mugenforge/ui_tabs/forge_workspaces.py,334,"('Backup History', self.forge_polish_backup_history_ui),"
info,honesty-negative,mugenforge/ui_tabs/forge_workspaces.py,335,"('Restore Selected Backup', self.forge_polish_restore_backup_ui),"
info,honesty-negative,mugenforge/ui_tabs/forge_workspaces.py,359,"backup_frame = ttk.LabelFrame(body, text='Backup History', padding=(4, 4))"
info,honesty-negative,mugenforge/ui_tabs/forge_workspaces.py,364,"for col, text, width in (('kind', 'Kind', 115), ('modified', 'Modified', 150), ('target', 'Restore target', 180), ('path', 'Backup path', 320)):"
info,honesty-negative,mugenforge/ui_tabs/forge_workspaces.py,507,"if not messagebox.askyesno('Apply sound cue sheet', 'Apply enabled sound cue rows now? A backup will be written before text-code changes.'):"
info,honesty-negative,mugenforge/ui_tabs/forge_workspaces.py,594,"self._forge_polish_show_result(result, 'Forge Polish backup history refreshed')"
info,honesty-negative,mugenforge/ui_tabs/forge_workspaces.py,597,"messagebox.showerror('Backup history failed', str(exc))"
info,honesty-negative,mugenforge/ui_tabs/forge_workspaces.py,606,"messagebox.showinfo('Restore backup', 'Select a backup row first. The list has been refreshed.')"
info,honesty-negative,mugenforge/ui_tabs/forge_workspaces.py,616,"if not messagebox.askyesno('Confirm restore', f'Restore backup:\n{backup_rel}\n\nTo:\n{target}\n\nA pre-restore guard copy will be created if the target exists.'):"
info,honesty-negative,mugenforge/ui_tabs/forge_workspaces.py,621,"self._forge_polish_show_result(result, 'Forge Polish backup restore complete')"
info,honesty-negative,mugenforge/ui_tabs/forge_workspaces.py,624,"messagebox.showerror('Backup restore failed', str(exc))"
high,engine-authority,mugenforge/ui_tabs/forge_workspaces.py,678,'Binary SFF/SND mutation remains conservative; generated reports are not engine-authoritative runtime telemetry.'
high,binary-fullness,mugenforge/ui_tabs/forge_workspaces.py,738,'This is source/sheet-backed editing. It does not implement full arbitrary SFF v2 binary editing/rebuilding.'
info,honesty-negative,mugenforge/ui_tabs/gap_closer.py,137,"if not messagebox.askyesno('Run external engine?', 'This will run the configured external engine executable. Continue?'):"
medium,safety-claim,mugenforge/ui_tabs/image_factory.py,92,"self._set_text(self.app.image_factory_output, 'Choose a source folder of images. Output is always written to a separate folder so originals stay safe.')"
medium,fighter-factory-reference,mugenforge/ui_tabs/plus_workspaces.py,21,"header = ttk.LabelFrame(plus_frame, text='Studio Plus: Fighter Factory-style workflows, no-code first', padding=(8, 6))"
info,honesty-negative,mugenforge/ui_tabs/rescue_lab.py,39,"header = ttk.LabelFrame(rescue, text=f'Rescue Lab: asset recovery for unsupported packed files v{RESCUE_LAB_VERSION}', padding=(8, 6))"
info,honesty-negative,mugenforge/ui_tabs/rescue_lab.py,43,"'Use Rescue Lab when a character has packed assets, unsupported/unknown SFF/SND layouts, missing source folders, or asset files that need to be salvaged. '"
medium,safety-claim,mugenforge/ui_tabs/rescue_lab.py,67,"'Best beginner route: One-Click Rescue Lab Pass -> open rescue_lab/RECOVERY_CONTACT_SHEET.png -> replace bad/missing extracted images -> Build Recovery Manifest From AIR -> Build Recovered SFF v1 -> test in Animation Player and CLSN Editor. This is a rescue workflow, not byte-perfect SFF v2 rebuilding.',"
high,engine-authority,mugenforge/ui_tabs/runtime_lab.py,41,"'Runtime Lab closes the external-playtest gap. It does not simulate M.U.G.E.N/IKEMEN; it writes editable launchers, '"
info,honesty-negative,mugenforge/ui_tabs/runtime_lab.py,66,'One-Click Runtime Lab Pass → edit runtime_config.json → review launcher scripts → run the external engine → '
high,engine-authority,mugenforge/ui_tabs/runtime_lab.py,68,"'Readiness is a release aid, not engine-authoritative proof.'"
info,honesty-negative,mugenforge/ui_tabs/runtime_lab.py,77,"f'Runtime Lab v{rt_lab.RUNTIME_LAB_VERSION} is ready. Generate configs and launchers, run the external engine, then feed logs/evidence back into MugenForge.',"
info,honesty-negative,mugenforge/ui_tabs/runtime_lab.py,124,"if messagebox.askyesno('Install Runtime Debug Overlay', 'Append a State -2 DisplayToClipboard helper to the project CNS/ST file? A backup is written first.'):"
high,binary-fullness,mugenforge/ui_tabs/sff2_bridge.py,46,'It does not pretend to be full arbitrary SFF v2 binary mutation; it is a safer source-project bridge.'
high,binary-fullness,mugenforge/ui_tabs/sff2_bridge.py,120,"'Open/create a character folder, then use this tab to generate a Sprmake2 source project. This is source-based SFF2 support, not arbitrary SFF2 binary patching.',"
medium,safety-claim,mugenforge/ui_tabs/visual_forge_tabs.py,27,"'Start here. Visual Forge turns MugenForge into a guided no-code workflow: create a project, scaffold moves, edit timing visually, align offsets, place sounds, import legacy characters, and keep safe backups.'"
info,honesty-negative,mugenforge/ui_tabs/visual_forge_tabs.py,59,"('Create Backup Snapshot', self.app.vf_backup_snapshot_ui),"
high,binary-fullness,mugenforge/ui_tabs/visual_forge_tabs.py,101,"'The wizard creates clean M.U.G.E.N starter files, writes a dashboard and beginner guide, prepares data-only templates/plugins, and optionally installs starter move scaffolds. It keeps SFF/SND work conservative and does not claim arbitrary SFF2 binary editing.'"
info,honesty-negative,mugenforge/ui_tabs/visual_forge_tabs.py,129,"'Source-backed AIR timeline. Drag a frame tile left/right to preview timing changes, then save to update the AIR frame ticks with a backup. Hitboxes and sound/HitDef events are drawn from parsed AIR/CNS/CMD data.'"
high,binary-fullness,mugenforge/ui_tabs/visual_forge_tabs.py,196,'Drag the sprite preview to adjust AIR frame x/y offsets with coordinate display and snapping. Existing SFF axes are reference-only here; arbitrary SFF2 binary axis patching is not performed.'
medium,safety-claim,mugenforge/ui_tabs/visual_forge_tabs.py,253,"text='Assign and time PlaySnd cues to specific StateDefs/AnimElem frames. Inserts are text-based with backups and should be verified in M.U.G.E.N.',"
medium,plugin-execution,mugenforge/ui_tabs/visual_forge_tabs.py,429,"header = ttk.LabelFrame(tab, text='Plugin / Template Architecture', padding=(8, 6))"
medium,plugin-execution,mugenforge/ui_tabs/visual_forge_tabs.py,433,"text='Foundation for no-code presets, data-only community templates, and future plugins. Arbitrary third-party code execution is not enabled by default.',"
medium,plugin-execution,mugenforge/ui_tabs/visual_forge_tabs.py,439,"ttk.Button(left, text='Install Template / Plugin Foundation', command=self.app.vf_install_templates_ui).grid(row=0, column=0, sticky='ew', pady=2)"
info,honesty-negative,mugenforge/ui_tabs/visual_forge_tabs.py,460,"header = ttk.LabelFrame(tab, text='Central Backup / Undo / Error Log', padding=(8, 6))"
info,honesty-negative,mugenforge/ui_tabs/visual_forge_tabs.py,464,"text='Create whole-project snapshots, restore the latest Visual Forge snapshot with a pre-restore guard backup, and inspect error logs.',"
high,binary-fullness,mugenforge/visual_forge.py,205,does not make SFF2 binary claims or mutate mature existing binary assets.
high,binary-fullness,mugenforge/visual_forge.py,266,"""Visual Forge edits text assets and staged source manifests safely; it does not perform arbitrary mature SFF v2 binary rewriting."","
high,engine-authority,mugenforge/visual_forge.py,268,"""Frame data and balance reports are estimates, not engine-authoritative measurements."","
high,binary-fullness,mugenforge/visual_forge.py,291,3. Use **Sprite Offset / Axis Editor** to align frame offsets visually. Existing SFF binary axes are inspected; arbitrary SFF2 axis mutation is not claimed.
high,binary-fullness,mugenforge/visual_forge.py,298,- Full arbitrary mature SFF v2 extraction/rebuild is still not implemented.
high,engine-authority,mugenforge/visual_forge.py,301,"- Generated gameplay code, frame data, and balance outputs are not engine-authoritative and need testing."
info,honesty-negative,mugenforge/visual_forge.py,311,- [ ] Create one central backup snapshot before major edits.
high,engine-authority,mugenforge/visual_forge.py,465,"result.notes.append(""Timeline manifest is source-derived from AIR and parsed code controllers. It is not an engine-authoritative frame-data capture."")"
info,honesty-negative,mugenforge/visual_forge.py,493,"backup = backup_file(air_path, root, ""timeline_ticks"")"
info,honesty-negative,mugenforge/visual_forge.py,494,if backup:
info,honesty-negative,mugenforge/visual_forge.py,495,"result.add_created(root, backup)"
info,honesty-negative,mugenforge/visual_forge.py,517,"backup = backup_file(air_path, root, ""offset"")"
info,honesty-negative,mugenforge/visual_forge.py,518,if backup:
info,honesty-negative,mugenforge/visual_forge.py,519,"result.add_created(root, backup)"
high,binary-fullness,mugenforge/visual_forge.py,524,"result.notes.append(""This edits AIR frame offsets. It does not patch arbitrary SFF/SFF2 binary sprite-axis records."")"
high,binary-fullness,mugenforge/visual_forge.py,544,"model[""axis_editor_note""] = ""Visual Forge can edit AIR frame offsets and staged source manifest axes. It does not claim arbitrary SFF2 binary axis patching."""
medium,safety-claim,mugenforge/visual_forge.py,569,"""note"": ""Cues are parsed from PlaySnd controllers. Timing is source-derived and should be verified in engine."","
info,honesty-negative,mugenforge/visual_forge.py,608,"backup = backup_file(code_path, root, ""sound_cue"")"
info,honesty-negative,mugenforge/visual_forge.py,609,if backup:
info,honesty-negative,mugenforge/visual_forge.py,610,"result.add_created(root, backup)"
medium,safety-claim,mugenforge/visual_forge.py,629,"result.notes.append(""Appended CMD/CNS/AIR blocks using the existing safe Move Wizard append path."")"
info,honesty-negative,mugenforge/visual_forge.py,661,"result.warnings.append(f""Source folder does not exist: {source}"")"
info,honesty-negative,mugenforge/visual_forge.py,681,"""honest_note"": ""This migration copies and profiles the project; it does not guarantee automatic repair of every legacy binary or gameplay behavior."","
info,honesty-negative,mugenforge/visual_forge.py,692,3. Use Rescue Lab if sprites/sounds are packed or unsupported.
info,honesty-negative,mugenforge/visual_forge.py,694,5. Create a backup snapshot before repairs.
high,binary-fullness,mugenforge/visual_forge.py,696,Honest limits: migration cannot guarantee full mature SFF2 extraction/rebuild or perfect gameplay conversion.
high,engine-authority,mugenforge/visual_forge.py,718,"""Use M.U.G.E.N training matches for engine-authoritative frame behavior."","
medium,safety-claim,mugenforge/visual_forge.py,725,This pack installs a beginner-safe `DisplayToClipboard` debug helper and writes a config file describing what to watch during testing.
medium,plugin-execution,mugenforge/visual_forge.py,737,"result = VisualForgeResult(""Plugin / Template Architecture"")"
medium,safety-claim,mugenforge/visual_forge.py,749,"{""id"": ""balanced_starter"", ""name"": ""Balanced Starter"", ""kind"": ""character"", ""description"": ""Safe shoto-style starter with no-code move scaffolds.""},"
medium,fighter-factory-reference,mugenforge/visual_forge.py,754,"""note"": ""These are MugenForge no-code presets. They are not Fighter Factory assets or code."","
medium,plugin-execution,mugenforge/visual_forge.py,758,"""schema"": ""mugenforge-plugin-manifest-v1"","
medium,plugin-execution,mugenforge/visual_forge.py,762,"""name"": ""Example Recipe Plugin"","
medium,plugin-execution,mugenforge/visual_forge.py,768,"""security_note"": ""Plugin support is intentionally conservative. Data-only presets are supported; arbitrary executable plugins require explicit future design and review."","
medium,plugin-execution,mugenforge/visual_forge.py,779,- No automatic execution of third-party Python code.
medium,plugin-execution,mugenforge/visual_forge.py,781,"This is a foundation, not a finished plugin marketplace."
high,binary-fullness,mugenforge/visual_forge.py,803,"result.notes.append(""SFF2 Bridge remains source-based and honest: it prepares Sprmake2 source files and does not patch arbitrary mature SFF2 binaries."")"
info,honesty-negative,mugenforge/visual_forge.py,809,"result = VisualForgeResult(""Central Backup Snapshot"")"
info,honesty-negative,mugenforge/visual_forge.py,873,"result.notes.append(""Quick Start writes source-derived helper files and does not alter existing gameplay code except through explicitly selected tools."")"
info,honesty-negative,operator_console/DECISION_LOG.md,15,- Keep binary edits candidate/backup/evidence-first.
medium,fighter-factory-reference,operator_console/NEXT_CHAT_HANDOFF.md,43,"- Do not use or copy Fighter Factory / VirtualTek source, assets, or proprietary logic."
info,honesty-negative,operator_console/NEXT_CHAT_HANDOFF.md,44,"- Keep binary work honest; unsupported/corrupt/custom binaries should be triaged and preserved, not guessed."
info,honesty-negative,operator_console/NEXT_CHAT_HANDOFF.md,45,- Candidate builds and mutation flows should write backups and verification reports before install.
info,honesty-negative,operator_console/NEXT_CHAT_HANDOFF.md,51,2. Add real project corpus tests for SFF2/SND variants and keep unsupported cases visible.
info,honesty-negative,operator_console/OPERATOR_DASHBOARD.md,42,3. **Binary Maturity / Evidence Core** for SFF/SND candidate validation and runtime-backed promotion.
info,honesty-negative,operator_console/OPERATOR_DASHBOARD.md,55,- Operator Console consolidates project state and next steps. It does not replace engine testing.
info,honesty-negative,operator_console/OPERATOR_DASHBOARD.md,56,- Binary and runtime tools remain candidate/backup/evidence first. Review generated sheets before applying edits.
info,honesty-negative,operator_console/operator_roadmap.csv,7,"6,Corpus validation,backlog,Expand real-world SFF2/SND test corpus and record supported/unsupported buckets.,Long-term product maturity"
info,honesty-negative,operator_console/OPERATOR_ROADMAP.md,12,| 6 | Corpus validation | backlog | Expand real-world SFF2/SND test corpus and record supported/unsupported buckets. | Long-term product maturity |
high,engine-authority,operator_console/OPERATOR_START_HERE.md,21,Honest scope: Operator Console makes project state easier to resume and audit. It does not make static analysis engine-authoritative.
medium,safety-claim,operator_console/release_readiness/release_readiness_packet.json,95,"""Binary candidate installs should be verified with hashes and rollback manifests."""
medium,fighter-factory-reference,operator_console/RESUME_PROMPT.txt,43,"- Do not use or copy Fighter Factory / VirtualTek source, assets, or proprietary logic."
info,honesty-negative,operator_console/RESUME_PROMPT.txt,44,"- Keep binary work honest; unsupported/corrupt/custom binaries should be triaged and preserved, not guessed."
info,honesty-negative,operator_console/RESUME_PROMPT.txt,45,- Candidate builds and mutation flows should write backups and verification reports before install.
info,honesty-negative,operator_console/RESUME_PROMPT.txt,51,2. Add real project corpus tests for SFF2/SND variants and keep unsupported cases visible.
medium,fighter-factory-reference,README.md,3,"MugenForge Studio is a clean-room Python/Tkinter M.U.G.E.N character/stage editor and no-code creator suite. It is **not** Fighter Factory source code and does not contain VirtuallTek/Fighter Factory assets, source, or proprietary logic."
info,honesty-negative,README.md,79,- MugenForge does not bundle M.U.G.E.N or IKEMEN.
high,engine-authority,README.md,80,"- Static/source reports are evidence aids, not engine-authoritative certification."
info,honesty-negative,README.md,81,- Runtime authority comes from configured external engine runs and imported logs/evidence.
medium,safety-claim,README.md,82,- Binary workflows remain candidate/backup/verified-install first.
info,honesty-negative,tests/test_smoke_v7_5.py,156,"backup = backup_file(note, 'test')"
info,honesty-negative,tests/test_smoke_v7_5.py,164,self.assertIsNotNone(backup)
info,honesty-negative,tests/test_smoke_v7_5.py,165,self.assertTrue(backup.exists())
info,honesty-negative,tests/test_smoke_v7_5.py,166,"self.assertIn('.bak_test_', backup.name)"
