module,kind,name,signature,line,doc
mugenforge/air_tools.py,class/dataclass,AirLineClsnBox,AirLineClsnBox,8,
mugenforge/air_tools.py,class/dataclass,AirLineFrame,AirLineFrame,18,
mugenforge/air_tools.py,class/dataclass,AirLineAction,AirLineAction,31,
mugenforge/air_tools.py,constant,ACTION_RE,ACTION_RE,37,
mugenforge/air_tools.py,constant,FRAME_RE,FRAME_RE,38,
mugenforge/air_tools.py,constant,CLSN_RE,CLSN_RE,39,
mugenforge/air_tools.py,constant,CLSN_LINE_RE,CLSN_LINE_RE,40,
mugenforge/air_tools.py,function,parse_air_with_lines,parse_air_with_lines(text: str) -> List[AirLineAction],43,
mugenforge/air_tools.py,function,find_frame,"find_frame(actions: List[AirLineAction], action_number: int, frame_index: int) -> Optional[AirLineFrame]",78,
mugenforge/air_tools.py,function,normalize_box,"normalize_box(kind: str, x1: int, y1: int, x2: int, y2: int) -> AirLineClsnBox",87,
mugenforge/air_tools.py,function,validate_boxes,validate_boxes(boxes: List[AirLineClsnBox]) -> List[str],92,
mugenforge/air_tools.py,function,update_frame_clsn_text,"update_frame_clsn_text(text: str, action_number: int, frame_index: int, boxes: List[AirLineClsnBox]) -> Tuple[str, List[str]]",104,Replace per-frame Clsn1/Clsn2[] lines immediately attached to a frame.
mugenforge/app.py,constant,APP_TITLE,APP_TITLE,226,
mugenforge/app.py,class,MugenForgeApp,MugenForgeApp,228,
mugenforge/app.py,method,MugenForgeApp.quality_lab_one_click_ui,quality_lab_one_click_ui(self),1094,
mugenforge/app.py,method,MugenForgeApp.quality_lab_audit_ui,quality_lab_audit_ui(self),1097,
mugenforge/app.py,method,MugenForgeApp.quality_lab_index_ui,quality_lab_index_ui(self),1100,
mugenforge/app.py,method,MugenForgeApp.quality_lab_move_cards_ui,quality_lab_move_cards_ui(self),1103,
mugenforge/app.py,method,MugenForgeApp.quality_lab_alpha_clsn_ui,quality_lab_alpha_clsn_ui(self),1106,
mugenforge/app.py,method,MugenForgeApp.quality_lab_alpha_copy_ui,quality_lab_alpha_copy_ui(self),1109,
mugenforge/app.py,method,MugenForgeApp.quality_lab_timing_ui,quality_lab_timing_ui(self),1112,
mugenforge/app.py,method,MugenForgeApp.quality_lab_asset_swap_ui,quality_lab_asset_swap_ui(self),1115,
mugenforge/app.py,method,MugenForgeApp.quality_lab_backup_ui,quality_lab_backup_ui(self),1118,
mugenforge/app.py,method,MugenForgeApp.quality_lab_fix_plan_ui,quality_lab_fix_plan_ui(self),1121,
mugenforge/app.py,method,MugenForgeApp.creator_suite_autopilot_ui,creator_suite_autopilot_ui(self),1240,
mugenforge/app.py,method,MugenForgeApp.creator_suite_profile_report_ui,creator_suite_profile_report_ui(self),1244,
mugenforge/app.py,method,MugenForgeApp.creator_suite_dna_ui,creator_suite_dna_ui(self),1247,
mugenforge/app.py,method,MugenForgeApp.creator_suite_asset_library_ui,creator_suite_asset_library_ui(self),1251,
mugenforge/app.py,method,MugenForgeApp.creator_suite_move_lab_ui,creator_suite_move_lab_ui(self),1254,
mugenforge/app.py,method,MugenForgeApp.creator_suite_combo_tree_ui,creator_suite_combo_tree_ui(self),1257,
mugenforge/app.py,method,MugenForgeApp.creator_suite_art_board_ui,creator_suite_art_board_ui(self),1260,
mugenforge/app.py,method,MugenForgeApp.creator_suite_tuning_panel_ui,creator_suite_tuning_panel_ui(self),1263,
mugenforge/app.py,method,MugenForgeApp.creator_suite_export_hitdef_tuning_ui,creator_suite_export_hitdef_tuning_ui(self),1266,
mugenforge/app.py,method,MugenForgeApp.creator_suite_apply_hitdef_tuning_ui,creator_suite_apply_hitdef_tuning_ui(self),1269,
mugenforge/app.py,method,MugenForgeApp.creator_suite_snapshot_ui,creator_suite_snapshot_ui(self),1272,
mugenforge/app.py,method,MugenForgeApp.creator_suite_dashboard_ui,creator_suite_dashboard_ui(self),1275,
mugenforge/app.py,method,MugenForgeApp.creator_suite_final_qa_ui,creator_suite_final_qa_ui(self),1278,
mugenforge/app.py,method,MugenForgeApp.creator_suite_training_ui,creator_suite_training_ui(self),1281,
mugenforge/app.py,method,MugenForgeApp.creator_suite_indexes_ui,creator_suite_indexes_ui(self),1284,
mugenforge/app.py,method,MugenForgeApp.creator_suite_handoff_ui,creator_suite_handoff_ui(self),1287,
mugenforge/app.py,method,MugenForgeApp.creator_hub_one_click_ui,creator_hub_one_click_ui(self),1364,
mugenforge/app.py,method,MugenForgeApp.creator_hub_dashboard_ui,creator_hub_dashboard_ui(self),1367,
mugenforge/app.py,method,MugenForgeApp.creator_hub_task_board_ui,creator_hub_task_board_ui(self),1370,
mugenforge/app.py,method,MugenForgeApp.creator_hub_input_lab_ui,creator_hub_input_lab_ui(self),1373,
mugenforge/app.py,method,MugenForgeApp.creator_hub_balance_ui,creator_hub_balance_ui(self),1376,
mugenforge/app.py,method,MugenForgeApp.creator_hub_combo_ui,creator_hub_combo_ui(self),1379,
mugenforge/app.py,method,MugenForgeApp.creator_hub_assets_ui,creator_hub_assets_ui(self),1382,
mugenforge/app.py,method,MugenForgeApp.creator_hub_recipes_ui,creator_hub_recipes_ui(self),1385,
mugenforge/app.py,method,MugenForgeApp.creator_hub_controller_ui,creator_hub_controller_ui(self),1388,
mugenforge/app.py,method,MugenForgeApp.creator_hub_release_site_ui,creator_hub_release_site_ui(self),1391,
mugenforge/app.py,method,MugenForgeApp.creator_hub_patch_bank_ui,creator_hub_patch_bank_ui(self),1394,
mugenforge/app.py,method,MugenForgeApp.sff2_bridge_choose_images_ui,sff2_bridge_choose_images_ui(self),1485,
mugenforge/app.py,method,MugenForgeApp.sff2_bridge_choose_exe_ui,sff2_bridge_choose_exe_ui(self),1490,
mugenforge/app.py,method,MugenForgeApp.sff2_bridge_guide_ui,sff2_bridge_guide_ui(self),1495,
mugenforge/app.py,method,MugenForgeApp.sff2_bridge_write_project_ui,sff2_bridge_write_project_ui(self),1506,
mugenforge/app.py,method,MugenForgeApp.sff2_bridge_export_current_ui,sff2_bridge_export_current_ui(self),1530,
mugenforge/app.py,method,MugenForgeApp.sff2_bridge_inspect_ui,sff2_bridge_inspect_ui(self),1547,
mugenforge/app.py,method,MugenForgeApp.sff2_bridge_zip_ui,sff2_bridge_zip_ui(self),1566,
mugenforge/app.py,method,MugenForgeApp.sff2_bridge_run_sprmake_ui,sff2_bridge_run_sprmake_ui(self),1577,
mugenforge/app.py,method,MugenForgeApp.rescue_lab_one_click_ui,rescue_lab_one_click_ui(self),1664,
mugenforge/app.py,method,MugenForgeApp.rescue_lab_scan_ui,rescue_lab_scan_ui(self),1667,
mugenforge/app.py,method,MugenForgeApp.rescue_lab_manifest_ui,rescue_lab_manifest_ui(self),1670,
mugenforge/app.py,method,MugenForgeApp.rescue_lab_contact_ui,rescue_lab_contact_ui(self),1673,
mugenforge/app.py,method,MugenForgeApp.rescue_lab_build_sff_ui,rescue_lab_build_sff_ui(self),1676,
mugenforge/app.py,method,MugenForgeApp.rescue_lab_plan_ui,rescue_lab_plan_ui(self),1679,
mugenforge/app.py,method,MugenForgeApp.vf_choose_wizard_parent,vf_choose_wizard_parent(self),2268,
mugenforge/app.py,method,MugenForgeApp.vf_create_project_from_wizard,vf_create_project_from_wizard(self),2287,
mugenforge/app.py,method,MugenForgeApp.vf_quick_start_ui,vf_quick_start_ui(self),2304,
mugenforge/app.py,method,MugenForgeApp.vf_tutorials_ui,vf_tutorials_ui(self),2315,
mugenforge/app.py,method,MugenForgeApp.vf_write_home_docs_ui,vf_write_home_docs_ui(self),2333,
mugenforge/app.py,method,MugenForgeApp.vf_import_legacy_from_home,vf_import_legacy_from_home(self),2344,
mugenforge/app.py,method,MugenForgeApp.vf_refresh_timeline_ui,vf_refresh_timeline_ui(self),2406,
mugenforge/app.py,method,MugenForgeApp.vf_on_timeline_action,"vf_on_timeline_action(self, event=None)",2436,
mugenforge/app.py,method,MugenForgeApp.vf_draw_timeline,"vf_draw_timeline(self, highlight_index=None)",2439,
mugenforge/app.py,method,MugenForgeApp.vf_timeline_press,"vf_timeline_press(self, event)",2482,
mugenforge/app.py,method,MugenForgeApp.vf_timeline_drag,"vf_timeline_drag(self, event)",2497,
mugenforge/app.py,method,MugenForgeApp.vf_timeline_release,"vf_timeline_release(self, event)",2508,
mugenforge/app.py,method,MugenForgeApp.vf_timeline_save_ticks,vf_timeline_save_ticks(self),2511,
mugenforge/app.py,method,MugenForgeApp.vf_timeline_play,vf_timeline_play(self),2531,
mugenforge/app.py,method,MugenForgeApp.vf_timeline_pause,vf_timeline_pause(self),2536,
mugenforge/app.py,method,MugenForgeApp.vf_timeline_export_ui,vf_timeline_export_ui(self),2557,
mugenforge/app.py,method,MugenForgeApp.vf_refresh_offset_ui,vf_refresh_offset_ui(self),2619,
mugenforge/app.py,method,MugenForgeApp.vf_on_offset_action,"vf_on_offset_action(self, event=None)",2646,
mugenforge/app.py,method,MugenForgeApp.vf_on_offset_frame,"vf_on_offset_frame(self, event=None)",2658,
mugenforge/app.py,method,MugenForgeApp.vf_draw_offset_canvas,vf_draw_offset_canvas(self),2669,
mugenforge/app.py,method,MugenForgeApp.vf_offset_canvas_press,"vf_offset_canvas_press(self, event)",2700,
mugenforge/app.py,method,MugenForgeApp.vf_offset_canvas_drag,"vf_offset_canvas_drag(self, event)",2703,
mugenforge/app.py,method,MugenForgeApp.vf_save_offset_ui,vf_save_offset_ui(self),2714,
mugenforge/app.py,method,MugenForgeApp.vf_refresh_sound_cues_ui,vf_refresh_sound_cues_ui(self),2768,
mugenforge/app.py,method,MugenForgeApp.vf_add_sound_cue_ui,vf_add_sound_cue_ui(self),2788,
mugenforge/app.py,method,MugenForgeApp.vf_export_sound_cue_manifest_ui,vf_export_sound_cue_manifest_ui(self),2809,
mugenforge/app.py,method,MugenForgeApp.vf_composer2_preview,vf_composer2_preview(self),2868,
mugenforge/app.py,method,MugenForgeApp.vf_composer2_append,vf_composer2_append(self),2883,
mugenforge/app.py,method,MugenForgeApp.vf_choose_import_source,vf_choose_import_source(self),2926,
mugenforge/app.py,method,MugenForgeApp.vf_choose_import_dest,vf_choose_import_dest(self),2932,
mugenforge/app.py,method,MugenForgeApp.vf_run_migration_ui,vf_run_migration_ui(self),2937,
mugenforge/app.py,method,MugenForgeApp.vf_install_training_debug_ui,vf_install_training_debug_ui(self),2972,
mugenforge/app.py,method,MugenForgeApp.vf_install_templates_ui,vf_install_templates_ui(self),3006,
mugenforge/app.py,method,MugenForgeApp.vf_sff2_pack_ui,vf_sff2_pack_ui(self),3018,
mugenforge/app.py,method,MugenForgeApp.vf_backup_snapshot_ui,vf_backup_snapshot_ui(self),3058,
mugenforge/app.py,method,MugenForgeApp.vf_restore_snapshot_ui,vf_restore_snapshot_ui(self),3071,
mugenforge/app.py,method,MugenForgeApp.vf_view_error_log_ui,vf_view_error_log_ui(self),3084,
mugenforge/app.py,method,MugenForgeApp.auto_make_playable_prototype_ui,auto_make_playable_prototype_ui(self),3094,
mugenforge/app.py,method,MugenForgeApp.auto_beginner_doctor_ui,auto_beginner_doctor_ui(self),3098,
mugenforge/app.py,method,MugenForgeApp.forge_plus_report_ui,forge_plus_report_ui(self),3102,
mugenforge/app.py,method,MugenForgeApp.forge_plus_export_move_list_ui,forge_plus_export_move_list_ui(self),3113,
mugenforge/app.py,method,MugenForgeApp.forge_plus_creator_manual_ui,forge_plus_creator_manual_ui(self),3124,
mugenforge/app.py,method,MugenForgeApp.sprite_lab_choose_folder_ui,sprite_lab_choose_folder_ui(self),3152,
mugenforge/app.py,method,MugenForgeApp.sprite_lab_summary_ui,sprite_lab_summary_ui(self),3158,
mugenforge/app.py,method,MugenForgeApp.sprite_lab_contact_sheet_ui,sprite_lab_contact_sheet_ui(self),3167,
mugenforge/app.py,method,MugenForgeApp.sprite_lab_normalize_ui,sprite_lab_normalize_ui(self),3181,
mugenforge/app.py,method,MugenForgeApp.sprite_lab_build_sff_ui,sprite_lab_build_sff_ui(self),3205,
mugenforge/app.py,method,MugenForgeApp.sprite_lab_air_ui,sprite_lab_air_ui(self),3231,
mugenforge/app.py,method,MugenForgeApp.sprite_lab_gif_ui,sprite_lab_gif_ui(self),3251,
mugenforge/app.py,method,MugenForgeApp.sprite_lab_palette_ui,sprite_lab_palette_ui(self),3266,
mugenforge/app.py,method,MugenForgeApp.sprite_lab_pcx_ui,sprite_lab_pcx_ui(self),3280,
mugenforge/app.py,method,MugenForgeApp.stage_choose_image_ui,stage_choose_image_ui(self),3294,
mugenforge/app.py,method,MugenForgeApp.stage_choose_output_ui,stage_choose_output_ui(self),3301,
mugenforge/app.py,method,MugenForgeApp.stage_create_ui,stage_create_ui(self),3306,
mugenforge/app.py,method,MugenForgeApp.run_choose_mugen_exe_ui,run_choose_mugen_exe_ui(self),3325,
mugenforge/app.py,method,MugenForgeApp.run_save_launch_config_ui,run_save_launch_config_ui(self),3330,
mugenforge/app.py,method,MugenForgeApp.run_launch_mugen_ui,run_launch_mugen_ui(self),3344,
mugenforge/app.py,method,MugenForgeApp.run_select_def_snippet_ui,run_select_def_snippet_ui(self),3354,
mugenforge/app.py,method,MugenForgeApp.max_one_click_upgrade_ui,max_one_click_upgrade_ui(self),3381,
mugenforge/app.py,method,MugenForgeApp.max_profile_report_ui,max_profile_report_ui(self),3393,
mugenforge/app.py,method,MugenForgeApp.max_release_zip_ui,max_release_zip_ui(self),3404,
mugenforge/app.py,method,MugenForgeApp.max_codesense_ui,max_codesense_ui(self),3416,
mugenforge/app.py,method,MugenForgeApp.max_state_graph_ui,max_state_graph_ui(self),3427,
mugenforge/app.py,method,MugenForgeApp.max_organizer_ui,max_organizer_ui(self),3438,
mugenforge/app.py,method,MugenForgeApp.max_safe_import_ui,max_safe_import_ui(self),3449,
mugenforge/app.py,method,MugenForgeApp.max_auto_clsn_ui,max_auto_clsn_ui(self),3463,
mugenforge/app.py,method,MugenForgeApp.max_retime_air_ui,max_retime_air_ui(self),3475,
mugenforge/app.py,method,MugenForgeApp.max_renumber_air_ui,max_renumber_air_ui(self),3487,
mugenforge/app.py,method,MugenForgeApp.max_storyboard_ui,max_storyboard_ui(self),3499,
mugenforge/app.py,method,MugenForgeApp.max_screenpack_ui,max_screenpack_ui(self),3511,
mugenforge/app.py,method,MugenForgeApp.max_sound_autobank_ui,max_sound_autobank_ui(self),3522,
mugenforge/app.py,method,MugenForgeApp.max_quick_test_ui,max_quick_test_ui(self),3533,
mugenforge/app.py,method,MugenForgeApp.ultra_one_click_ui,ultra_one_click_ui(self),3555,
mugenforge/app.py,method,MugenForgeApp.ultra_audit_ui,ultra_audit_ui(self),3567,
mugenforge/app.py,method,MugenForgeApp.ultra_next_steps_ui,ultra_next_steps_ui(self),3578,
mugenforge/app.py,method,MugenForgeApp.ultra_dashboard_ui,ultra_dashboard_ui(self),3589,
mugenforge/app.py,method,MugenForgeApp.ultra_function_map_ui,ultra_function_map_ui(self),3600,
mugenforge/app.py,method,MugenForgeApp.ultra_input_report_ui,ultra_input_report_ui(self),3611,
mugenforge/app.py,method,MugenForgeApp.ultra_balance_lab_ui,ultra_balance_lab_ui(self),3622,
mugenforge/app.py,method,MugenForgeApp.ultra_frame_data_ui,ultra_frame_data_ui(self),3633,
mugenforge/app.py,method,MugenForgeApp.ultra_combo_lab_ui,ultra_combo_lab_ui(self),3644,
mugenforge/app.py,method,MugenForgeApp.ultra_compatibility_ui,ultra_compatibility_ui(self),3655,
mugenforge/app.py,method,MugenForgeApp.ultra_auto_tune_damage_ui,ultra_auto_tune_damage_ui(self),3666,
mugenforge/app.py,method,MugenForgeApp.ultra_clone_variant_ui,ultra_clone_variant_ui(self),3679,
mugenforge/app.py,method,MugenForgeApp.ultra_release_zip_ui,ultra_release_zip_ui(self),3693,
mugenforge/app.py,method,MugenForgeApp.creator_os_one_click_ui,creator_os_one_click_ui(self),3729,
mugenforge/app.py,method,MugenForgeApp.creator_os_blueprint_ui,creator_os_blueprint_ui(self),3742,
mugenforge/app.py,method,MugenForgeApp.creator_os_frame_data_ui,creator_os_frame_data_ui(self),3754,
mugenforge/app.py,method,MugenForgeApp.creator_os_inputs_ui,creator_os_inputs_ui(self),3765,
mugenforge/app.py,method,MugenForgeApp.creator_os_combo_routes_ui,creator_os_combo_routes_ui(self),3776,
mugenforge/app.py,method,MugenForgeApp.creator_os_balance_ui,creator_os_balance_ui(self),3787,
mugenforge/app.py,method,MugenForgeApp.creator_os_quality_gate_ui,creator_os_quality_gate_ui(self),3798,
mugenforge/app.py,method,MugenForgeApp.creator_os_asset_list_ui,creator_os_asset_list_ui(self),3809,
mugenforge/app.py,method,MugenForgeApp.creator_os_lessons_ui,creator_os_lessons_ui(self),3820,
mugenforge/app.py,method,MugenForgeApp.creator_os_wiki_ui,creator_os_wiki_ui(self),3831,
mugenforge/app.py,method,MugenForgeApp.creator_os_codebook_ui,creator_os_codebook_ui(self),3842,
mugenforge/app.py,method,MugenForgeApp.creator_os_release_zip_ui,creator_os_release_zip_ui(self),3853,
mugenforge/app.py,method,MugenForgeApp.ultra_one_click_ui,ultra_one_click_ui(self),3895,
mugenforge/app.py,method,MugenForgeApp.ultra_snapshot_ui,ultra_snapshot_ui(self),3898,
mugenforge/app.py,method,MugenForgeApp.ultra_release_zip_ui,ultra_release_zip_ui(self),3901,
mugenforge/app.py,method,MugenForgeApp.ultra_dashboard_ui,ultra_dashboard_ui(self),3904,
mugenforge/app.py,method,MugenForgeApp.ultra_task_board_ui,ultra_task_board_ui(self),3907,
mugenforge/app.py,method,MugenForgeApp.ultra_bible_ui,ultra_bible_ui(self),3910,
mugenforge/app.py,method,MugenForgeApp.ultra_switchboard_ui,ultra_switchboard_ui(self),3913,
mugenforge/app.py,method,MugenForgeApp.ultra_readiness_ui,ultra_readiness_ui(self),3916,
mugenforge/app.py,method,MugenForgeApp.ultra_frame_data_ui,ultra_frame_data_ui(self),3919,
mugenforge/app.py,method,MugenForgeApp.ultra_balance_ui,ultra_balance_ui(self),3922,
mugenforge/app.py,method,MugenForgeApp.ultra_cancel_ui,ultra_cancel_ui(self),3925,
mugenforge/app.py,method,MugenForgeApp.ultra_assets_ui,ultra_assets_ui(self),3928,
mugenforge/app.py,method,MugenForgeApp.ultra_axis_ui,ultra_axis_ui(self),3931,
mugenforge/app.py,method,MugenForgeApp.ultra_ai_ui,ultra_ai_ui(self),3934,
mugenforge/app.py,method,MugenForgeApp.ultra_move_cards_ui,ultra_move_cards_ui(self),3937,
mugenforge/app.py,method,MugenForgeApp.ultra_input_map_ui,ultra_input_map_ui(self),3940,
mugenforge/app.py,method,MugenForgeApp.image_factory_choose_input_ui,image_factory_choose_input_ui(self),3943,
mugenforge/app.py,method,MugenForgeApp.image_factory_choose_output_ui,image_factory_choose_output_ui(self),3950,
mugenforge/app.py,method,MugenForgeApp.image_factory_use_project_defaults_ui,image_factory_use_project_defaults_ui(self),3955,
mugenforge/app.py,method,MugenForgeApp.image_factory_process_ui,image_factory_process_ui(self),3968,
mugenforge/app.py,method,MugenForgeApp.image_factory_palette_variants_ui,image_factory_palette_variants_ui(self),3997,
mugenforge/app.py,method,MugenForgeApp.set_text,"set_text(self, widget: tk.Text, text: str)",4016,
mugenforge/app.py,method,MugenForgeApp.open_folder,open_folder(self),4022,
mugenforge/app.py,method,MugenForgeApp.load_project,"load_project(self, root: Path)",4027,
mugenforge/app.py,method,MugenForgeApp.on_tree_select,"on_tree_select(self, event=None)",4055,
mugenforge/app.py,method,MugenForgeApp.open_file,"open_file(self, path: Path)",4066,
mugenforge/app.py,method,MugenForgeApp.analyze_text_file,"analyze_text_file(self, path: Path, text: str)",4109,
mugenforge/app.py,method,MugenForgeApp.clear_code_map,clear_code_map(self),4159,
mugenforge/app.py,method,MugenForgeApp.populate_code_map,"populate_code_map(self, text: str)",4162,
mugenforge/app.py,method,MugenForgeApp.clear_air_timeline,clear_air_timeline(self),4180,
mugenforge/app.py,method,MugenForgeApp.populate_air_timeline,"populate_air_timeline(self, text: str)",4185,
mugenforge/app.py,method,MugenForgeApp.on_action_select,"on_action_select(self, event=None)",4197,
mugenforge/app.py,method,MugenForgeApp.draw_action,"draw_action(self, action)",4205,
mugenforge/app.py,method,MugenForgeApp.load_linked_sff_for_air,load_linked_sff_for_air(self),4238,
mugenforge/app.py,method,MugenForgeApp.populate_animation_player,"populate_animation_player(self, text: str)",4263,
mugenforge/app.py,method,MugenForgeApp.configure_anim_scrub,configure_anim_scrub(self),4287,
mugenforge/app.py,method,MugenForgeApp.on_anim_action_select,"on_anim_action_select(self, event=None)",4294,
mugenforge/app.py,method,MugenForgeApp.on_anim_scrub,"on_anim_scrub(self, value=None)",4300,
mugenforge/app.py,method,MugenForgeApp.draw_animation_frame,"draw_animation_frame(self, *args)",4322,
mugenforge/app.py,method,MugenForgeApp.play_animation,play_animation(self),4376,
mugenforge/app.py,method,MugenForgeApp.pause_animation,pause_animation(self),4386,
mugenforge/app.py,method,MugenForgeApp.step_animation,"step_animation(self, delta: int)",4395,
mugenforge/app.py,method,MugenForgeApp.populate_clsn_editor,"populate_clsn_editor(self, text: str)",4430,
mugenforge/app.py,method,MugenForgeApp.on_clsn_action_select,"on_clsn_action_select(self, event=None)",4464,
mugenforge/app.py,method,MugenForgeApp.on_clsn_frame_select,"on_clsn_frame_select(self, event=None)",4477,
mugenforge/app.py,method,MugenForgeApp.refresh_clsn_tree,refresh_clsn_tree(self),4488,
mugenforge/app.py,method,MugenForgeApp.select_clsn_box_index,"select_clsn_box_index(self, idx: int)",4495,
mugenforge/app.py,method,MugenForgeApp.on_clsn_box_select,"on_clsn_box_select(self, event=None)",4507,
mugenforge/app.py,method,MugenForgeApp.add_clsn_box,add_clsn_box(self),4529,
mugenforge/app.py,method,MugenForgeApp.update_clsn_box,update_clsn_box(self),4537,
mugenforge/app.py,method,MugenForgeApp.delete_clsn_box,delete_clsn_box(self),4551,
mugenforge/app.py,method,MugenForgeApp.draw_clsn_boxes,"draw_clsn_boxes(self, frame=None)",4582,
mugenforge/app.py,method,MugenForgeApp.on_clsn_canvas_press,"on_clsn_canvas_press(self, event)",4652,
mugenforge/app.py,method,MugenForgeApp.on_clsn_canvas_drag,"on_clsn_canvas_drag(self, event)",4664,
mugenforge/app.py,method,MugenForgeApp.on_clsn_canvas_release,"on_clsn_canvas_release(self, event)",4692,
mugenforge/app.py,method,MugenForgeApp.on_clsn_canvas_double_click,"on_clsn_canvas_double_click(self, event)",4699,
mugenforge/app.py,method,MugenForgeApp.apply_clsn_to_editor,apply_clsn_to_editor(self),4713,
mugenforge/app.py,method,MugenForgeApp.save_air_with_backup,save_air_with_backup(self),4741,
mugenforge/app.py,method,MugenForgeApp.populate_sprite_browser,"populate_sprite_browser(self, path: Path)",4754,
mugenforge/app.py,method,MugenForgeApp.on_sprite_select,"on_sprite_select(self, event=None)",4795,
mugenforge/app.py,method,MugenForgeApp.export_selected_sprite,export_selected_sprite(self),4835,
mugenforge/app.py,method,MugenForgeApp.export_sff_sprites,export_sff_sprites(self),4847,
mugenforge/app.py,method,MugenForgeApp.stage_sff_replacement,stage_sff_replacement(self),4863,
mugenforge/app.py,method,MugenForgeApp.inspect_sff_replacement_manifest,inspect_sff_replacement_manifest(self),4889,
mugenforge/app.py,method,MugenForgeApp.build_replaced_sff,build_replaced_sff(self),4899,
mugenforge/app.py,method,MugenForgeApp.choose_sprite_sheet,choose_sprite_sheet(self),4936,
mugenforge/app.py,method,MugenForgeApp.preview_sprite_sheet_grid,preview_sprite_sheet_grid(self),4957,
mugenforge/app.py,method,MugenForgeApp.export_sprite_sheet_slices,export_sprite_sheet_slices(self),4977,
mugenforge/app.py,method,MugenForgeApp.append_air_action_from_sheet,append_air_action_from_sheet(self),4992,
mugenforge/app.py,method,MugenForgeApp.inspect_sprite_manifest,inspect_sprite_manifest(self),5032,
mugenforge/app.py,method,MugenForgeApp.build_sff_from_sheet_manifest,build_sff_from_sheet_manifest(self),5043,
mugenforge/app.py,method,MugenForgeApp.populate_sound_browser,"populate_sound_browser(self, path: Path)",5087,
mugenforge/app.py,method,MugenForgeApp.on_sound_select,"on_sound_select(self, event=None)",5137,
mugenforge/app.py,method,MugenForgeApp.export_wav_cue_sheet_ui,export_wav_cue_sheet_ui(self),5159,
mugenforge/app.py,method,MugenForgeApp.export_selected_sound,export_selected_sound(self),5173,
mugenforge/app.py,method,MugenForgeApp.export_snd_sounds,export_snd_sounds(self),5185,
mugenforge/app.py,method,MugenForgeApp.make_placeholder_sound_bank_ui,make_placeholder_sound_bank_ui(self),5199,
mugenforge/app.py,method,MugenForgeApp.make_snd_manifest,make_snd_manifest(self),5217,
mugenforge/app.py,method,MugenForgeApp.inspect_snd_manifest,inspect_snd_manifest(self),5236,
mugenforge/app.py,method,MugenForgeApp.build_snd_from_manifest_ui,build_snd_from_manifest_ui(self),5247,
mugenforge/app.py,method,MugenForgeApp.on_editor_modified,"on_editor_modified(self, event=None)",5282,
mugenforge/app.py,method,MugenForgeApp.save_current,save_current(self),5289,
mugenforge/app.py,method,MugenForgeApp.validate_project,"validate_project(self, show_popup=True)",5306,
mugenforge/app.py,method,MugenForgeApp.export_audit,export_audit(self),5348,
mugenforge/app.py,method,MugenForgeApp.reload_project,reload_project(self),5401,
mugenforge/app.py,method,MugenForgeApp.find_todos,find_todos(self),5405,
mugenforge/app.py,method,MugenForgeApp.insert_command_template,insert_command_template(self),5447,
mugenforge/app.py,method,MugenForgeApp.insert_changestate_template,insert_changestate_template(self),5455,
mugenforge/app.py,method,MugenForgeApp.insert_attack_state_template,insert_attack_state_template(self),5462,
mugenforge/app.py,method,MugenForgeApp.insert_projectile_state_template,insert_projectile_state_template(self),5472,
mugenforge/app.py,method,MugenForgeApp.insert_helper_explod_template,insert_helper_explod_template(self),5480,
mugenforge/app.py,method,MugenForgeApp.inspect_current_code,inspect_current_code(self),5485,
mugenforge/app.py,method,MugenForgeApp.inspect_whole_character_code,inspect_whole_character_code(self),5517,
mugenforge/app.py,method,MugenForgeApp.package_character,package_character(self),5524,
mugenforge/app.py,method,MugenForgeApp.wizard_generate_preview,wizard_generate_preview(self),5550,
mugenforge/app.py,method,MugenForgeApp.wizard_insert_block,"wizard_insert_block(self, kind: str)",5562,
mugenforge/app.py,method,MugenForgeApp.wizard_append_to_project,wizard_append_to_project(self),5575,
mugenforge/app.py,method,MugenForgeApp.choose_act_palette,choose_act_palette(self),5587,
mugenforge/app.py,method,MugenForgeApp.populate_palette_browser,"populate_palette_browser(self, path: Path)",5596,
mugenforge/app.py,method,MugenForgeApp.draw_palette_grid,"draw_palette_grid(self, selected_index: int | None=None)",5618,
mugenforge/app.py,method,MugenForgeApp.on_palette_select,"on_palette_select(self, event=None)",5639,
mugenforge/app.py,method,MugenForgeApp.export_palette_json_ui,export_palette_json_ui(self),5653,
mugenforge/app.py,method,MugenForgeApp.build_act_from_image_ui,build_act_from_image_ui(self),5669,
mugenforge/app.py,method,MugenForgeApp.palette_move_selected_to_zero_ui,palette_move_selected_to_zero_ui(self),5693,
mugenforge/app.py,method,MugenForgeApp.auto_on_preset_select,"auto_on_preset_select(self, event=None)",5729,
mugenforge/app.py,method,MugenForgeApp.auto_preview_feature,auto_preview_feature(self),5740,
mugenforge/app.py,method,MugenForgeApp.auto_apply_selected_feature,auto_apply_selected_feature(self),5752,
mugenforge/app.py,method,MugenForgeApp.auto_apply_beginner_pack_ui,auto_apply_beginner_pack_ui(self),5768,
mugenforge/app.py,method,MugenForgeApp.auto_setup_project_ui,auto_setup_project_ui(self),5781,
mugenforge/app.py,method,MugenForgeApp.auto_project_status_ui,auto_project_status_ui(self),5796,
mugenforge/app.py,method,MugenForgeApp.auto_export_code_bank_ui,auto_export_code_bank_ui(self),5804,
mugenforge/app.py,method,MugenForgeApp.auto_preview_kit,auto_preview_kit(self),5815,
mugenforge/app.py,method,MugenForgeApp.auto_apply_kit_ui,auto_apply_kit_ui(self),5827,
mugenforge/app.py,method,MugenForgeApp.auto_feature_bank_stats_ui,auto_feature_bank_stats_ui(self),5844,
mugenforge/app.py,method,MugenForgeApp.auto_preview_archetype,auto_preview_archetype(self),5851,
mugenforge/app.py,method,MugenForgeApp.auto_write_dashboard_ui,auto_write_dashboard_ui(self),5859,
mugenforge/app.py,method,MugenForgeApp.auto_one_click_skeleton_ui,auto_one_click_skeleton_ui(self),5881,
mugenforge/app.py,method,MugenForgeApp.auto_make_placeholder_sheet_ui,auto_make_placeholder_sheet_ui(self),5913,
mugenforge/app.py,method,MugenForgeApp.factory_smart_complete_ui,factory_smart_complete_ui(self),5962,
mugenforge/app.py,method,MugenForgeApp.factory_doctor_ui,factory_doctor_ui(self),5970,
mugenforge/app.py,method,MugenForgeApp.factory_start_here_ui,factory_start_here_ui(self),5985,
mugenforge/app.py,method,MugenForgeApp.factory_function_bank_ui,factory_function_bank_ui(self),5993,
mugenforge/app.py,method,MugenForgeApp.factory_complete_air_ui,factory_complete_air_ui(self),6001,
mugenforge/app.py,method,MugenForgeApp.factory_placeholder_sff_ui,factory_placeholder_sff_ui(self),6009,
mugenforge/app.py,method,MugenForgeApp.factory_bulk_import_sprites_ui,factory_bulk_import_sprites_ui(self),6017,
mugenforge/app.py,method,MugenForgeApp.factory_movelist_ui,factory_movelist_ui(self),6029,
mugenforge/app.py,method,MugenForgeApp.factory_state_map_ui,factory_state_map_ui(self),6037,
mugenforge/app.py,method,MugenForgeApp.factory_balance_sheet_ui,factory_balance_sheet_ui(self),6045,
mugenforge/app.py,method,MugenForgeApp.factory_release_zip_ui,factory_release_zip_ui(self),6053,
mugenforge/app.py,method,MugenForgeApp.plus_doctor_report_ui,plus_doctor_report_ui(self),6099,
mugenforge/app.py,method,MugenForgeApp.plus_write_reports_ui,plus_write_reports_ui(self),6111,
mugenforge/app.py,method,MugenForgeApp.plus_auto_fix_ui,plus_auto_fix_ui(self),6125,
mugenforge/app.py,method,MugenForgeApp.plus_snapshot_ui,plus_snapshot_ui(self),6141,
mugenforge/app.py,method,MugenForgeApp.plus_release_zip_ui,plus_release_zip_ui(self),6154,
mugenforge/app.py,method,MugenForgeApp.plus_contact_sheet_ui,plus_contact_sheet_ui(self),6168,
mugenforge/app.py,method,MugenForgeApp.plus_export_action_gif_ui,plus_export_action_gif_ui(self),6185,
mugenforge/app.py,method,MugenForgeApp.plus_air_from_sff_ui,"plus_air_from_sff_ui(self, append: bool=False)",6203,
mugenforge/app.py,method,MugenForgeApp.plus_clone_air_action_ui,plus_clone_air_action_ui(self),6221,
mugenforge/app.py,method,MugenForgeApp.plus_batch_import_sprites_ui,plus_batch_import_sprites_ui(self),6240,
mugenforge/app.py,method,MugenForgeApp.plus_stage_template_ui,plus_stage_template_ui(self),6267,
mugenforge/app.py,method,MugenForgeApp.forge_beyond_one_click_ui,forge_beyond_one_click_ui(self),6347,
mugenforge/app.py,method,MugenForgeApp.forge_beyond_capability_ui,forge_beyond_capability_ui(self),6359,
mugenforge/app.py,method,MugenForgeApp.forge_beyond_index_ui,forge_beyond_index_ui(self),6370,
mugenforge/app.py,method,MugenForgeApp.forge_beyond_state_graph_ui,forge_beyond_state_graph_ui(self),6381,
mugenforge/app.py,method,MugenForgeApp.forge_beyond_variable_map_ui,forge_beyond_variable_map_ui(self),6392,
mugenforge/app.py,method,MugenForgeApp.forge_beyond_cross_refs_ui,forge_beyond_cross_refs_ui(self),6403,
mugenforge/app.py,method,MugenForgeApp.forge_beyond_export_command_sheet_ui,forge_beyond_export_command_sheet_ui(self),6414,
mugenforge/app.py,method,MugenForgeApp.forge_beyond_apply_command_sheet_ui,forge_beyond_apply_command_sheet_ui(self),6425,
mugenforge/app.py,method,MugenForgeApp.forge_beyond_export_air_sheet_ui,forge_beyond_export_air_sheet_ui(self),6442,
mugenforge/app.py,method,MugenForgeApp.forge_beyond_apply_air_sheet_ui,forge_beyond_apply_air_sheet_ui(self),6453,
mugenforge/app.py,method,MugenForgeApp.forge_beyond_templates_ui,forge_beyond_templates_ui(self),6470,
mugenforge/app.py,method,MugenForgeApp.forge_beyond_stage_pack_ui,forge_beyond_stage_pack_ui(self),6481,
mugenforge/app.py,method,MugenForgeApp.forge_beyond_import_zip_ui,forge_beyond_import_zip_ui(self),6493,
mugenforge/app.py,method,MugenForgeApp.forge_beyond_source_image_editor_ui,forge_beyond_source_image_editor_ui(self),6511,
mugenforge/app.py,method,MugenForgeApp.forge_beyond_release_bundle_ui,forge_beyond_release_bundle_ui(self),6535,
mugenforge/app.py,method,MugenForgeApp.forge_polish_one_click_ui,forge_polish_one_click_ui(self),6690,
mugenforge/app.py,method,MugenForgeApp.forge_polish_dashboard_ui,forge_polish_dashboard_ui(self),6704,
mugenforge/app.py,method,MugenForgeApp.forge_polish_validate_sheets_ui,forge_polish_validate_sheets_ui(self),6715,
mugenforge/app.py,method,MugenForgeApp.forge_polish_export_sound_sheet_ui,forge_polish_export_sound_sheet_ui(self),6726,
mugenforge/app.py,method,MugenForgeApp.forge_polish_apply_sound_sheet_ui,forge_polish_apply_sound_sheet_ui(self),6737,
mugenforge/app.py,method,MugenForgeApp.forge_polish_timeline_preview_ui,forge_polish_timeline_preview_ui(self),6755,
mugenforge/app.py,method,MugenForgeApp.forge_polish_state_graph_ui,forge_polish_state_graph_ui(self),6770,
mugenforge/app.py,method,MugenForgeApp.forge_polish_validate_template_ui,forge_polish_validate_template_ui(self),6782,
mugenforge/app.py,method,MugenForgeApp.forge_polish_import_template_ui,forge_polish_import_template_ui(self),6793,
mugenforge/app.py,method,MugenForgeApp.forge_polish_stage_preview_ui,forge_polish_stage_preview_ui(self),6808,
mugenforge/app.py,method,MugenForgeApp.forge_polish_backup_history_ui,forge_polish_backup_history_ui(self),6825,
mugenforge/app.py,method,MugenForgeApp.forge_polish_restore_backup_ui,forge_polish_restore_backup_ui(self),6837,
mugenforge/app.py,method,MugenForgeApp.forge_polish_bundle_ui,forge_polish_bundle_ui(self),6864,
mugenforge/app.py,method,MugenForgeApp.forge_timeline_one_click_ui,forge_timeline_one_click_ui(self),7000,
mugenforge/app.py,method,MugenForgeApp.forge_timeline_dashboard_ui,forge_timeline_dashboard_ui(self),7013,
mugenforge/app.py,method,MugenForgeApp.forge_timeline_build_model_ui,forge_timeline_build_model_ui(self),7024,
mugenforge/app.py,method,MugenForgeApp.forge_timeline_export_move_sheet_ui,forge_timeline_export_move_sheet_ui(self),7036,
mugenforge/app.py,method,MugenForgeApp.forge_timeline_apply_move_sheet_ui,forge_timeline_apply_move_sheet_ui(self),7047,
mugenforge/app.py,method,MugenForgeApp.forge_timeline_export_clsn_sheet_ui,forge_timeline_export_clsn_sheet_ui(self),7058,
mugenforge/app.py,method,MugenForgeApp.forge_timeline_apply_clsn_sheet_ui,forge_timeline_apply_clsn_sheet_ui(self),7069,
mugenforge/app.py,method,MugenForgeApp.forge_timeline_export_hitdef_sheet_ui,forge_timeline_export_hitdef_sheet_ui(self),7080,
mugenforge/app.py,method,MugenForgeApp.forge_timeline_apply_hitdef_sheet_ui,forge_timeline_apply_hitdef_sheet_ui(self),7091,
mugenforge/app.py,method,MugenForgeApp.forge_timeline_state_graph_ui,forge_timeline_state_graph_ui(self),7102,
mugenforge/app.py,method,MugenForgeApp.forge_timeline_apply_state_graph_ui,forge_timeline_apply_state_graph_ui(self),7114,
mugenforge/app.py,method,MugenForgeApp.forge_timeline_palette_ui,forge_timeline_palette_ui(self),7125,
mugenforge/app.py,method,MugenForgeApp.forge_timeline_apply_palette_ui,forge_timeline_apply_palette_ui(self),7142,
mugenforge/app.py,method,MugenForgeApp.forge_timeline_stage_preview_ui,forge_timeline_stage_preview_ui(self),7153,
mugenforge/app.py,method,MugenForgeApp.forge_timeline_bundle_ui,forge_timeline_bundle_ui(self),7170,
mugenforge/app.py,method,MugenForgeApp.binary_core_one_click_ui,binary_core_one_click_ui(self),7249,
mugenforge/app.py,method,MugenForgeApp.binary_core_dashboard_ui,binary_core_dashboard_ui(self),7261,
mugenforge/app.py,method,MugenForgeApp.binary_core_safety_ui,binary_core_safety_ui(self),7272,
mugenforge/app.py,method,MugenForgeApp.binary_core_sff2_inspect_ui,binary_core_sff2_inspect_ui(self),7283,
mugenforge/app.py,method,MugenForgeApp.binary_core_sff2_export_ui,binary_core_sff2_export_ui(self),7294,
mugenforge/app.py,method,MugenForgeApp.binary_core_export_axis_ui,binary_core_export_axis_ui(self),7305,
mugenforge/app.py,method,MugenForgeApp.binary_core_apply_axis_ui,binary_core_apply_axis_ui(self),7316,
mugenforge/app.py,method,MugenForgeApp.binary_core_sff2_rebuild_pack_ui,binary_core_sff2_rebuild_pack_ui(self),7329,
mugenforge/app.py,method,MugenForgeApp.binary_core_sff2_png_copy_ui,binary_core_sff2_png_copy_ui(self),7345,
mugenforge/app.py,method,MugenForgeApp.binary_core_export_snd_ui,binary_core_export_snd_ui(self),7358,
mugenforge/app.py,method,MugenForgeApp.binary_core_apply_snd_ui,binary_core_apply_snd_ui(self),7369,
mugenforge/app.py,method,MugenForgeApp.binary_core_snd_waveform_ui,binary_core_snd_waveform_ui(self),7382,
mugenforge/app.py,method,MugenForgeApp.binary_core_roundtrip_ui,binary_core_roundtrip_ui(self),7393,
mugenforge/app.py,method,MugenForgeApp.binary_core_bundle_ui,binary_core_bundle_ui(self),7404,
mugenforge/app.py,method,MugenForgeApp.binary_deep_one_click_ui,binary_deep_one_click_ui(self),7481,
mugenforge/app.py,method,MugenForgeApp.binary_deep_dashboard_ui,binary_deep_dashboard_ui(self),7493,
mugenforge/app.py,method,MugenForgeApp.binary_deep_sff2_inspect_ui,binary_deep_sff2_inspect_ui(self),7504,
mugenforge/app.py,method,MugenForgeApp.binary_deep_sff2_export_ui,binary_deep_sff2_export_ui(self),7515,
mugenforge/app.py,method,MugenForgeApp.binary_deep_export_mutation_ui,binary_deep_export_mutation_ui(self),7526,
mugenforge/app.py,method,MugenForgeApp.binary_deep_apply_mutation_ui,binary_deep_apply_mutation_ui(self),7537,
mugenforge/app.py,method,MugenForgeApp.binary_deep_build_native_sff2_ui,binary_deep_build_native_sff2_ui(self),7550,
mugenforge/app.py,method,MugenForgeApp.binary_deep_export_snd_patch_ui,binary_deep_export_snd_patch_ui(self),7561,
mugenforge/app.py,method,MugenForgeApp.binary_deep_apply_snd_patch_ui,binary_deep_apply_snd_patch_ui(self),7572,
mugenforge/app.py,method,MugenForgeApp.binary_deep_runtime_ui,binary_deep_runtime_ui(self),7585,
mugenforge/app.py,method,MugenForgeApp.binary_deep_bundle_ui,binary_deep_bundle_ui(self),7596,
mugenforge/app.py,method,MugenForgeApp.binary_maturity_one_click_ui,binary_maturity_one_click_ui(self),7672,
mugenforge/app.py,method,MugenForgeApp.binary_maturity_sff2_report_ui,binary_maturity_sff2_report_ui(self),7684,
mugenforge/app.py,method,MugenForgeApp.binary_maturity_export_sff2_workspace_ui,binary_maturity_export_sff2_workspace_ui(self),7695,
mugenforge/app.py,method,MugenForgeApp.binary_maturity_apply_sff2_workspace_ui,binary_maturity_apply_sff2_workspace_ui(self),7706,
mugenforge/app.py,method,MugenForgeApp.binary_maturity_build_sff2_source_ui,binary_maturity_build_sff2_source_ui(self),7719,
mugenforge/app.py,method,MugenForgeApp.binary_maturity_export_snd_slot_ui,binary_maturity_export_snd_slot_ui(self),7731,
mugenforge/app.py,method,MugenForgeApp.binary_maturity_apply_snd_slot_ui,binary_maturity_apply_snd_slot_ui(self),7742,
mugenforge/app.py,method,MugenForgeApp.binary_maturity_runtime_harness_ui,binary_maturity_runtime_harness_ui(self),7755,
mugenforge/app.py,method,MugenForgeApp.binary_maturity_run_runtime_ui,binary_maturity_run_runtime_ui(self),7766,
mugenforge/app.py,method,MugenForgeApp.binary_maturity_bundle_ui,binary_maturity_bundle_ui(self),7777,
mugenforge/app.py,method,MugenForgeApp.runtime_lab_one_click_ui,runtime_lab_one_click_ui(self),7850,
mugenforge/app.py,method,MugenForgeApp.runtime_lab_config_ui,runtime_lab_config_ui(self),7862,
mugenforge/app.py,method,MugenForgeApp.runtime_lab_profiles_ui,runtime_lab_profiles_ui(self),7873,
mugenforge/app.py,method,MugenForgeApp.runtime_lab_launchers_ui,runtime_lab_launchers_ui(self),7884,
mugenforge/app.py,method,MugenForgeApp.runtime_lab_debug_overlay_ui,runtime_lab_debug_overlay_ui(self),7895,
mugenforge/app.py,method,MugenForgeApp.runtime_lab_test_plan_ui,runtime_lab_test_plan_ui(self),7908,
mugenforge/app.py,method,MugenForgeApp.runtime_lab_parse_logs_ui,runtime_lab_parse_logs_ui(self),7919,
mugenforge/app.py,method,MugenForgeApp.runtime_lab_evidence_ui,runtime_lab_evidence_ui(self),7930,
mugenforge/app.py,method,MugenForgeApp.runtime_lab_regression_ui,runtime_lab_regression_ui(self),7941,
mugenforge/app.py,method,MugenForgeApp.runtime_lab_readiness_ui,runtime_lab_readiness_ui(self),7952,
mugenforge/app.py,method,MugenForgeApp.runtime_lab_bundle_ui,runtime_lab_bundle_ui(self),7963,
mugenforge/app.py,method,MugenForgeApp.gap_closer_one_click_ui,gap_closer_one_click_ui(self),8029,
mugenforge/app.py,method,MugenForgeApp.gap_closer_dashboard_ui,gap_closer_dashboard_ui(self),8041,
mugenforge/app.py,method,MugenForgeApp.gap_closer_engine_probe_ui,gap_closer_engine_probe_ui(self),8052,
mugenforge/app.py,method,MugenForgeApp.gap_closer_source_model_ui,gap_closer_source_model_ui(self),8064,
mugenforge/app.py,method,MugenForgeApp.gap_closer_scenario_dry_ui,gap_closer_scenario_dry_ui(self),8075,
mugenforge/app.py,method,MugenForgeApp.gap_closer_scenario_live_ui,gap_closer_scenario_live_ui(self),8086,
mugenforge/app.py,method,MugenForgeApp.gap_closer_readiness_ui,gap_closer_readiness_ui(self),8100,
mugenforge/app.py,method,MugenForgeApp.gap_closer_corpus_ui,gap_closer_corpus_ui(self),8111,
mugenforge/app.py,method,MugenForgeApp.gap_closer_triage_ui,gap_closer_triage_ui(self),8123,
mugenforge/app.py,method,MugenForgeApp.gap_closer_commit_sheet_ui,gap_closer_commit_sheet_ui(self),8134,
mugenforge/app.py,method,MugenForgeApp.gap_closer_apply_commit_ui,gap_closer_apply_commit_ui(self),8145,
mugenforge/app.py,method,MugenForgeApp.gap_closer_tuning_sheet_ui,gap_closer_tuning_sheet_ui(self),8158,
mugenforge/app.py,method,MugenForgeApp.gap_closer_apply_tuning_ui,gap_closer_apply_tuning_ui(self),8169,
mugenforge/app.py,method,MugenForgeApp.gap_closer_bundle_ui,gap_closer_bundle_ui(self),8182,
mugenforge/app.py,method,MugenForgeApp.authority_core_one_click_ui,authority_core_one_click_ui(self),8257,
mugenforge/app.py,method,MugenForgeApp.authority_core_dashboard_ui,authority_core_dashboard_ui(self),8269,
mugenforge/app.py,method,MugenForgeApp.authority_core_contracts_ui,authority_core_contracts_ui(self),8280,
mugenforge/app.py,method,MugenForgeApp.authority_core_validate_engine_ui,authority_core_validate_engine_ui(self),8289,
mugenforge/app.py,method,MugenForgeApp.authority_core_dry_run_ui,authority_core_dry_run_ui(self),8298,
mugenforge/app.py,method,MugenForgeApp.authority_core_run_engine_ui,authority_core_run_engine_ui(self),8308,
mugenforge/app.py,method,MugenForgeApp.authority_core_parse_engine_ui,authority_core_parse_engine_ui(self),8321,
mugenforge/app.py,method,MugenForgeApp.authority_core_reconcile_ui,authority_core_reconcile_ui(self),8330,
mugenforge/app.py,method,MugenForgeApp.authority_core_corpus_ui,authority_core_corpus_ui(self),8339,
mugenforge/app.py,method,MugenForgeApp.authority_core_triage_ui,authority_core_triage_ui(self),8353,
mugenforge/app.py,method,MugenForgeApp.authority_core_install_sheet_ui,authority_core_install_sheet_ui(self),8362,
mugenforge/app.py,method,MugenForgeApp.authority_core_install_candidates_ui,authority_core_install_candidates_ui(self),8371,
mugenforge/app.py,method,MugenForgeApp.authority_core_tuning_sheet_ui,authority_core_tuning_sheet_ui(self),8383,
mugenforge/app.py,method,MugenForgeApp.authority_core_apply_tuning_ui,authority_core_apply_tuning_ui(self),8392,
mugenforge/app.py,method,MugenForgeApp.authority_core_score_ui,authority_core_score_ui(self),8404,
mugenforge/app.py,method,MugenForgeApp.authority_core_bundle_ui,authority_core_bundle_ui(self),8413,
mugenforge/app.py,method,MugenForgeApp.authority_lab_one_click_ui,authority_lab_one_click_ui(self),8485,
mugenforge/app.py,method,MugenForgeApp.authority_lab_dashboard_ui,authority_lab_dashboard_ui(self),8496,
mugenforge/app.py,method,MugenForgeApp.authority_lab_verify_engine_ui,authority_lab_verify_engine_ui(self),8505,
mugenforge/app.py,method,MugenForgeApp.authority_lab_probe_engine_ui,authority_lab_probe_engine_ui(self),8514,
mugenforge/app.py,method,MugenForgeApp.authority_lab_source_sim_ui,authority_lab_source_sim_ui(self),8526,
mugenforge/app.py,method,MugenForgeApp.authority_lab_corpus_ui,authority_lab_corpus_ui(self),8535,
mugenforge/app.py,method,MugenForgeApp.authority_lab_commit_sheet_ui,authority_lab_commit_sheet_ui(self),8549,
mugenforge/app.py,method,MugenForgeApp.authority_lab_apply_commit_ui,authority_lab_apply_commit_ui(self),8558,
mugenforge/app.py,method,MugenForgeApp.authority_lab_tuning_ui,authority_lab_tuning_ui(self),8569,
mugenforge/app.py,method,MugenForgeApp.authority_lab_gate_ui,authority_lab_gate_ui(self),8578,
mugenforge/app.py,method,MugenForgeApp.authority_lab_bundle_ui,authority_lab_bundle_ui(self),8587,
mugenforge/app.py,method,MugenForgeApp.closure_lab_one_click_ui,closure_lab_one_click_ui(self),8666,
mugenforge/app.py,method,MugenForgeApp.closure_lab_dashboard_ui,closure_lab_dashboard_ui(self),8676,
mugenforge/app.py,method,MugenForgeApp.closure_lab_offline_runtime_ui,closure_lab_offline_runtime_ui(self),8685,
mugenforge/app.py,method,MugenForgeApp.closure_lab_engine_adapter_ui,closure_lab_engine_adapter_ui(self),8696,
mugenforge/app.py,method,MugenForgeApp.closure_lab_validate_engine_ui,closure_lab_validate_engine_ui(self),8705,
mugenforge/app.py,method,MugenForgeApp.closure_lab_dry_engine_ui,closure_lab_dry_engine_ui(self),8714,
mugenforge/app.py,method,MugenForgeApp.closure_lab_run_engine_ui,closure_lab_run_engine_ui(self),8724,
mugenforge/app.py,method,MugenForgeApp.closure_lab_sff2_corpus_ui,closure_lab_sff2_corpus_ui(self),8737,
mugenforge/app.py,method,MugenForgeApp.closure_lab_sff2_triage_ui,closure_lab_sff2_triage_ui(self),8751,
mugenforge/app.py,method,MugenForgeApp.closure_lab_export_commit_ui,closure_lab_export_commit_ui(self),8760,
mugenforge/app.py,method,MugenForgeApp.closure_lab_apply_commit_ui,closure_lab_apply_commit_ui(self),8769,
mugenforge/app.py,method,MugenForgeApp.closure_lab_restore_commit_ui,closure_lab_restore_commit_ui(self),8780,
mugenforge/app.py,method,MugenForgeApp.closure_lab_tuning_sheet_ui,closure_lab_tuning_sheet_ui(self),8791,
mugenforge/app.py,method,MugenForgeApp.closure_lab_apply_tuning_ui,closure_lab_apply_tuning_ui(self),8800,
mugenforge/app.py,method,MugenForgeApp.closure_lab_evidence_contract_ui,closure_lab_evidence_contract_ui(self),8809,
mugenforge/app.py,method,MugenForgeApp.closure_lab_bundle_ui,closure_lab_bundle_ui(self),8818,
mugenforge/app.py,method,MugenForgeApp.evidence_core_one_click_ui,evidence_core_one_click_ui(self),8896,
mugenforge/app.py,method,MugenForgeApp.evidence_core_dashboard_ui,evidence_core_dashboard_ui(self),8906,
mugenforge/app.py,method,MugenForgeApp.evidence_core_configure_engine_ui,evidence_core_configure_engine_ui(self),8915,
mugenforge/app.py,method,MugenForgeApp.evidence_core_probe_engine_ui,evidence_core_probe_engine_ui(self),8929,
mugenforge/app.py,method,MugenForgeApp.evidence_core_launch_matrix_ui,evidence_core_launch_matrix_ui(self),8938,
mugenforge/app.py,method,MugenForgeApp.evidence_core_dry_run_ui,evidence_core_dry_run_ui(self),8947,
mugenforge/app.py,method,MugenForgeApp.evidence_core_run_validation_ui,evidence_core_run_validation_ui(self),8956,
mugenforge/app.py,method,MugenForgeApp.evidence_core_ingest_ui,evidence_core_ingest_ui(self),8968,
mugenforge/app.py,method,MugenForgeApp.evidence_core_authority_ui,evidence_core_authority_ui(self),8982,
mugenforge/app.py,method,MugenForgeApp.evidence_core_corpus_harness_ui,evidence_core_corpus_harness_ui(self),8991,
mugenforge/app.py,method,MugenForgeApp.evidence_core_corpus_run_ui,evidence_core_corpus_run_ui(self),9005,
mugenforge/app.py,method,MugenForgeApp.evidence_core_candidate_sheet_ui,evidence_core_candidate_sheet_ui(self),9014,
mugenforge/app.py,method,MugenForgeApp.evidence_core_apply_candidate_ui,evidence_core_apply_candidate_ui(self),9023,
mugenforge/app.py,method,MugenForgeApp.evidence_core_tuning_sheet_ui,evidence_core_tuning_sheet_ui(self),9034,
mugenforge/app.py,method,MugenForgeApp.evidence_core_apply_tuning_ui,evidence_core_apply_tuning_ui(self),9043,
mugenforge/app.py,method,MugenForgeApp.evidence_core_playtest_closure_ui,evidence_core_playtest_closure_ui(self),9054,
mugenforge/app.py,method,MugenForgeApp.evidence_core_bundle_ui,evidence_core_bundle_ui(self),9063,
mugenforge/app.py,method,MugenForgeApp.handoff_core_one_click_ui,handoff_core_one_click_ui(self),9118,
mugenforge/app.py,method,MugenForgeApp.handoff_core_digest_ui,handoff_core_digest_ui(self),9127,
mugenforge/app.py,method,MugenForgeApp.handoff_core_inventory_ui,handoff_core_inventory_ui(self),9134,
mugenforge/app.py,method,MugenForgeApp.handoff_core_regression_ui,handoff_core_regression_ui(self),9141,
mugenforge/app.py,method,MugenForgeApp.handoff_core_prompt_ui,handoff_core_prompt_ui(self),9148,
mugenforge/app.py,method,MugenForgeApp.handoff_core_development_ui,handoff_core_development_ui(self),9155,
mugenforge/app.py,method,MugenForgeApp.handoff_core_bundle_ui,handoff_core_bundle_ui(self),9162,
mugenforge/app.py,method,MugenForgeApp.operator_console_one_click_ui,operator_console_one_click_ui(self),9231,
mugenforge/app.py,method,MugenForgeApp.operator_console_dashboard_ui,operator_console_dashboard_ui(self),9241,
mugenforge/app.py,method,MugenForgeApp.operator_console_roadmap_ui,operator_console_roadmap_ui(self),9250,
mugenforge/app.py,method,MugenForgeApp.operator_console_handoff_ui,operator_console_handoff_ui(self),9259,
mugenforge/app.py,method,MugenForgeApp.operator_console_decision_log_ui,operator_console_decision_log_ui(self),9268,
mugenforge/app.py,method,MugenForgeApp.operator_console_readiness_ui,operator_console_readiness_ui(self),9277,
mugenforge/app.py,method,MugenForgeApp.operator_console_context_bundle_ui,operator_console_context_bundle_ui(self),9286,
mugenforge/app.py,method,MugenForgeApp.maintenance_core_one_click_ui,maintenance_core_one_click_ui(self),9357,
mugenforge/app.py,method,MugenForgeApp.maintenance_core_dashboard_ui,maintenance_core_dashboard_ui(self),9367,
mugenforge/app.py,method,MugenForgeApp.maintenance_core_catalog_ui,maintenance_core_catalog_ui(self),9376,
mugenforge/app.py,method,MugenForgeApp.maintenance_core_ui_inventory_ui,maintenance_core_ui_inventory_ui(self),9385,
mugenforge/app.py,method,MugenForgeApp.maintenance_core_lineage_ui,maintenance_core_lineage_ui(self),9394,
mugenforge/app.py,method,MugenForgeApp.maintenance_core_claims_ui,maintenance_core_claims_ui(self),9403,
mugenforge/app.py,method,MugenForgeApp.maintenance_core_scripts_ui,maintenance_core_scripts_ui(self),9412,
mugenforge/app.py,method,MugenForgeApp.maintenance_core_backlog_ui,maintenance_core_backlog_ui(self),9421,
mugenforge/app.py,method,MugenForgeApp.maintenance_core_handoff_ui,maintenance_core_handoff_ui(self),9430,
mugenforge/app.py,method,MugenForgeApp.maintenance_core_bundle_ui,maintenance_core_bundle_ui(self),9439,
mugenforge/app.py,method,MugenForgeApp.new_character,new_character(self),9448,
mugenforge/app.py,function,main,main(),9460,
mugenforge/authority_core.py,constant,AUTHORITY_CORE_VERSION,AUTHORITY_CORE_VERSION,28,
mugenforge/authority_core.py,constant,TEXT_CODE_EXTS,TEXT_CODE_EXTS,29,
mugenforge/authority_core.py,constant,BINARY_EXTS,BINARY_EXTS,30,
mugenforge/authority_core.py,constant,EVIDENCE_EXTS,EVIDENCE_EXTS,31,
mugenforge/authority_core.py,constant,ERROR_RE,ERROR_RE,32,
mugenforge/authority_core.py,constant,WARN_RE,WARN_RE,33,
mugenforge/authority_core.py,constant,TELEMETRY_RE,TELEMETRY_RE,34,
mugenforge/authority_core.py,class/dataclass,AuthorityCoreResult,AuthorityCoreResult,38,
mugenforge/authority_core.py,method,AuthorityCoreResult.add_created,"add_created(self, root: Path, path: Path | str) -> None",45,
mugenforge/authority_core.py,method,AuthorityCoreResult.add_changed,"add_changed(self, root: Path, path: Path | str) -> None",48,
mugenforge/authority_core.py,method,AuthorityCoreResult.add_warning,"add_warning(self, msg: object) -> None",51,
mugenforge/authority_core.py,method,AuthorityCoreResult.add_note,"add_note(self, msg: object) -> None",54,
mugenforge/authority_core.py,method,AuthorityCoreResult.merge,"merge(self, other: 'AuthorityCoreResult', label: Optional[str]=None) -> None",57,
mugenforge/authority_core.py,method,AuthorityCoreResult.to_text,to_text(self) -> str,66,
mugenforge/authority_core.py,function,_uniq,_uniq(items: Iterable[str]) -> List[str],81,
mugenforge/authority_core.py,function,_rel,"_rel(root: Path, path: Path | str) -> str",92,
mugenforge/authority_core.py,function,_timestamp,_timestamp() -> str,99,
mugenforge/authority_core.py,function,_authority_dir,_authority_dir(root: Path) -> Path,103,
mugenforge/authority_core.py,function,_write,"_write(root: Path, path: Path, text: str, result: Optional[AuthorityCoreResult]=None, changed: bool=False) -> Path",109,
mugenforge/authority_core.py,function,_write_json,"_write_json(root: Path, path: Path, payload: object, result: Optional[AuthorityCoreResult]=None, changed: bool=False) -> Path",120,
mugenforge/authority_core.py,function,_read_json,"_read_json(path: Path, default: object) -> object",124,
mugenforge/authority_core.py,function,_csv_write,"_csv_write(path: Path, rows: Sequence[Dict[str, object]], fields: Sequence[str]) -> None",131,
mugenforge/authority_core.py,function,_csv_read,"_csv_read(path: Path) -> List[Dict[str, str]]",140,
mugenforge/authority_core.py,function,_sha256,_sha256(path: Path) -> str,147,
mugenforge/authority_core.py,function,_backup_file,_backup_file(path: Path) -> Optional[Path],155,
mugenforge/authority_core.py,function,_discover_files,"_discover_files(root: Path) -> Dict[str, Optional[Path]]",164,
mugenforge/authority_core.py,function,_code_files,_code_files(root: Path) -> List[Path],184,
mugenforge/authority_core.py,function,_first_int,"_first_int(value: object, default: int=0) -> int",193,
mugenforge/authority_core.py,function,_project_char_name,_project_char_name(root: Path) -> str,198,
mugenforge/authority_core.py,function,_default_engine_config,"_default_engine_config(root: Path) -> Dict[str, object]",211,
mugenforge/authority_core.py,function,_engine_config_path,_engine_config_path(root: Path) -> Path,235,
mugenforge/authority_core.py,function,_read_engine_config,"_read_engine_config(root: Path) -> Dict[str, object]",239,
mugenforge/authority_core.py,function,write_authority_dashboard,write_authority_dashboard(root: Path) -> AuthorityCoreResult,260,
mugenforge/authority_core.py,function,write_engine_contract_profiles,write_engine_contract_profiles(root: Path) -> AuthorityCoreResult,293,
mugenforge/authority_core.py,function,validate_engine_configuration,validate_engine_configuration(root: Path) -> AuthorityCoreResult,335,
mugenforge/authority_core.py,function,_contract_args,_contract_args(profile: str) -> List[str],377,
mugenforge/authority_core.py,function,_expand_args,"_expand_args(args: Sequence[object], cfg: Dict[str, object], log_path: Path) -> List[str]",385,
mugenforge/authority_core.py,function,build_engine_command,"build_engine_command(root: Path, scenario_id: str='smoke') -> Tuple[List[str], Path, Dict[str, object]]",401,
mugenforge/authority_core.py,function,run_authoritative_engine_scenario,"run_authoritative_engine_scenario(root: Path, scenario_id: str='smoke', timeout_seconds: Optional[float]=None, dry_run: bool=False) -> AuthorityCoreResult",416,
mugenforge/authority_core.py,function,parse_engine_run_results,parse_engine_run_results(root: Path) -> AuthorityCoreResult,478,
mugenforge/authority_core.py,function,_telemetry_rows,"_telemetry_rows(root: Path) -> List[Dict[str, object]]",521,
mugenforge/authority_core.py,function,write_runtime_reconciliation_report,write_runtime_reconciliation_report(root: Path) -> AuthorityCoreResult,545,
mugenforge/authority_core.py,function,_corpus_root,"_corpus_root(root: Path, corpus_folder: Optional[Path | str]=None) -> Path",590,
mugenforge/authority_core.py,function,write_sff_snd_corpus_validation_suite,"write_sff_snd_corpus_validation_suite(root: Path, corpus_folder: Optional[Path | str]=None) -> AuthorityCoreResult",600,
mugenforge/authority_core.py,function,triage_unknown_binary_layouts,"triage_unknown_binary_layouts(root: Path, corpus_folder: Optional[Path | str]=None) -> AuthorityCoreResult",652,
mugenforge/authority_core.py,function,export_binary_install_sheet,export_binary_install_sheet(root: Path) -> AuthorityCoreResult,686,
mugenforge/authority_core.py,function,install_verified_binary_candidates,"install_verified_binary_candidates(root: Path, sheet_path: Optional[Path | str]=None) -> AuthorityCoreResult",729,
mugenforge/authority_core.py,function,_hitdef_locations,"_hitdef_locations(root: Path) -> List[Dict[str, object]]",773,
mugenforge/authority_core.py,function,write_gameplay_tuning_feedback_sheet,write_gameplay_tuning_feedback_sheet(root: Path) -> AuthorityCoreResult,789,
mugenforge/authority_core.py,function,_replace_hitdef_damage,"_replace_hitdef_damage(text: str, target_line: int, new_value: str) -> Tuple[str, bool]",818,
mugenforge/authority_core.py,function,_scale_air_action_ticks,"_scale_air_action_ticks(text: str, action_no: int, scale: float) -> Tuple[str, bool]",835,
mugenforge/authority_core.py,function,apply_gameplay_tuning_feedback_sheet,"apply_gameplay_tuning_feedback_sheet(root: Path, sheet_path: Optional[Path | str]=None) -> AuthorityCoreResult",861,
mugenforge/authority_core.py,function,write_authority_score,write_authority_score(root: Path) -> AuthorityCoreResult,909,
mugenforge/authority_core.py,function,build_authority_core_bundle,build_authority_core_bundle(root: Path) -> AuthorityCoreResult,983,
mugenforge/authority_core.py,function,run_authority_core_pass,run_authority_core_pass(root: Path) -> AuthorityCoreResult,1001,
mugenforge/authority_lab.py,constant,AUTHORITY_LAB_VERSION,AUTHORITY_LAB_VERSION,22,
mugenforge/authority_lab.py,constant,CODE_EXTS,CODE_EXTS,23,
mugenforge/authority_lab.py,constant,BINARY_EXTS,BINARY_EXTS,24,
mugenforge/authority_lab.py,constant,EVIDENCE_EXTS,EVIDENCE_EXTS,25,
mugenforge/authority_lab.py,class/dataclass,AuthorityLabResult,AuthorityLabResult,29,
mugenforge/authority_lab.py,method,AuthorityLabResult.add_created,"add_created(self, root: Path, path: Path | str) -> None",36,
mugenforge/authority_lab.py,method,AuthorityLabResult.add_changed,"add_changed(self, root: Path, path: Path | str) -> None",39,
mugenforge/authority_lab.py,method,AuthorityLabResult.add_warning,"add_warning(self, msg: object) -> None",42,
mugenforge/authority_lab.py,method,AuthorityLabResult.add_note,"add_note(self, msg: object) -> None",45,
mugenforge/authority_lab.py,method,AuthorityLabResult.merge,"merge(self, other: object, label: Optional[str]=None) -> None",48,
mugenforge/authority_lab.py,method,AuthorityLabResult.to_text,to_text(self) -> str,57,
mugenforge/authority_lab.py,function,_uniq,_uniq(items: Iterable[str]) -> List[str],72,
mugenforge/authority_lab.py,function,_now,_now() -> str,83,
mugenforge/authority_lab.py,function,_rel,"_rel(root: Path, path: Path | str) -> str",87,
mugenforge/authority_lab.py,function,_auth_dir,_auth_dir(root: Path) -> Path,94,
mugenforge/authority_lab.py,function,_write_text,"_write_text(path: Path, text: str, res: Optional[AuthorityLabResult]=None, root: Optional[Path]=None, changed: bool=False) -> Path",100,
mugenforge/authority_lab.py,function,_write_json,"_write_json(path: Path, payload: object, res: Optional[AuthorityLabResult]=None, root: Optional[Path]=None, changed: bool=False) -> Path",109,
mugenforge/authority_lab.py,function,_write_csv,"_write_csv(path: Path, rows: Sequence[Dict[str, object]], fields: Sequence[str], res: Optional[AuthorityLabResult]=None, root: Optional[Path]=None) -> Path",118,
mugenforge/authority_lab.py,function,_sha256,_sha256(path: Path) -> str,131,
mugenforge/authority_lab.py,function,_read_json,"_read_json(path: Path, default: object) -> object",139,
mugenforge/authority_lab.py,function,_main_def,_main_def(root: Path) -> Optional[Path],146,
mugenforge/authority_lab.py,function,_def_refs,"_def_refs(root: Path) -> Dict[str, str]",154,
mugenforge/authority_lab.py,function,_project_files,"_project_files(root: Path) -> Dict[str, Optional[Path]]",167,
mugenforge/authority_lab.py,function,_code_files,_code_files(root: Path) -> List[Path],198,
mugenforge/authority_lab.py,function,_all_state_defs,"_all_state_defs(root: Path) -> Dict[int, List[str]]",213,
mugenforge/authority_lab.py,function,_all_change_targets,"_all_change_targets(root: Path) -> List[Dict[str, object]]",225,
mugenforge/authority_lab.py,function,_air_actions,_air_actions(root: Path),255,
mugenforge/authority_lab.py,function,_anim_duration,"_anim_duration(actions_by_no: Dict[int, object], anim_no: int) -> int",265,
mugenforge/authority_lab.py,function,_first_int,"_first_int(value: object, default: int=0) -> int",279,
mugenforge/authority_lab.py,function,_evidence_files,_evidence_files(root: Path) -> List[Path],284,
mugenforge/authority_lab.py,function,write_authority_dashboard,write_authority_dashboard(root: Path) -> AuthorityLabResult,310,
mugenforge/authority_lab.py,function,verify_engine_profile,"verify_engine_profile(root: Path, run_probe: bool=False, timeout_seconds: float=5.0) -> AuthorityLabResult",374,
mugenforge/authority_lab.py,function,build_source_runtime_simulation,"build_source_runtime_simulation(root: Path, max_steps_per_state: int=180) -> AuthorityLabResult",470,
mugenforge/authority_lab.py,function,_byte_entropy,_byte_entropy(data: bytes) -> float,565,
mugenforge/authority_lab.py,function,_fingerprint_sff,"_fingerprint_sff(path: Path) -> Dict[str, object]",580,
mugenforge/authority_lab.py,function,validate_sff2_corpus,"validate_sff2_corpus(root: Path, corpus_folder: Optional[Path]=None, export_decode_samples: bool=True, max_files: int=500) -> AuthorityLabResult",606,
mugenforge/authority_lab.py,function,_candidate_binary_files,_candidate_binary_files(root: Path) -> List[Path],728,
mugenforge/authority_lab.py,function,export_verified_binary_commit_sheet,export_verified_binary_commit_sheet(root: Path) -> AuthorityLabResult,751,
mugenforge/authority_lab.py,function,apply_verified_binary_commit_sheet,"apply_verified_binary_commit_sheet(root: Path, sheet_path: Optional[Path]=None) -> AuthorityLabResult",792,
mugenforge/authority_lab.py,function,write_gameplay_tuning_workbench,write_gameplay_tuning_workbench(root: Path) -> AuthorityLabResult,858,
mugenforge/authority_lab.py,function,write_evidence_authority_gate,write_evidence_authority_gate(root: Path) -> AuthorityLabResult,922,
mugenforge/authority_lab.py,function,build_authority_bundle,build_authority_bundle(root: Path) -> AuthorityLabResult,1017,
mugenforge/authority_lab.py,function,run_authority_lab_pass,run_authority_lab_pass(root: Path) -> AuthorityLabResult,1038,
mugenforge/automation_bank.py,class/dataclass,FeaturePreset,FeaturePreset,20,
mugenforge/automation_bank.py,class/dataclass,FeaturePackage,FeaturePackage,32,
mugenforge/automation_bank.py,class/dataclass,ApplyResult,ApplyResult,44,
mugenforge/automation_bank.py,method,ApplyResult.to_text,to_text(self) -> str,50,
mugenforge/automation_bank.py,constant,FEATURE_PRESETS,FEATURE_PRESETS,67,
mugenforge/automation_bank.py,function,available_presets,available_presets() -> List[FeaturePreset],89,
mugenforge/automation_bank.py,function,get_preset,get_preset(feature_id: str) -> FeaturePreset,93,
mugenforge/automation_bank.py,function,preset_display_list,preset_display_list() -> List[str],100,
mugenforge/automation_bank.py,function,preset_by_display,preset_by_display(display: str) -> FeaturePreset,104,
mugenforge/automation_bank.py,function,_marker,_marker(feature_id: str) -> str,111,
mugenforge/automation_bank.py,function,_wrap,"_wrap(feature_id: str, title: str, block: str) -> str",115,
mugenforge/automation_bank.py,function,_spec,"_spec(move_name: str, command_name: str, command_input: str, state_no: int, anim_no: Optional[int]=None, sprite_group: Optional[int]=None, move_type: str='attack', damage: int=35, frame_count: int=4, ticks: int=4, hit_frame: int=2, hit_box: tuple[int, int, int, int]=(18, -72, 58, -36), body_box: tuple[int, int, int, int]=(-18, -88, 18, 0), sound: tuple[int, int]=(5, 0), ground_velocity: tuple[float, float]=(-3.0, 0.0), air_velocity: tuple[float, float]=(-2.0, -4.0)) -> MoveWizardSpec",121,
mugenforge/automation_bank.py,function,_pack_from_specs,"_pack_from_specs(feature_id: str, name: str, specs: Sequence[MoveWizardSpec], notes: Optional[List[str]]=None) -> FeaturePackage",161,
mugenforge/automation_bank.py,function,_basic_air_actions,_basic_air_actions() -> str,183,
mugenforge/automation_bank.py,function,_common_command_bank,_common_command_bank() -> str,222,
mugenforge/automation_bank.py,function,_debug_overlay_block,_debug_overlay_block() -> str,238,
mugenforge/automation_bank.py,function,_simple_pose_state,"_simple_pose_state(state_no: int, anim_no: int, label: str, state_type: str='S') -> str",250,
mugenforge/automation_bank.py,function,_simple_pose_air,"_simple_pose_air(anim_no: int, label: str, frames: int=5) -> str",269,
mugenforge/automation_bank.py,function,build_feature_package,build_feature_package(feature_id: str) -> FeaturePackage,278,
mugenforge/automation_bank.py,function,package_preview_text,package_preview_text(package: FeaturePackage) -> str,370,
mugenforge/automation_bank.py,function,_timestamp,_timestamp() -> str,385,
mugenforge/automation_bank.py,function,_backup_path,_backup_path(path: Path) -> Path,389,
mugenforge/automation_bank.py,function,_append_unique,"_append_unique(path: Path, block: str, marker_id: str, result: ApplyResult) -> None",393,
mugenforge/automation_bank.py,function,_fallback_file,"_fallback_file(root: Path, kind: str) -> Path",411,
mugenforge/automation_bank.py,function,apply_feature_package,"apply_feature_package(root: Path, package: FeaturePackage) -> ApplyResult",417,
mugenforge/automation_bank.py,function,apply_preset,"apply_preset(root: Path, feature_id: str) -> ApplyResult",442,
mugenforge/automation_bank.py,function,apply_beginner_pack,apply_beginner_pack(root: Path) -> ApplyResult,446,
mugenforge/automation_bank.py,function,default_project_profile,"default_project_profile() -> Dict[str, object]",458,
mugenforge/automation_bank.py,function,beginner_guide_text,beginner_guide_text() -> str,479,
mugenforge/automation_bank.py,function,_ensure_def_files_section,"_ensure_def_files_section(def_path: Path, references: Dict[str, str]) -> bool",512,
mugenforge/automation_bank.py,function,auto_setup_project,auto_setup_project(root: Path) -> ApplyResult,562,
mugenforge/automation_bank.py,function,beginner_project_status,beginner_project_status(root: Path) -> str,599,
mugenforge/automation_bank.py,function,export_code_bank_template,export_code_bank_template(root: Path) -> Path,633,
mugenforge/automation_bank.py,constant,_EXTRA_FEATURE_PRESETS,_EXTRA_FEATURE_PRESETS,648,
mugenforge/automation_bank.py,constant,_BASE_BUILD_FEATURE_PACKAGE,_BASE_BUILD_FEATURE_PACKAGE,688,
mugenforge/automation_bank.py,function,_movement_fx_state,"_movement_fx_state(state_no: int, anim_no: int, label: str, x_vel: float=4.0, y_vel: float=0.0, ticks: int=16, nothit: bool=False, afterimage: bool=False) -> str",691,
mugenforge/automation_bank.py,function,_state_minus_one,"_state_minus_one(command_name: str, state_no: int, label: str, extra_trigger: str='trigger1 = ctrl') -> str",733,
mugenforge/automation_bank.py,function,_command_block,"_command_block(command_name: str, command: str, time: int=12, buffer: int=4) -> str",744,
mugenforge/automation_bank.py,function,_teleport_package,"_teleport_package(feature_id: str, preset: FeaturePreset) -> FeaturePackage",754,
mugenforge/automation_bank.py,function,_defense_package,"_defense_package(feature_id: str, preset: FeaturePreset, command_name: str, command: str, state_no: int, label: str, kind: str) -> FeaturePackage",794,
mugenforge/automation_bank.py,function,_throw_package,"_throw_package(feature_id: str, preset: FeaturePreset, command_name: str, command: str, state_no: int, label: str) -> FeaturePackage",857,
mugenforge/automation_bank.py,function,_power_install_package,"_power_install_package(feature_id: str, preset: FeaturePreset) -> FeaturePackage",897,
mugenforge/automation_bank.py,function,_helper_fx_package,"_helper_fx_package(feature_id: str, preset: FeaturePreset, kind: str) -> FeaturePackage",946,
mugenforge/automation_bank.py,function,_tooling_package,"_tooling_package(feature_id: str, preset: FeaturePreset) -> FeaturePackage",1042,
mugenforge/automation_bank.py,function,build_feature_package,build_feature_package(feature_id: str) -> FeaturePackage,1095,
mugenforge/automation_bank.py,constant,KIT_PRESETS,KIT_PRESETS,1163,
mugenforge/automation_bank.py,function,kit_names,kit_names() -> List[str],1183,
mugenforge/automation_bank.py,function,kit_preview_text,kit_preview_text(kit_name: str) -> str,1187,
mugenforge/automation_bank.py,function,apply_feature_ids_pack,"apply_feature_ids_pack(root: Path, ids: Sequence[str]) -> ApplyResult",1200,
mugenforge/automation_bank.py,function,apply_kit,"apply_kit(root: Path, kit_name: str) -> ApplyResult",1211,
mugenforge/automation_bank.py,function,make_placeholder_sprite_sheet,make_placeholder_sprite_sheet(root: Path) -> ApplyResult,1215,
mugenforge/automation_bank.py,constant,_V22_EXTRA_FEATURE_PRESETS,_V22_EXTRA_FEATURE_PRESETS,1270,
mugenforge/automation_bank.py,constant,_BASE_BUILD_FEATURE_PACKAGE_V22,_BASE_BUILD_FEATURE_PACKAGE_V22,1329,
mugenforge/automation_bank.py,function,_attack_with_custom_state,"_attack_with_custom_state(feature_id: str, preset: FeaturePreset, spec: MoveWizardSpec, extra_cns: str='') -> FeaturePackage",1332,
mugenforge/automation_bank.py,function,_charge_or_utility_package,"_charge_or_utility_package(feature_id: str, preset: FeaturePreset, kind: str) -> FeaturePackage",1339,
mugenforge/automation_bank.py,function,_rekka_chain_package,"_rekka_chain_package(feature_id: str, preset: FeaturePreset) -> FeaturePackage",1449,
mugenforge/automation_bank.py,function,_helper_projectile_package,"_helper_projectile_package(feature_id: str, preset: FeaturePreset, kind: str) -> FeaturePackage",1475,
mugenforge/automation_bank.py,function,_super_package,"_super_package(feature_id: str, preset: FeaturePreset, kind: str) -> FeaturePackage",1623,
mugenforge/automation_bank.py,function,_stance_or_ai_package,"_stance_or_ai_package(feature_id: str, preset: FeaturePreset, kind: str) -> FeaturePackage",1713,
mugenforge/automation_bank.py,function,_fx_or_pose_package,"_fx_or_pose_package(feature_id: str, preset: FeaturePreset, kind: str) -> FeaturePackage",1847,
mugenforge/automation_bank.py,function,build_feature_package,build_feature_package(feature_id: str) -> FeaturePackage,1900,
mugenforge/automation_bank.py,function,feature_bank_stats,"feature_bank_stats() -> Dict[str, object]",2074,
mugenforge/automation_bank.py,function,feature_bank_stats_text,feature_bank_stats_text() -> str,2088,
mugenforge/automation_bank.py,constant,_V23_FEATURE_PRESETS,_V23_FEATURE_PRESETS,2102,
mugenforge/automation_bank.py,constant,_V22_BUILD_FEATURE_PACKAGE,_V22_BUILD_FEATURE_PACKAGE,2178,
mugenforge/automation_bank.py,function,_v23_doc_text,"_v23_doc_text(title: str, feature_id: str) -> str",2181,
mugenforge/automation_bank.py,function,_v23_docs_package,"_v23_docs_package(feature_id: str, preset: FeaturePreset) -> FeaturePackage",2204,
mugenforge/automation_bank.py,function,_v23_required_air,"_v23_required_air(feature_id: str, preset: FeaturePreset) -> FeaturePackage",2227,
mugenforge/automation_bank.py,function,_v23_state2_block,"_v23_state2_block(feature_id: str, title: str, var_no: int, lines: str) -> str",2244,
mugenforge/automation_bank.py,function,_v23_system_package,"_v23_system_package(feature_id: str, preset: FeaturePreset) -> FeaturePackage",2260,
mugenforge/automation_bank.py,function,build_feature_package,build_feature_package(feature_id: str) -> FeaturePackage,2426,
mugenforge/automation_bank.py,constant,_V25_FEATURE_PRESETS,_V25_FEATURE_PRESETS,2470,
mugenforge/automation_bank.py,constant,_V24_BUILD_FEATURE_PACKAGE,_V24_BUILD_FEATURE_PACKAGE,2544,
mugenforge/automation_bank.py,constant,_V25_DOC_IDS,_V25_DOC_IDS,2546,
mugenforge/automation_bank.py,constant,_V25_SYSTEM_IDS,_V25_SYSTEM_IDS,2547,
mugenforge/automation_bank.py,function,_v25_doc_text,"_v25_doc_text(fid: str, title: str) -> str",2550,
mugenforge/automation_bank.py,function,_v25_docs_package,"_v25_docs_package(feature_id: str, preset: FeaturePreset) -> FeaturePackage",2587,
mugenforge/automation_bank.py,function,_v25_system_block,"_v25_system_block(feature_id: str, title: str) -> str",2600,
mugenforge/automation_bank.py,function,_v25_cmd_hook,"_v25_cmd_hook(feature_id: str, title: str) -> str",2626,
mugenforge/automation_bank.py,function,_v25_system_package,"_v25_system_package(feature_id: str, preset: FeaturePreset) -> FeaturePackage",2639,
mugenforge/automation_bank.py,constant,_V25_MOVE_SPECS,_V25_MOVE_SPECS,2654,
mugenforge/automation_bank.py,function,build_feature_package,build_feature_package(feature_id: str) -> FeaturePackage,2673,
mugenforge/automation_bank.py,constant,_V25_BUILD_FEATURE_PACKAGE,_V25_BUILD_FEATURE_PACKAGE,2727,
mugenforge/automation_bank.py,constant,_V26_FEATURE_PRESETS,_V26_FEATURE_PRESETS,2729,
mugenforge/automation_bank.py,constant,_V26_DOC_IDS,_V26_DOC_IDS,2777,
mugenforge/automation_bank.py,function,_v26_doc_text,"_v26_doc_text(fid: str, title: str) -> str",2780,
mugenforge/automation_bank.py,function,_v26_docs_package,"_v26_docs_package(feature_id: str, preset: FeaturePreset) -> FeaturePackage",2811,
mugenforge/automation_bank.py,function,_v26_system_block,"_v26_system_block(feature_id: str, title: str) -> str",2822,
mugenforge/automation_bank.py,function,_v26_cmd_hook,"_v26_cmd_hook(feature_id: str, title: str) -> str",2856,
mugenforge/automation_bank.py,function,_v26_system_package,"_v26_system_package(feature_id: str, preset: FeaturePreset) -> FeaturePackage",2868,
mugenforge/automation_bank.py,constant,_V26_MOVE_SPECS,_V26_MOVE_SPECS,2883,
mugenforge/automation_bank.py,function,build_feature_package,build_feature_package(feature_id: str) -> FeaturePackage,2897,
mugenforge/automation_bank.py,constant,_V26_FEATURE_PRESETS,_V26_FEATURE_PRESETS,2948,
mugenforge/automation_bank.py,constant,_V26_BUILD_FEATURE_PACKAGE,_V26_BUILD_FEATURE_PACKAGE,3003,
mugenforge/automation_bank.py,constant,_V26_DOC_IDS,_V26_DOC_IDS,3004,
mugenforge/automation_bank.py,constant,_V26_MOVE_IDS,_V26_MOVE_IDS,3005,
mugenforge/automation_bank.py,function,_v26_doc_package,"_v26_doc_package(feature_id: str, preset: FeaturePreset) -> FeaturePackage",3008,
mugenforge/automation_bank.py,function,_v26_system_package,"_v26_system_package(feature_id: str, preset: FeaturePreset) -> FeaturePackage",3042,
mugenforge/automation_bank.py,constant,_V26_MOVE_SPECS,_V26_MOVE_SPECS,3087,
mugenforge/automation_bank.py,function,build_feature_package,build_feature_package(feature_id: str) -> FeaturePackage,3101,
mugenforge/automation_bank.py,constant,_FINAL_V26_PREV_BUILD_FEATURE_PACKAGE,_FINAL_V26_PREV_BUILD_FEATURE_PACKAGE,3146,
mugenforge/automation_bank.py,function,_factory_ultra_compat_doc,"_factory_ultra_compat_doc(feature_id: str, preset: FeaturePreset) -> FeaturePackage",3149,
mugenforge/automation_bank.py,function,_factory_ultra_compat_system,"_factory_ultra_compat_system(feature_id: str, preset: FeaturePreset) -> FeaturePackage",3172,
mugenforge/automation_bank.py,function,_factory_ultra_compat_move,"_factory_ultra_compat_move(feature_id: str, preset: FeaturePreset) -> FeaturePackage",3206,
mugenforge/automation_bank.py,function,build_feature_package,build_feature_package(feature_id: str) -> FeaturePackage,3226,
mugenforge/automation_bank.py,constant,_QUALITY_LAB_PRESETS,_QUALITY_LAB_PRESETS,3244,
mugenforge/automation_bank.py,constant,_QUALITY_BASE_BUILD_FEATURE_PACKAGE,_QUALITY_BASE_BUILD_FEATURE_PACKAGE,3287,
mugenforge/automation_bank.py,constant,_QUALITY_IDS,_QUALITY_IDS,3288,
mugenforge/automation_bank.py,function,_quality_doc,"_quality_doc(feature_id: str, preset: FeaturePreset) -> FeaturePackage",3291,
mugenforge/automation_bank.py,function,_quality_system,"_quality_system(feature_id: str, preset: FeaturePreset) -> FeaturePackage",3330,
mugenforge/automation_bank.py,function,build_feature_package,build_feature_package(feature_id: str) -> FeaturePackage,3396,
mugenforge/automation_bank.py,constant,_RESCUE_LAB_PRESETS,_RESCUE_LAB_PRESETS,3443,
mugenforge/automation_bank.py,constant,_RESCUE_BASE_BUILD_FEATURE_PACKAGE,_RESCUE_BASE_BUILD_FEATURE_PACKAGE,3463,
mugenforge/automation_bank.py,constant,_RESCUE_IDS,_RESCUE_IDS,3464,
mugenforge/automation_bank.py,function,_rescue_doc_package,"_rescue_doc_package(feature_id: str, preset: FeaturePreset) -> FeaturePackage",3467,
mugenforge/automation_bank.py,function,_rescue_system_package,"_rescue_system_package(feature_id: str, preset: FeaturePreset) -> FeaturePackage",3499,
mugenforge/automation_bank.py,function,build_feature_package,build_feature_package(feature_id: str) -> FeaturePackage,3536,
mugenforge/automation_bank.py,constant,_CREATOR_HUB_PRESETS,_CREATOR_HUB_PRESETS,3567,
mugenforge/automation_bank.py,constant,_CREATOR_HUB_IDS,_CREATOR_HUB_IDS,3610,
mugenforge/automation_bank.py,constant,_CREATOR_HUB_PREV_BUILD_FEATURE_PACKAGE,_CREATOR_HUB_PREV_BUILD_FEATURE_PACKAGE,3615,
mugenforge/automation_bank.py,function,_creator_hub_doc,"_creator_hub_doc(feature_id: str, preset: FeaturePreset) -> FeaturePackage",3618,
mugenforge/automation_bank.py,function,_creator_hub_system,"_creator_hub_system(feature_id: str, preset: FeaturePreset) -> FeaturePackage",3646,
mugenforge/automation_bank.py,function,build_feature_package,build_feature_package(feature_id: str) -> FeaturePackage,3748,
mugenforge/binary_core.py,constant,BINARY_CORE_VERSION,BINARY_CORE_VERSION,29,
mugenforge/binary_core.py,constant,IMAGE_SUFFIXES,IMAGE_SUFFIXES,30,
mugenforge/binary_core.py,constant,TRUTH_NOTE,TRUTH_NOTE,31,
mugenforge/binary_core.py,class/dataclass,BinaryCoreResult,BinaryCoreResult,39,
mugenforge/binary_core.py,method,BinaryCoreResult.add_created,"add_created(self, *args) -> None",47,
mugenforge/binary_core.py,method,BinaryCoreResult.add_changed,"add_changed(self, *args) -> None",50,
mugenforge/binary_core.py,method,BinaryCoreResult.add_skipped,"add_skipped(self, msg: object) -> None",53,
mugenforge/binary_core.py,method,BinaryCoreResult.add_warning,"add_warning(self, msg: object) -> None",56,
mugenforge/binary_core.py,method,BinaryCoreResult.add_note,"add_note(self, msg: object) -> None",59,
mugenforge/binary_core.py,method,BinaryCoreResult.merge,"merge(self, other: object, label: Optional[str]=None) -> 'BinaryCoreResult'",62,
mugenforge/binary_core.py,method,BinaryCoreResult.to_text,to_text(self) -> str,71,
mugenforge/binary_core.py,class/dataclass,Sff2ProbeRecord,Sff2ProbeRecord,90,
mugenforge/binary_core.py,method,Sff2ProbeRecord.to_dict,"to_dict(self) -> Dict[str, object]",108,
mugenforge/binary_core.py,function,_uniq,_uniq(items: Iterable[object]) -> List[str],133,
mugenforge/binary_core.py,function,_flex_path,_flex_path(*args) -> str,144,
mugenforge/binary_core.py,function,_rel,"_rel(root: Path, path: Path | str) -> str",152,
mugenforge/binary_core.py,function,_now,_now() -> str,159,
mugenforge/binary_core.py,function,_bc,_bc(root: Path) -> Path,163,
mugenforge/binary_core.py,function,_write_text,"_write_text(path: Path, text: str, result: Optional[BinaryCoreResult]=None, root: Optional[Path]=None, changed: bool=False) -> Path",169,
mugenforge/binary_core.py,function,_write_json,"_write_json(path: Path, payload: object, result: Optional[BinaryCoreResult]=None, root: Optional[Path]=None) -> Path",178,
mugenforge/binary_core.py,function,_write_csv,"_write_csv(path: Path, rows: Sequence[Dict[str, object]], fields: Sequence[str], result: Optional[BinaryCoreResult]=None, root: Optional[Path]=None) -> Path",187,
mugenforge/binary_core.py,function,_sha256,_sha256(path: Path) -> str,200,
mugenforge/binary_core.py,function,_backup,_backup(path: Path) -> Optional[Path],208,
mugenforge/binary_core.py,function,_file,"_file(root: Path, ext: str) -> Optional[Path]",217,
mugenforge/binary_core.py,function,_image_files,_image_files(folder: Path) -> List[Path],236,
mugenforge/binary_core.py,function,_parse_group_image,"_parse_group_image(path: Path, fallback: int=0) -> Tuple[int, int]",243,
mugenforge/binary_core.py,function,_image_size,"_image_size(path: Path) -> Tuple[int, int]",257,
mugenforge/binary_core.py,function,_truth_lines,_truth_lines() -> List[str],266,
mugenforge/binary_core.py,function,_u32,"_u32(data: bytes, off: int) -> int",281,
mugenforge/binary_core.py,function,_i16,"_i16(data: bytes, off: int) -> int",285,
mugenforge/binary_core.py,function,_u16,"_u16(data: bytes, off: int) -> int",289,
mugenforge/binary_core.py,function,_header_slots,"_header_slots(data: bytes, start: int=16, stop: int=160) -> Dict[str, int]",293,
mugenforge/binary_core.py,function,_find_embedded_pngs,"_find_embedded_pngs(data: bytes) -> List[Tuple[int, int]]",304,
mugenforge/binary_core.py,function,_find_pcx_markers,"_find_pcx_markers(data: bytes, limit: int=2000) -> List[int]",323,
mugenforge/binary_core.py,function,_probe_mugenforge_png_subset,"_probe_mugenforge_png_subset(path: Path) -> Tuple[List[Sff2ProbeRecord], Dict[str, object], List[str]]",334,
mugenforge/binary_core.py,function,write_sff2_inspection,write_sff2_inspection(root: Path) -> BinaryCoreResult,427,
mugenforge/binary_core.py,function,inspect_sff2_native,inspect_sff2_native(root: Path) -> BinaryCoreResult,519,
mugenforge/binary_core.py,function,export_sff2_payloads,export_sff2_payloads(root: Path) -> BinaryCoreResult,523,
mugenforge/binary_core.py,function,export_supported_sff2_payloads,export_supported_sff2_payloads(root: Path) -> BinaryCoreResult,585,
mugenforge/binary_core.py,function,export_sff_axis_sheet,export_sff_axis_sheet(root: Path) -> BinaryCoreResult,593,
mugenforge/binary_core.py,function,_truthy,_truthy(value: object) -> bool,660,
mugenforge/binary_core.py,function,_safe_int,"_safe_int(value: object, default: int=0) -> int",664,
mugenforge/binary_core.py,function,apply_sff_axis_sheet,"apply_sff_axis_sheet(root: Path, sheet_path: Optional[Path]=None) -> BinaryCoreResult",671,
mugenforge/binary_core.py,function,_auto_image_sources,_auto_image_sources(root: Path) -> List[Path],739,
mugenforge/binary_core.py,function,write_sff2_rebuild_workspace,"write_sff2_rebuild_workspace(root: Path, image_folder: Optional[Path]=None) -> BinaryCoreResult",759,
mugenforge/binary_core.py,function,create_sff2_source_rebuild_pack,"create_sff2_source_rebuild_pack(root: Path, image_folder: Optional[Path]=None) -> BinaryCoreResult",837,
mugenforge/binary_core.py,function,_png_bytes_for_sff2,"_png_bytes_for_sff2(path: Path) -> Tuple[bytes, int, int]",841,
mugenforge/binary_core.py,function,build_sff2_png_workspace_copy,build_sff2_png_workspace_copy(root: Path) -> BinaryCoreResult,853,
mugenforge/binary_core.py,function,export_snd_bank_sheet,export_snd_bank_sheet(root: Path) -> BinaryCoreResult,943,
mugenforge/binary_core.py,function,export_snd_bank_workspace,export_snd_bank_workspace(root: Path) -> BinaryCoreResult,1007,
mugenforge/binary_core.py,function,_sheet_rows_sorted,"_sheet_rows_sorted(sheet: Path) -> List[Dict[str, str]]",1011,
mugenforge/binary_core.py,function,apply_snd_bank_sheet,"apply_snd_bank_sheet(root: Path, sheet_path: Optional[Path]=None, install: bool=False, replace_original: bool=False) -> BinaryCoreResult",1018,
mugenforge/binary_core.py,function,write_snd_waveform_preview,write_snd_waveform_preview(root: Path) -> BinaryCoreResult,1104,
mugenforge/binary_core.py,function,write_binary_safety_report,write_binary_safety_report(root: Path) -> BinaryCoreResult,1184,
mugenforge/binary_core.py,function,write_binary_core_dashboard,write_binary_core_dashboard(root: Path) -> BinaryCoreResult,1209,
mugenforge/binary_core.py,function,write_binary_roundtrip_lab,write_binary_roundtrip_lab(root: Path) -> BinaryCoreResult,1265,
mugenforge/binary_core.py,function,build_binary_roundtrip_report,build_binary_roundtrip_report(root: Path) -> BinaryCoreResult,1326,
mugenforge/binary_core.py,function,build_binary_core_bundle,build_binary_core_bundle(root: Path) -> BinaryCoreResult,1330,
mugenforge/binary_core.py,function,run_binary_core_pass,run_binary_core_pass(root: Path) -> BinaryCoreResult,1349,
mugenforge/binary_core.py,function,write_sff_binary_audit,write_sff_binary_audit(root: Path) -> BinaryCoreResult,1385,
mugenforge/binary_core.py,function,write_sff_axis_sheet,write_sff_axis_sheet(root: Path) -> BinaryCoreResult,1389,
mugenforge/binary_core.py,function,inspect_snd_bank,inspect_snd_bank(root: Path) -> BinaryCoreResult,1393,
mugenforge/binary_core.py,function,write_snd_waveform_preview,write_snd_waveform_preview(root: Path) -> BinaryCoreResult,1399,
mugenforge/binary_core.py,constant,BINARY_CORE_VERSION,BINARY_CORE_VERSION,1428,
mugenforge/binary_core.py,constant,TRUTH_NOTE,TRUTH_NOTE,1429,
mugenforge/binary_core.py,function,_truth_lines,_truth_lines() -> List[str],1436,
mugenforge/binary_core.py,function,_sff2_rows_from_info,"_sff2_rows_from_info(info: SffInfo) -> List[Dict[str, object]]",1448,
mugenforge/binary_core.py,function,_sff2_palette_rows_from_info,"_sff2_palette_rows_from_info(info: SffInfo) -> List[Dict[str, object]]",1456,
mugenforge/binary_core.py,function,write_sff2_inspection,write_sff2_inspection(root: Path) -> BinaryCoreResult,1464,
mugenforge/binary_core.py,function,inspect_sff2_native,inspect_sff2_native(root: Path) -> BinaryCoreResult,1574,
mugenforge/binary_core.py,function,export_sff2_payloads,export_sff2_payloads(root: Path) -> BinaryCoreResult,1578,
mugenforge/binary_core.py,function,export_supported_sff2_payloads,export_supported_sff2_payloads(root: Path) -> BinaryCoreResult,1654,
mugenforge/binary_core.py,function,export_sff_axis_sheet,export_sff_axis_sheet(root: Path) -> BinaryCoreResult,1658,
mugenforge/binary_core.py,function,apply_sff_axis_sheet,"apply_sff_axis_sheet(root: Path, sheet_path: Optional[Path]=None) -> BinaryCoreResult",1741,
mugenforge/binary_core.py,function,write_sff2_rebuild_workspace,"write_sff2_rebuild_workspace(root: Path, image_folder: Optional[Path]=None) -> BinaryCoreResult",1781,
mugenforge/binary_core.py,function,create_sff2_source_rebuild_pack,"create_sff2_source_rebuild_pack(root: Path, image_folder: Optional[Path]=None) -> BinaryCoreResult",1864,
mugenforge/binary_core.py,function,build_sff2_standard_workspace,"build_sff2_standard_workspace(root: Path, compression: Optional[str]=None) -> BinaryCoreResult",1868,
mugenforge/binary_core.py,function,build_sff2_png_workspace_copy,build_sff2_png_workspace_copy(root: Path) -> BinaryCoreResult,1907,
mugenforge/binary_core.py,function,export_snd_byte_patch_sheet,export_snd_byte_patch_sheet(root: Path) -> BinaryCoreResult,1911,
mugenforge/binary_core.py,function,apply_snd_byte_patch_sheet,"apply_snd_byte_patch_sheet(root: Path, sheet_path: Optional[Path]=None, install: bool=False) -> BinaryCoreResult",1947,
mugenforge/binary_core.py,function,write_runtime_verification_pack,write_runtime_verification_pack(root: Path) -> BinaryCoreResult,2012,
mugenforge/binary_core.py,function,import_runtime_logs,import_runtime_logs(root: Path) -> BinaryCoreResult,2062,
mugenforge/binary_core.py,function,write_binary_core_dashboard,write_binary_core_dashboard(root: Path) -> BinaryCoreResult,2109,
mugenforge/binary_core.py,function,write_binary_roundtrip_lab,write_binary_roundtrip_lab(root: Path) -> BinaryCoreResult,2176,
mugenforge/binary_core.py,function,build_binary_roundtrip_report,build_binary_roundtrip_report(root: Path) -> BinaryCoreResult,2233,
mugenforge/binary_core.py,function,run_binary_core_pass,run_binary_core_pass(root: Path) -> BinaryCoreResult,2237,
mugenforge/binary_core.py,constant,BINARY_CORE_VERSION,BINARY_CORE_VERSION,2284,
mugenforge/binary_core.py,constant,TRUTH_NOTE,TRUTH_NOTE,2285,
mugenforge/binary_core.py,function,_truth_lines,_truth_lines() -> List[str],2292,
mugenforge/binary_core.py,function,_sff2_records_from_info,"_sff2_records_from_info(info: SffInfo) -> List[Dict[str, object]]",2305,
mugenforge/binary_core.py,function,_sff2_palettes_from_info,"_sff2_palettes_from_info(info: SffInfo) -> List[Dict[str, object]]",2313,
mugenforge/binary_core.py,function,write_sff2_inspection,write_sff2_inspection(root: Path) -> BinaryCoreResult,2321,
mugenforge/binary_core.py,function,export_sff2_payloads,export_sff2_payloads(root: Path) -> BinaryCoreResult,2401,
mugenforge/binary_core.py,function,export_sff_axis_sheet,export_sff_axis_sheet(root: Path) -> BinaryCoreResult,2444,
mugenforge/binary_core.py,function,apply_sff_axis_sheet,"apply_sff_axis_sheet(root: Path, sheet_path: Optional[Path]=None) -> BinaryCoreResult",2478,
mugenforge/binary_core.py,function,build_sff2_png_workspace_copy,build_sff2_png_workspace_copy(root: Path) -> BinaryCoreResult,2510,
mugenforge/binary_core.py,function,export_snd_slot_patch_sheet,export_snd_slot_patch_sheet(root: Path) -> BinaryCoreResult,2538,
mugenforge/binary_core.py,function,apply_snd_slot_patch_sheet,"apply_snd_slot_patch_sheet(root: Path, sheet_path: Optional[Path]=None, install: bool=False) -> BinaryCoreResult",2559,
mugenforge/binary_core.py,function,write_runtime_validation_lab,write_runtime_validation_lab(root: Path) -> BinaryCoreResult,2639,
mugenforge/binary_core.py,function,run_binary_core_pass,run_binary_core_pass(root: Path) -> BinaryCoreResult,2678,
mugenforge/binary_deep.py,constant,BINARY_DEEP_VERSION,BINARY_DEEP_VERSION,38,
mugenforge/binary_deep.py,constant,SFF2_NATIVE_HEADER_SIZE,SFF2_NATIVE_HEADER_SIZE,39,
mugenforge/binary_deep.py,constant,SFF2_RECORD_SIZE,SFF2_RECORD_SIZE,40,
mugenforge/binary_deep.py,constant,SFF2_NATIVE_MAGIC,SFF2_NATIVE_MAGIC,41,
mugenforge/binary_deep.py,constant,IMAGE_SUFFIXES,IMAGE_SUFFIXES,42,
mugenforge/binary_deep.py,constant,SFF2_FORMAT_LABELS,SFF2_FORMAT_LABELS,47,
mugenforge/binary_deep.py,constant,CAPABILITY_NOTE,CAPABILITY_NOTE,57,
mugenforge/binary_deep.py,class/dataclass,DeepSff2Record,DeepSff2Record,66,
mugenforge/binary_deep.py,method,DeepSff2Record.to_dict,"to_dict(self) -> Dict[str, object]",91,
mugenforge/binary_deep.py,class/dataclass,DeepSff2Table,DeepSff2Table,120,
mugenforge/binary_deep.py,method,DeepSff2Table.to_dict,"to_dict(self) -> Dict[str, object]",130,
mugenforge/binary_deep.py,function,_now,_now() -> str,147,
mugenforge/binary_deep.py,function,_rel,"_rel(root: Path, path: Path | str) -> str",151,
mugenforge/binary_deep.py,function,_bd,_bd(root: Path) -> Path,158,
mugenforge/binary_deep.py,function,_bc,_bc(root: Path) -> Path,164,
mugenforge/binary_deep.py,function,_write_text,"_write_text(path: Path, text: str, result: Optional[BinaryCoreResult]=None, root: Optional[Path]=None, changed: bool=False) -> Path",170,
mugenforge/binary_deep.py,function,_write_json,"_write_json(path: Path, payload: object, result: Optional[BinaryCoreResult]=None, root: Optional[Path]=None) -> Path",179,
mugenforge/binary_deep.py,function,_write_csv,"_write_csv(path: Path, rows: Sequence[Dict[str, object]], fields: Sequence[str], result: Optional[BinaryCoreResult]=None, root: Optional[Path]=None) -> Path",188,
mugenforge/binary_deep.py,function,_sha256,_sha256(path: Path) -> str,201,
mugenforge/binary_deep.py,function,_safe_int,"_safe_int(value: object, default: int=0) -> int",209,
mugenforge/binary_deep.py,function,_truthy,_truthy(value: object) -> bool,218,
mugenforge/binary_deep.py,function,_file,"_file(root: Path, ext: str) -> Optional[Path]",222,
mugenforge/binary_deep.py,function,_backup,"_backup(path: Path, tag: str='binary_deep') -> Optional[Path]",240,
mugenforge/binary_deep.py,function,_u16,"_u16(data: bytes, off: int) -> int",249,
mugenforge/binary_deep.py,function,_i16,"_i16(data: bytes, off: int) -> int",253,
mugenforge/binary_deep.py,function,_u32,"_u32(data: bytes, off: int) -> int",257,
mugenforge/binary_deep.py,function,_i32,"_i32(data: bytes, off: int) -> int",261,
mugenforge/binary_deep.py,function,_clamp_i16,_clamp_i16(v: int) -> int,265,
mugenforge/binary_deep.py,function,_clamp_u16,_clamp_u16(v: int) -> int,269,
mugenforge/binary_deep.py,function,_image_files,_image_files(folder: Path) -> List[Path],273,
mugenforge/binary_deep.py,function,_parse_group_image,"_parse_group_image(path: Path, fallback: int=0) -> Tuple[int, int]",280,
mugenforge/binary_deep.py,function,_image_size,"_image_size(path: Path) -> Tuple[int, int]",294,
mugenforge/binary_deep.py,function,_png_payload,"_png_payload(path: Path) -> Tuple[bytes, int, int, int]",303,
mugenforge/binary_deep.py,function,_find_embedded_pngs,"_find_embedded_pngs(data: bytes) -> List[Tuple[int, int]]",319,
mugenforge/binary_deep.py,function,_find_pcx_ranges,"_find_pcx_ranges(data: bytes, max_hits: int=1000) -> List[Tuple[int, int]]",347,
mugenforge/binary_deep.py,function,_candidate_header_values,_candidate_header_values(data: bytes) -> List[int],363,
mugenforge/binary_deep.py,function,_plausible_record_fields,"_plausible_record_fields(data: bytes, off: int) -> Optional[Tuple[int, int, int, int, int, int, int, int, int, int, int, int]]",381,
mugenforge/binary_deep.py,function,_payload_hint,"_payload_hint(blob: bytes, format_code: int) -> str",414,
mugenforge/binary_deep.py,function,_score_record,"_score_record(data: bytes, fields: Tuple[int, int, int, int, int, int, int, int, int, int, int, int], data_base: int) -> Tuple[int, int, str, str]",428,
mugenforge/binary_deep.py,function,_parse_table_candidate,"_parse_table_candidate(data: bytes, table_offset: int, record_count: int, data_base: int, source: str, limit: int=50000) -> Optional[DeepSff2Table]",465,
mugenforge/binary_deep.py,function,discover_deep_sff2_tables,"discover_deep_sff2_tables(path: Path) -> Tuple[List[DeepSff2Table], Dict[str, object], List[str]]",522,
mugenforge/binary_deep.py,function,best_deep_sff2_table,best_deep_sff2_table(path: Path) -> Optional[DeepSff2Table],599,
mugenforge/binary_deep.py,function,_palette_for_record,"_palette_for_record(data: bytes, record: DeepSff2Record) -> Optional[List[Tuple[int, int, int, int]]]",604,
mugenforge/binary_deep.py,function,_pil_image_from_indexed,"_pil_image_from_indexed(indices: bytes, width: int, height: int, palette: Optional[List[Tuple[int, int, int, int]]]=None, scale5: bool=False)",610,
mugenforge/binary_deep.py,function,_unpack_5bit_raw,"_unpack_5bit_raw(blob: bytes, expected: int) -> Optional[bytes]",634,
mugenforge/binary_deep.py,function,_decode_pcx_style_rle,"_decode_pcx_style_rle(blob: bytes, expected: int) -> Optional[bytes]",653,
mugenforge/binary_deep.py,function,_decode_packbit_rle,"_decode_packbit_rle(blob: bytes, expected: int) -> Optional[bytes]",669,
mugenforge/binary_deep.py,function,_decode_rle8,"_decode_rle8(blob: bytes, expected: int) -> Tuple[Optional[bytes], str]",691,
mugenforge/binary_deep.py,function,_decode_rle5,"_decode_rle5(blob: bytes, expected: int) -> Tuple[Optional[bytes], str]",699,
mugenforge/binary_deep.py,function,_lzss_probe,"_lzss_probe(blob: bytes, expected: int, flags_lsb: bool=True) -> Optional[bytes]",710,
mugenforge/binary_deep.py,function,_decode_lz5,"_decode_lz5(blob: bytes, expected: int) -> Tuple[Optional[bytes], str]",755,
mugenforge/binary_deep.py,function,decode_sff2_record_to_image,"decode_sff2_record_to_image(data: bytes, record: DeepSff2Record)",768,
mugenforge/binary_deep.py,function,_export_record_payload_or_png,"_export_record_payload_or_png(sff_path: Path, data: bytes, record: DeepSff2Record, out_dir: Path) -> Tuple[Optional[Path], str]",837,
mugenforge/binary_deep.py,function,write_deep_sff2_inspection,write_deep_sff2_inspection(root: Path) -> BinaryCoreResult,857,
mugenforge/binary_deep.py,function,export_deep_sff2_sprites,export_deep_sff2_sprites(root: Path) -> BinaryCoreResult,928,
mugenforge/binary_deep.py,function,export_deep_sff2_mutation_sheet,export_deep_sff2_mutation_sheet(root: Path) -> BinaryCoreResult,979,
mugenforge/binary_deep.py,function,build_native_sff2_from_image_records,"build_native_sff2_from_image_records(records: Sequence[Dict[str, object]], out_path: Path, base_dir: Optional[Path]=None) -> Tuple[Path, List[Dict[str, object]]]",1046,
mugenforge/binary_deep.py,function,build_native_sff2_from_manifest,"build_native_sff2_from_manifest(root: Path, manifest_path: Optional[Path]=None) -> BinaryCoreResult",1120,
mugenforge/binary_deep.py,function,apply_deep_sff2_mutation_sheet,"apply_deep_sff2_mutation_sheet(root: Path, sheet_path: Optional[Path]=None, install: bool=False) -> BinaryCoreResult",1187,
mugenforge/binary_deep.py,function,export_snd_direct_patch_sheet,export_snd_direct_patch_sheet(root: Path) -> BinaryCoreResult,1273,
mugenforge/binary_deep.py,function,apply_snd_direct_patch_sheet,"apply_snd_direct_patch_sheet(root: Path, sheet_path: Optional[Path]=None, install: bool=False) -> BinaryCoreResult",1327,
mugenforge/binary_deep.py,function,write_runtime_validation_lab,write_runtime_validation_lab(root: Path) -> BinaryCoreResult,1422,
mugenforge/binary_deep.py,function,write_binary_deep_dashboard,write_binary_deep_dashboard(root: Path) -> BinaryCoreResult,1491,
mugenforge/binary_deep.py,function,build_binary_deep_bundle,build_binary_deep_bundle(root: Path) -> BinaryCoreResult,1527,
mugenforge/binary_deep.py,function,run_binary_deep_pass,run_binary_deep_pass(root: Path) -> BinaryCoreResult,1546,
mugenforge/binary_deep.py,function,_pack_5bit_raw,_pack_5bit_raw(indices: bytes) -> bytes,1585,
mugenforge/binary_deep.py,function,_encode_pcx_style_rle,_encode_pcx_style_rle(indices: bytes) -> bytes,1601,
mugenforge/binary_deep.py,function,_write_native_sff2_payload_records,"_write_native_sff2_payload_records(records: Sequence[Dict[str, object]], out_path: Path) -> Path",1617,
mugenforge/binary_deep.py,function,write_sff2_codec_probe_suite,write_sff2_codec_probe_suite(root: Path) -> BinaryCoreResult,1658,Generate and verify controlled fixtures for the deep raw/RLE8/diagnostic-probe paths.
mugenforge/binary_deep.py,function,run_binary_deep_pass,run_binary_deep_pass(root: Path) -> BinaryCoreResult,1725,
mugenforge/binary_deep.py,function,run_binary_deep_pass,run_binary_deep_pass(root: Path) -> BinaryCoreResult,1742,
mugenforge/binary_maturity.py,constant,BINARY_MATURITY_VERSION,BINARY_MATURITY_VERSION,33,
mugenforge/binary_maturity.py,constant,IMAGE_SUFFIXES,IMAGE_SUFFIXES,34,
mugenforge/binary_maturity.py,constant,WAV_SUFFIXES,WAV_SUFFIXES,35,
mugenforge/binary_maturity.py,constant,MATURITY_NOTE,MATURITY_NOTE,37,
mugenforge/binary_maturity.py,class/dataclass,BinaryMaturityResult,BinaryMaturityResult,44,
mugenforge/binary_maturity.py,method,BinaryMaturityResult.add_created,"add_created(self, root_or_path: Path | str, path: Optional[Path | str]=None) -> None",52,
mugenforge/binary_maturity.py,method,BinaryMaturityResult.add_changed,"add_changed(self, root_or_path: Path | str, path: Optional[Path | str]=None) -> None",55,
mugenforge/binary_maturity.py,method,BinaryMaturityResult.add_warning,"add_warning(self, msg: object) -> None",58,
mugenforge/binary_maturity.py,method,BinaryMaturityResult.add_note,"add_note(self, msg: object) -> None",61,
mugenforge/binary_maturity.py,method,BinaryMaturityResult.add_skipped,"add_skipped(self, msg: object) -> None",64,
mugenforge/binary_maturity.py,method,BinaryMaturityResult.merge,"merge(self, other: object, label: Optional[str]=None) -> 'BinaryMaturityResult'",67,
mugenforge/binary_maturity.py,method,BinaryMaturityResult.to_text,to_text(self) -> str,76,
mugenforge/binary_maturity.py,function,_uniq,_uniq(items: Iterable[object]) -> List[str],94,
mugenforge/binary_maturity.py,function,_rel,"_rel(root: Path, path: Path | str | None) -> str",105,
mugenforge/binary_maturity.py,function,_now,_now() -> str,114,
mugenforge/binary_maturity.py,function,_bm,_bm(root: Path) -> Path,118,
mugenforge/binary_maturity.py,function,_write_text,"_write_text(path: Path, text: str, result: Optional[BinaryMaturityResult]=None, root: Optional[Path]=None) -> Path",124,
mugenforge/binary_maturity.py,function,_write_json,"_write_json(path: Path, data: object, result: Optional[BinaryMaturityResult]=None, root: Optional[Path]=None) -> Path",132,
mugenforge/binary_maturity.py,function,_write_csv,"_write_csv(path: Path, rows: Sequence[Dict[str, object]], fields: Sequence[str], result: Optional[BinaryMaturityResult]=None, root: Optional[Path]=None) -> Path",140,
mugenforge/binary_maturity.py,function,_sha256,_sha256(path: Path) -> str,152,
mugenforge/binary_maturity.py,function,_find_file,"_find_file(root: Path, ext: str) -> Optional[Path]",160,
mugenforge/binary_maturity.py,function,_truth_lines,_truth_lines() -> List[str],178,
mugenforge/binary_maturity.py,function,_is_standard_sff2,_is_standard_sff2(path: Path) -> bool,189,
mugenforge/binary_maturity.py,function,write_sff2_maturity_report,write_sff2_maturity_report(root: Path) -> BinaryMaturityResult,201,
mugenforge/binary_maturity.py,function,export_sff2_edit_workspace,export_sff2_edit_workspace(root: Path) -> BinaryMaturityResult,243,
mugenforge/binary_maturity.py,function,_truthy,_truthy(value: object) -> bool,329,
mugenforge/binary_maturity.py,function,_safe_int,"_safe_int(value: object, default: int=0) -> int",333,
mugenforge/binary_maturity.py,function,apply_sff2_edit_workspace,"apply_sff2_edit_workspace(root: Path, sheet_path: Optional[Path]=None) -> BinaryMaturityResult",340,
mugenforge/binary_maturity.py,function,build_sff2_from_source_folder,"build_sff2_from_source_folder(root: Path, source_folder: Optional[Path]=None, strategy: str='png') -> BinaryMaturityResult",418,
mugenforge/binary_maturity.py,function,export_snd_slot_patch_sheet,export_snd_slot_patch_sheet(root: Path) -> BinaryMaturityResult,460,
mugenforge/binary_maturity.py,function,apply_snd_slot_patch_sheet,"apply_snd_slot_patch_sheet(root: Path, sheet_path: Optional[Path]=None) -> BinaryMaturityResult",500,
mugenforge/binary_maturity.py,function,write_runtime_test_harness,write_runtime_test_harness(root: Path) -> BinaryMaturityResult,580,
mugenforge/binary_maturity.py,function,run_runtime_test_harness,run_runtime_test_harness(root: Path) -> BinaryMaturityResult,630,
mugenforge/binary_maturity.py,function,build_binary_maturity_bundle,build_binary_maturity_bundle(root: Path) -> BinaryMaturityResult,676,
mugenforge/binary_maturity.py,function,run_binary_maturity_pass,run_binary_maturity_pass(root: Path) -> BinaryMaturityResult,694,
mugenforge/closure_core.py,constant,CLOSURE_CORE_VERSION,CLOSURE_CORE_VERSION,31,
mugenforge/closure_core.py,constant,CODE_EXTS,CODE_EXTS,32,
mugenforge/closure_core.py,constant,IMAGE_EXTS,IMAGE_EXTS,33,
mugenforge/closure_core.py,constant,AUDIO_EXTS,AUDIO_EXTS,34,
mugenforge/closure_core.py,constant,BINARY_EXTS,BINARY_EXTS,35,
mugenforge/closure_core.py,class/dataclass,ClosureResult,ClosureResult,39,
mugenforge/closure_core.py,method,ClosureResult.add_created,"add_created(self, root: Path, path: Path | str) -> None",47,
mugenforge/closure_core.py,method,ClosureResult.add_changed,"add_changed(self, root: Path, path: Path | str) -> None",50,
mugenforge/closure_core.py,method,ClosureResult.add_skipped,"add_skipped(self, msg: str) -> None",53,
mugenforge/closure_core.py,method,ClosureResult.add_warning,"add_warning(self, msg: str) -> None",56,
mugenforge/closure_core.py,method,ClosureResult.add_note,"add_note(self, msg: str) -> None",59,
mugenforge/closure_core.py,method,ClosureResult.merge,"merge(self, other: 'ClosureResult', label: Optional[str]=None) -> None",62,
mugenforge/closure_core.py,method,ClosureResult.to_text,to_text(self) -> str,72,
mugenforge/closure_core.py,class/dataclass,MicroState,MicroState,91,
mugenforge/closure_core.py,class/dataclass,MicroScenario,MicroScenario,105,
mugenforge/closure_core.py,function,_now,_now() -> str,117,
mugenforge/closure_core.py,function,_uniq,_uniq(items: Iterable[str]) -> List[str],121,
mugenforge/closure_core.py,function,_rel,"_rel(root: Path, path: Path | str) -> str",132,
mugenforge/closure_core.py,function,_closure_dir,_closure_dir(root: Path) -> Path,139,
mugenforge/closure_core.py,function,_write_text,"_write_text(root: Path, path: Path, text: str, result: Optional[ClosureResult]=None, changed: bool=False) -> Path",145,
mugenforge/closure_core.py,function,_write_json,"_write_json(root: Path, path: Path, data: object, result: Optional[ClosureResult]=None, changed: bool=False) -> Path",154,
mugenforge/closure_core.py,function,_csv_write,"_csv_write(path: Path, rows: Sequence[Dict[str, object]], fields: Sequence[str]) -> Path",163,
mugenforge/closure_core.py,function,_csv_read,"_csv_read(path: Path) -> List[Dict[str, str]]",173,
mugenforge/closure_core.py,function,_sha256,_sha256(path: Path) -> str,180,
mugenforge/closure_core.py,function,_first_int,"_first_int(value: object, default: int=0) -> int",188,
mugenforge/closure_core.py,function,_first_float_pair,"_first_float_pair(value: object, default: Tuple[float, float]=(0.0, 0.0)) -> Tuple[float, float]",193,
mugenforge/closure_core.py,function,_discover_files,"_discover_files(root: Path) -> Dict[str, Optional[Path]]",202,
mugenforge/closure_core.py,function,_code_files,_code_files(root: Path) -> List[Path],218,
mugenforge/closure_core.py,function,_all_binary_files,_all_binary_files(root: Path) -> List[Path],226,
mugenforge/closure_core.py,function,_read_runtime_config,"_read_runtime_config(root: Path) -> Dict[str, object]",231,
mugenforge/closure_core.py,function,write_closure_dashboard,write_closure_dashboard(root: Path) -> ClosureResult,253,
mugenforge/closure_core.py,function,_build_state_index,"_build_state_index(root: Path) -> Dict[int, MicroState]",310,
mugenforge/closure_core.py,function,_build_air_index,"_build_air_index(root: Path) -> Dict[int, Dict[str, object]]",345,
mugenforge/closure_core.py,function,_anim_elem_at,"_anim_elem_at(action: Optional[Dict[str, object]], state_time: int) -> Tuple[int, int]",374,
mugenforge/closure_core.py,function,_compare,"_compare(value: float, op: str, target: float) -> bool",393,
mugenforge/closure_core.py,function,_eval_atom,"_eval_atom(expr: str, ctx: Dict[str, object], unknowns: List[str]) -> bool",409,
mugenforge/closure_core.py,function,_controller_triggers_true,"_controller_triggers_true(values: Dict[str, str], ctx: Dict[str, object], unknowns: List[str]) -> bool",460,
mugenforge/closure_core.py,function,_scenario_rows_from_project,"_scenario_rows_from_project(root: Path, states: Dict[int, MicroState]) -> List[MicroScenario]",470,
mugenforge/closure_core.py,function,_ensure_micro_scenario_sheet,"_ensure_micro_scenario_sheet(root: Path, states: Dict[int, MicroState]) -> Path",504,
mugenforge/closure_core.py,function,build_micro_runtime_model,build_micro_runtime_model(root: Path) -> ClosureResult,513,
mugenforge/closure_core.py,function,_load_micro_scenarios,"_load_micro_scenarios(root: Path, states: Dict[int, MicroState]) -> List[MicroScenario]",562,
mugenforge/closure_core.py,function,_simulate_one,"_simulate_one(scenario: MicroScenario, states: Dict[int, MicroState], actions: Dict[int, Dict[str, object]]) -> Tuple[List[Dict[str, object]], List[str]]",578,
mugenforge/closure_core.py,function,run_micro_runtime_scenarios,run_micro_runtime_scenarios(root: Path) -> ClosureResult,700,
mugenforge/closure_core.py,function,write_engine_autoprobe,write_engine_autoprobe(root: Path) -> ClosureResult,755,
mugenforge/closure_core.py,function,_collect_evidence_files,_collect_evidence_files(root: Path) -> List[Path],831,
mugenforge/closure_core.py,function,_scan_log_text,"_scan_log_text(text: str) -> Tuple[int, int, List[str]]",849,
mugenforge/closure_core.py,function,write_runtime_evidence_certification,write_runtime_evidence_certification(root: Path) -> ClosureResult,866,
mugenforge/closure_core.py,function,_candidate_sff_files,_candidate_sff_files(root: Path) -> List[Path],954,
mugenforge/closure_core.py,function,write_sff2_corpus_validation,write_sff2_corpus_validation(root: Path) -> ClosureResult,965,
mugenforge/closure_core.py,function,_find_asset_markers,"_find_asset_markers(data: bytes) -> List[Dict[str, object]]",1032,
mugenforge/closure_core.py,function,_entropy,_entropy(chunk: bytes) -> float,1058,
mugenforge/closure_core.py,function,_write_entropy_map,"_write_entropy_map(path: Path, out_csv: Path, block_size: int=4096) -> Path",1074,
mugenforge/closure_core.py,function,_extract_embedded_assets,"_extract_embedded_assets(path: Path, out_dir: Path) -> List[Path]",1083,
mugenforge/closure_core.py,function,write_binary_forensics_report,write_binary_forensics_report(root: Path) -> ClosureResult,1124,
mugenforge/closure_core.py,function,_candidate_binary_outputs,_candidate_binary_outputs(root: Path) -> List[Path],1169,
mugenforge/closure_core.py,function,export_transactional_publish_sheet,export_transactional_publish_sheet(root: Path) -> ClosureResult,1180,
mugenforge/closure_core.py,function,apply_transactional_publish_sheet,apply_transactional_publish_sheet(root: Path) -> ClosureResult,1225,
mugenforge/closure_core.py,function,_hitdef_rows,"_hitdef_rows(root: Path) -> List[Dict[str, object]]",1291,
mugenforge/closure_core.py,function,_air_timing_by_action,"_air_timing_by_action(root: Path) -> Dict[int, Dict[str, object]]",1324,
mugenforge/closure_core.py,function,write_gameplay_tuning_workbook,write_gameplay_tuning_workbook(root: Path) -> ClosureResult,1353,
mugenforge/closure_core.py,function,build_closure_core_bundle,build_closure_core_bundle(root: Path) -> ClosureResult,1419,
mugenforge/closure_core.py,function,run_closure_core_pass,run_closure_core_pass(root: Path) -> ClosureResult,1436,
mugenforge/closure_lab.py,constant,CLOSURE_LAB_VERSION,CLOSURE_LAB_VERSION,23,
mugenforge/closure_lab.py,constant,CODE_EXTS,CODE_EXTS,24,
mugenforge/closure_lab.py,constant,BINARY_EXTS,BINARY_EXTS,25,
mugenforge/closure_lab.py,constant,EVIDENCE_EXTS,EVIDENCE_EXTS,26,
mugenforge/closure_lab.py,class/dataclass,ClosureLabResult,ClosureLabResult,30,
mugenforge/closure_lab.py,method,ClosureLabResult.add_created,"add_created(self, root: Path, path: Path | str) -> None",37,
mugenforge/closure_lab.py,method,ClosureLabResult.add_changed,"add_changed(self, root: Path, path: Path | str) -> None",40,
mugenforge/closure_lab.py,method,ClosureLabResult.add_warning,"add_warning(self, message: object) -> None",43,
mugenforge/closure_lab.py,method,ClosureLabResult.add_note,"add_note(self, message: object) -> None",46,
mugenforge/closure_lab.py,method,ClosureLabResult.merge,"merge(self, other: object, label: Optional[str]=None) -> None",49,
mugenforge/closure_lab.py,method,ClosureLabResult.to_text,to_text(self) -> str,58,
mugenforge/closure_lab.py,function,_uniq,_uniq(items: Iterable[str]) -> List[str],73,
mugenforge/closure_lab.py,function,_now,_now() -> str,84,
mugenforge/closure_lab.py,function,_rel,"_rel(root: Path, path: Path | str) -> str",88,
mugenforge/closure_lab.py,function,_closure_dir,_closure_dir(root: Path) -> Path,95,
mugenforge/closure_lab.py,function,_write_text,"_write_text(path: Path, text: str, res: Optional[ClosureLabResult]=None, root: Optional[Path]=None, changed: bool=False) -> Path",101,
mugenforge/closure_lab.py,function,_write_json,"_write_json(path: Path, payload: object, res: Optional[ClosureLabResult]=None, root: Optional[Path]=None, changed: bool=False) -> Path",110,
mugenforge/closure_lab.py,function,_write_csv,"_write_csv(path: Path, rows: Sequence[Dict[str, object]], fields: Sequence[str], res: Optional[ClosureLabResult]=None, root: Optional[Path]=None) -> Path",119,
mugenforge/closure_lab.py,function,_read_json,"_read_json(path: Path, default: object) -> object",132,
mugenforge/closure_lab.py,function,_backup_file,"_backup_file(path: Path, label: str='closure') -> Optional[Path]",139,
mugenforge/closure_lab.py,function,_main_def,_main_def(root: Path) -> Optional[Path],147,
mugenforge/closure_lab.py,function,_def_refs,"_def_refs(root: Path) -> Dict[str, str]",155,
mugenforge/closure_lab.py,function,_project_files,"_project_files(root: Path) -> Dict[str, Optional[Path]]",168,
mugenforge/closure_lab.py,function,_code_files,_code_files(root: Path) -> List[Path],199,
mugenforge/closure_lab.py,function,_safe_int,"_safe_int(value: object, default: int=0) -> int",214,
mugenforge/closure_lab.py,function,_safe_float,"_safe_float(value: object, default: float=0.0) -> float",222,
mugenforge/closure_lab.py,function,_numbers,_numbers(value: object) -> List[float],230,
mugenforge/closure_lab.py,function,_number_pair,"_number_pair(value: object, default: Tuple[float, float]=(0.0, 0.0)) -> Tuple[float, float]",234,
mugenforge/closure_lab.py,function,_all_states,"_all_states(root: Path) -> Dict[int, Dict[str, object]]",243,
mugenforge/closure_lab.py,function,_all_hitdefs,"_all_hitdefs(root: Path) -> List[Dict[str, object]]",255,
mugenforge/closure_lab.py,function,_load_air_actions,"_load_air_actions(root: Path) -> Dict[int, object]",276,
mugenforge/closure_lab.py,function,_anim_element,"_anim_element(action: object, anim_time: int) -> Tuple[int, Optional[object], int]",287,
mugenforge/closure_lab.py,function,_anim_total_ticks,_anim_total_ticks(action: object) -> int,300,
mugenforge/closure_lab.py,function,_eval_trigger_expr,"_eval_trigger_expr(expr: object, ctx: Dict[str, object]) -> bool",305,
mugenforge/closure_lab.py,function,_compare,"_compare(left: int, op: str, right: int) -> bool",351,
mugenforge/closure_lab.py,function,_controller_triggers_true,"_controller_triggers_true(values: Dict[str, str], ctx: Dict[str, object]) -> bool",365,
mugenforge/closure_lab.py,function,build_offline_runtime_simulation,"build_offline_runtime_simulation(root: Path, start_state: int=0, max_ticks: int=180, command_script: Optional[Sequence[Dict[str, object]]]=None) -> ClosureLabResult",379,"Build a deterministic, source-level mini-runtime trace for common M.U.G.E.N controllers."
mugenforge/closure_lab.py,function,write_engine_adapter_suite,write_engine_adapter_suite(root: Path) -> ClosureLabResult,589,
mugenforge/closure_lab.py,function,validate_engine_adapter_suite,validate_engine_adapter_suite(root: Path) -> ClosureLabResult,703,
mugenforge/closure_lab.py,function,run_engine_adapter_suite,"run_engine_adapter_suite(root: Path, profile_name: str='quick_boot', dry_run: bool=True, timeout_seconds: Optional[int]=None) -> ClosureLabResult",727,
mugenforge/closure_lab.py,function,build_sff2_corpus_validator,"build_sff2_corpus_validator(root: Path, corpus_dir: Optional[Path]=None) -> ClosureLabResult",764,
mugenforge/closure_lab.py,function,write_sff2_unknown_triage,write_sff2_unknown_triage(root: Path) -> ClosureLabResult,845,
mugenforge/closure_lab.py,function,export_direct_mutation_commit_sheet,export_direct_mutation_commit_sheet(root: Path) -> ClosureLabResult,900,
mugenforge/closure_lab.py,function,apply_direct_mutation_commit_sheet,apply_direct_mutation_commit_sheet(root: Path) -> ClosureLabResult,954,
mugenforge/closure_lab.py,function,restore_last_mutation_snapshot,restore_last_mutation_snapshot(root: Path) -> ClosureLabResult,1022,
mugenforge/closure_lab.py,function,export_gameplay_tuning_sheet,export_gameplay_tuning_sheet(root: Path) -> ClosureLabResult,1050,
mugenforge/closure_lab.py,function,apply_gameplay_tuning_sheet,apply_gameplay_tuning_sheet(root: Path) -> ClosureLabResult,1102,
mugenforge/closure_lab.py,function,_replace_block_kv,"_replace_block_kv(block: List[str], replacements: Dict[str, str]) -> List[str]",1155,
mugenforge/closure_lab.py,function,write_report_evidence_contract,write_report_evidence_contract(root: Path) -> ClosureLabResult,1174,
mugenforge/closure_lab.py,function,write_closure_dashboard,write_closure_dashboard(root: Path) -> ClosureLabResult,1218,
mugenforge/closure_lab.py,function,build_closure_lab_bundle,build_closure_lab_bundle(root: Path) -> ClosureLabResult,1264,
mugenforge/closure_lab.py,function,run_closure_lab_pass,run_closure_lab_pass(root: Path) -> ClosureLabResult,1283,
mugenforge/closure_lab.py,function,_sha256,_sha256(path: Path) -> str,1311,
mugenforge/closure_lab.py,function,_entropy,_entropy(data: bytes) -> float,1319,
mugenforge/closure_lab.py,function,_magic_hits,"_magic_hits(data: bytes) -> Dict[str, List[int]]",1329,
mugenforge/closure_lab.py,function,_hexdump,"_hexdump(data: bytes, width: int=16) -> str",1356,
mugenforge/closure_lab.py,function,_u32,"_u32(data: bytes, off: int) -> Optional[int]",1366,
mugenforge/closure_lab.py,function,_sff_header_probe,"_sff_header_probe(data: bytes) -> Dict[str, object]",1372,
mugenforge/code_authoring.py,constant,COMMAND_REF_RE,COMMAND_REF_RE,11,
mugenforge/code_authoring.py,class/dataclass,CodeAuthoringReport,CodeAuthoringReport,14,
mugenforge/code_authoring.py,function,command_template,"command_template(name: str='x', command: str='x', time: int=1, buffer_time: int | None=None) -> str",24,
mugenforge/code_authoring.py,function,negative_one_changestate_template,"negative_one_changestate_template(command_name: str='x', state_no: int=200, label: str='Generated ChangeState') -> str",31,
mugenforge/code_authoring.py,function,attack_state_template,"attack_state_template(state_no: int=200, anim_no: int | None=None, damage: int=35, sound_group: int=5, sound_index: int=0) -> str",41,
mugenforge/code_authoring.py,function,projectile_state_template,"projectile_state_template(state_no: int=1000, anim_no: int | None=None, proj_anim: int | None=None, damage: int=45) -> str",76,
mugenforge/code_authoring.py,function,helper_explod_template,"helper_explod_template(state_no: int=1200, helper_id: int=1200, helper_state: int=1201, explod_anim: int=1202) -> str",115,
mugenforge/code_authoring.py,function,inspect_code_text,inspect_code_text(text: str) -> CodeAuthoringReport,141,
mugenforge/code_authoring.py,function,inspect_character_folder,inspect_character_folder(root: Path) -> str,176,
mugenforge/code_authoring.py,function,package_character_zip,"package_character_zip(root: Path, out_zip: Path, include_backups: bool=False) -> int",199,
mugenforge/codec_core.py,constant,CODEC_CORE_VERSION,CODEC_CORE_VERSION,13,
mugenforge/codec_core.py,function,_rel,"_rel(root: Path, path: Path | str) -> str",16,
mugenforge/codec_core.py,function,_cc,_cc(root: Path) -> Path,23,
mugenforge/codec_core.py,function,_write_text,"_write_text(path: Path, text: str, res: Optional[BinaryCoreResult]=None, root: Optional[Path]=None) -> Path",29,
mugenforge/codec_core.py,function,_write_json,"_write_json(path: Path, payload: object, res: Optional[BinaryCoreResult]=None, root: Optional[Path]=None) -> Path",37,
mugenforge/codec_core.py,function,write_codec_core_dashboard,write_codec_core_dashboard(root: Path) -> BinaryCoreResult,45,
mugenforge/codec_core.py,function,write_sff2_full_decode_export,write_sff2_full_decode_export(root: Path) -> BinaryCoreResult,62,
mugenforge/codec_core.py,function,export_sff2_mutation_sheet,export_sff2_mutation_sheet(root: Path) -> BinaryCoreResult,66,
mugenforge/codec_core.py,function,apply_sff2_mutation_sheet,"apply_sff2_mutation_sheet(root: Path, sheet_path: Optional[Path]=None, install: bool=False) -> BinaryCoreResult",70,
mugenforge/codec_core.py,function,apply_sff2_axis_patch_copy,"apply_sff2_axis_patch_copy(root: Path, sheet_path: Optional[Path]=None) -> BinaryCoreResult",74,
mugenforge/codec_core.py,function,export_snd_mutation_sheet,export_snd_mutation_sheet(root: Path) -> BinaryCoreResult,78,
mugenforge/codec_core.py,function,apply_snd_mutation_sheet,"apply_snd_mutation_sheet(root: Path, sheet_path: Optional[Path]=None, install: bool=False) -> BinaryCoreResult",82,
mugenforge/codec_core.py,function,ingest_runtime_evidence,"ingest_runtime_evidence(root: Path, evidence_folder: Optional[Path]=None) -> BinaryCoreResult",86,
mugenforge/codec_core.py,function,build_codec_core_bundle,build_codec_core_bundle(root: Path) -> BinaryCoreResult,109,
mugenforge/codec_core.py,function,run_codec_core_pass,run_codec_core_pass(root: Path) -> BinaryCoreResult,126,
mugenforge/creator_hub.py,class/dataclass,CreatorHubResult,CreatorHubResult,19,
mugenforge/creator_hub.py,method,CreatorHubResult.add_created,"add_created(self, path: Path | str) -> None",26,
mugenforge/creator_hub.py,method,CreatorHubResult.add_changed,"add_changed(self, path: Path | str) -> None",29,
mugenforge/creator_hub.py,method,CreatorHubResult.add_warning,"add_warning(self, message: str) -> None",32,
mugenforge/creator_hub.py,method,CreatorHubResult.merge,"merge(self, other: 'CreatorHubResult', label: Optional[str]=None) -> None",35,
mugenforge/creator_hub.py,method,CreatorHubResult.to_text,to_text(self) -> str,44,
mugenforge/creator_hub.py,function,_uniq,_uniq(items: Iterable[str]) -> List[str],59,
mugenforge/creator_hub.py,function,_rel,"_rel(root: Path, path: Path | str) -> str",70,
mugenforge/creator_hub.py,function,_hub_dir,_hub_dir(root: Path) -> Path,77,
mugenforge/creator_hub.py,function,_write,"_write(path: Path, text: str) -> Path",83,
mugenforge/creator_hub.py,function,_write_json,"_write_json(path: Path, data: object) -> Path",89,
mugenforge/creator_hub.py,function,_code_files,_code_files(root: Path) -> List[Path],95,
mugenforge/creator_hub.py,function,_read_code_texts,"_read_code_texts(root: Path) -> Dict[str, str]",102,
mugenforge/creator_hub.py,function,_all_commands,"_all_commands(root: Path) -> List[Dict[str, object]]",112,
mugenforge/creator_hub.py,function,_all_states,"_all_states(root: Path) -> List[Dict[str, object]]",126,
mugenforge/creator_hub.py,function,_parse_hitdefs,"_parse_hitdefs(root: Path) -> List[Dict[str, object]]",140,
mugenforge/creator_hub.py,function,_nearest_state_before,"_nearest_state_before(text: str, offset: int) -> Optional[int]",177,
mugenforge/creator_hub.py,function,_first_int,"_first_int(value: str, default: int=0) -> int",185,
mugenforge/creator_hub.py,function,_normalize_input,_normalize_input(command: str) -> str,190,
mugenforge/creator_hub.py,function,_command_family,_command_family(command: str) -> str,198,
mugenforge/creator_hub.py,function,_difficulty_for_input,"_difficulty_for_input(command: str, time: object='') -> str",207,
mugenforge/creator_hub.py,function,_damage_recommendation,"_damage_recommendation(damage: int, state_no: Optional[int], data: Dict[str, str]) -> str",227,
mugenforge/creator_hub.py,function,_score_badge,_score_badge(score: int) -> str,247,
mugenforge/creator_hub.py,function,write_creator_dashboard,write_creator_dashboard(root: Path) -> CreatorHubResult,257,
mugenforge/creator_hub.py,function,write_project_task_board,write_project_task_board(root: Path) -> CreatorHubResult,319,
mugenforge/creator_hub.py,function,write_input_conflict_lab,write_input_conflict_lab(root: Path) -> CreatorHubResult,377,
mugenforge/creator_hub.py,function,write_balance_autotune_plan,write_balance_autotune_plan(root: Path) -> CreatorHubResult,426,
mugenforge/creator_hub.py,function,write_combo_trial_pack,write_combo_trial_pack(root: Path) -> CreatorHubResult,461,
mugenforge/creator_hub.py,function,write_asset_request_pack,write_asset_request_pack(root: Path) -> CreatorHubResult,512,
mugenforge/creator_hub.py,function,write_no_code_recipe_book,write_no_code_recipe_book(root: Path) -> CreatorHubResult,568,
mugenforge/creator_hub.py,function,write_controller_mapping_sheet,write_controller_mapping_sheet(root: Path) -> CreatorHubResult,610,
mugenforge/creator_hub.py,function,write_release_website,write_release_website(root: Path) -> CreatorHubResult,653,
mugenforge/creator_hub.py,function,write_patch_macro_bank,write_patch_macro_bank(root: Path) -> CreatorHubResult,672,
mugenforge/creator_hub.py,function,run_creator_hub_pass,run_creator_hub_pass(root: Path) -> CreatorHubResult,696,
mugenforge/creator_os.py,constant,CREATOR_OS_VERSION,CREATOR_OS_VERSION,17,
mugenforge/creator_os.py,class/dataclass,CreatorOSResult,CreatorOSResult,21,
mugenforge/creator_os.py,method,CreatorOSResult.add_created,"add_created(self, path: Path | str) -> None",28,
mugenforge/creator_os.py,method,CreatorOSResult.add_changed,"add_changed(self, path: Path | str) -> None",31,
mugenforge/creator_os.py,method,CreatorOSResult.add_warning,"add_warning(self, msg: str) -> None",34,
mugenforge/creator_os.py,method,CreatorOSResult.add_note,"add_note(self, msg: str) -> None",37,
mugenforge/creator_os.py,method,CreatorOSResult.merge,"merge(self, other: 'CreatorOSResult', label: Optional[str]=None) -> None",40,
mugenforge/creator_os.py,method,CreatorOSResult.to_text,to_text(self) -> str,49,
mugenforge/creator_os.py,function,_uniq,_uniq(items: Iterable[str]) -> List[str],64,
mugenforge/creator_os.py,function,_creator_dir,_creator_dir(root: Path) -> Path,75,
mugenforge/creator_os.py,function,_write,"_write(path: Path, text: str) -> Path",81,
mugenforge/creator_os.py,function,_rel,"_rel(root: Path, path: Path | str) -> str",87,
mugenforge/creator_os.py,function,_timestamp,_timestamp() -> str,94,
mugenforge/creator_os.py,function,_backup,_backup(path: Path) -> Optional[Path],98,
mugenforge/creator_os.py,function,_code_files,_code_files(root: Path) -> List[Path],106,
mugenforge/creator_os.py,function,_read_code,"_read_code(root: Path) -> Dict[str, str]",114,
mugenforge/creator_os.py,function,_first_int,"_first_int(value: str | int | None, default: int=0) -> int",124,
mugenforge/creator_os.py,function,_state_defs_targets_anims,"_state_defs_targets_anims(root: Path) -> Tuple[Dict[int, List[str]], Dict[int, List[str]], Dict[int, List[str]]]",129,
mugenforge/creator_os.py,function,_command_defs,"_command_defs(root: Path) -> Dict[str, Dict[str, object]]",152,
mugenforge/creator_os.py,function,_air_action_numbers,"_air_action_numbers(root: Path) -> Dict[int, object]",173,
mugenforge/creator_os.py,function,_hitdef_blocks,"_hitdef_blocks(root: Path) -> List[Dict[str, object]]",183,
mugenforge/creator_os.py,function,_estimate_state_anim_map,"_estimate_state_anim_map(root: Path) -> Dict[int, int]",226,
mugenforge/creator_os.py,function,_air_total_ticks,"_air_total_ticks(root: Path) -> Dict[int, int]",236,
mugenforge/creator_os.py,function,_system_score,"_system_score(root: Path) -> Dict[str, object]",241,
mugenforge/creator_os.py,function,creator_os_status_report,creator_os_status_report(root: Path) -> str,282,
mugenforge/creator_os.py,function,write_creator_os_dashboard,write_creator_os_dashboard(root: Path) -> Path,307,
mugenforge/creator_os.py,constant,_FUNCTION_BANK,_FUNCTION_BANK,358,
mugenforge/creator_os.py,function,write_function_bank,write_function_bank(root: Path) -> CreatorOSResult,418,
mugenforge/creator_os.py,function,write_frame_data_sheet,write_frame_data_sheet(root: Path) -> CreatorOSResult,434,
mugenforge/creator_os.py,function,write_move_tuning_board,write_move_tuning_board(root: Path) -> CreatorOSResult,480,
mugenforge/creator_os.py,function,write_input_mapper_template,write_input_mapper_template(root: Path) -> CreatorOSResult,529,
mugenforge/creator_os.py,function,_replace_command_block,"_replace_command_block(block: str, new_command: Optional[str], new_time: Optional[str], new_buffer: Optional[str]) -> str",549,
mugenforge/creator_os.py,function,apply_input_mapper,apply_input_mapper(root: Path) -> CreatorOSResult,567,
mugenforge/creator_os.py,function,write_combo_routes_template,write_combo_routes_template(root: Path) -> CreatorOSResult,623,
mugenforge/creator_os.py,function,apply_combo_routes,apply_combo_routes(root: Path) -> CreatorOSResult,659,
mugenforge/creator_os.py,function,_safe_state_stub,_safe_state_stub(state_no: int) -> str,711,
mugenforge/creator_os.py,function,auto_fix_missing_statedefs,"auto_fix_missing_statedefs(root: Path, limit: int=80) -> CreatorOSResult",735,
mugenforge/creator_os.py,function,_air_placeholder,"_air_placeholder(action_no: int, frames: int=4, ticks: int=6) -> str",760,
mugenforge/creator_os.py,function,auto_create_missing_air_actions,"auto_create_missing_air_actions(root: Path, limit: int=160) -> CreatorOSResult",770,
mugenforge/creator_os.py,constant,_BALANCE_PRESETS,_BALANCE_PRESETS,796,
mugenforge/creator_os.py,function,balance_preset_names,balance_preset_names() -> List[str],804,
mugenforge/creator_os.py,function,apply_balance_preset,"apply_balance_preset(root: Path, preset_name: str) -> CreatorOSResult",808,
mugenforge/creator_os.py,function,write_project_web_preview,write_project_web_preview(root: Path) -> CreatorOSResult,850,
mugenforge/creator_os.py,function,create_creator_restore_point,create_creator_restore_point(root: Path) -> CreatorOSResult,884,
mugenforge/creator_os.py,function,write_beginner_autopilot_plan,write_beginner_autopilot_plan(root: Path) -> Path,908,
mugenforge/creator_os.py,function,one_click_creator_os_pass,one_click_creator_os_pass(root: Path) -> CreatorOSResult,928,
mugenforge/creator_os.py,function,_co_result,"_co_result(title: str, paths: Sequence[Path]=(), notes: Sequence[str]=()) -> CreatorOSResult",969,
mugenforge/creator_os.py,function,creator_os_one_click,"creator_os_one_click(root: Path, archetype: str='Balanced Starter', complexity: str='Beginner', visual_style: str='Arcade') -> CreatorOSResult",978,
mugenforge/creator_os.py,function,write_character_blueprint,"write_character_blueprint(root: Path, archetype: str='Balanced Starter', complexity: str='Beginner', visual_style: str='Arcade') -> CreatorOSResult",982,
mugenforge/creator_os.py,function,export_frame_data_sheet,export_frame_data_sheet(root: Path) -> CreatorOSResult,1013,
mugenforge/creator_os.py,function,export_input_cheatsheet,export_input_cheatsheet(root: Path) -> CreatorOSResult,1017,
mugenforge/creator_os.py,function,write_combo_routes,write_combo_routes(root: Path) -> CreatorOSResult,1021,
mugenforge/creator_os.py,function,write_balance_report,write_balance_report(root: Path) -> CreatorOSResult,1025,
mugenforge/creator_os.py,function,write_release_quality_gate,write_release_quality_gate(root: Path) -> CreatorOSResult,1029,
mugenforge/creator_os.py,function,write_asset_shopping_list,write_asset_shopping_list(root: Path) -> CreatorOSResult,1048,
mugenforge/creator_os.py,function,write_beginner_lessons,write_beginner_lessons(root: Path) -> CreatorOSResult,1061,
mugenforge/creator_os.py,function,write_project_wiki,write_project_wiki(root: Path) -> CreatorOSResult,1078,
mugenforge/creator_os.py,function,write_autocode_cookbook,write_autocode_cookbook(root: Path) -> CreatorOSResult,1085,
mugenforge/creator_os.py,function,build_creator_os_release_zip,build_creator_os_release_zip(root: Path) -> CreatorOSResult,1089,
mugenforge/creator_suite.py,constant,CREATOR_SUITE_VERSION,CREATOR_SUITE_VERSION,15,
mugenforge/creator_suite.py,constant,IMAGE_SUFFIXES,IMAGE_SUFFIXES,16,
mugenforge/creator_suite.py,constant,SOUND_SUFFIXES,SOUND_SUFFIXES,17,
mugenforge/creator_suite.py,constant,PALETTE_SUFFIXES,PALETTE_SUFFIXES,18,
mugenforge/creator_suite.py,constant,TEXT_SUFFIXES,TEXT_SUFFIXES,19,
mugenforge/creator_suite.py,class/dataclass,SuiteResult,SuiteResult,22,
mugenforge/creator_suite.py,method,SuiteResult.merge,"merge(self, other: object, prefix: str='') -> None",29,
mugenforge/creator_suite.py,method,SuiteResult.to_text,to_text(self) -> str,34,
mugenforge/creator_suite.py,function,_now,_now() -> str,45,
mugenforge/creator_suite.py,function,_rel,"_rel(root: Path, path: Path | str) -> str",48,
mugenforge/creator_suite.py,function,_backup,_backup(path: Path) -> None,52,
mugenforge/creator_suite.py,function,_write,"_write(path: Path, text: str, result: Optional[SuiteResult]=None, root: Optional[Path]=None, changed: bool=False) -> Path",55,
mugenforge/creator_suite.py,function,_append_once,"_append_once(path: Path, marker: str, block: str, result: SuiteResult, root: Path) -> None",64,
mugenforge/creator_suite.py,function,_discover_files,"_discover_files(root: Path) -> Dict[str, Optional[Path]]",73,
mugenforge/creator_suite.py,function,_code_files,_code_files(root: Path) -> List[Path],102,
mugenforge/creator_suite.py,function,_img_size,"_img_size(path: Path) -> Tuple[str, str]",105,
mugenforge/creator_suite.py,function,_csv,"_csv(path: Path, rows: Sequence[Dict[str, object]], fields: Sequence[str]) -> None",111,
mugenforge/creator_suite.py,function,_recipe,"_recipe(archetype: str, experience: str, button_layout: str, power_style: str) -> Dict[str, object]",117,
mugenforge/creator_suite.py,function,write_character_dna_profile,"write_character_dna_profile(root: Path, archetype: str='Balanced Starter', experience: str='Beginner', button_layout: str='Six button', power_style: str='Standard meter') -> SuiteResult",139,
mugenforge/creator_suite.py,function,write_asset_library,write_asset_library(root: Path) -> SuiteResult,151,
mugenforge/creator_suite.py,function,_commands,"_commands(cmd: Optional[Path]) -> Dict[str, str]",180,
mugenforge/creator_suite.py,function,write_move_lab,write_move_lab(root: Path) -> SuiteResult,191,
mugenforge/creator_suite.py,function,write_combo_tree,write_combo_tree(root: Path) -> SuiteResult,213,
mugenforge/creator_suite.py,function,write_art_task_board,write_art_task_board(root: Path) -> SuiteResult,232,
mugenforge/creator_suite.py,function,install_beginner_tuning_panel,install_beginner_tuning_panel(root: Path) -> SuiteResult,254,
mugenforge/creator_suite.py,function,make_project_time_machine_snapshot,make_project_time_machine_snapshot(root: Path) -> SuiteResult,279,
mugenforge/creator_suite.py,function,write_creator_dashboard,write_creator_dashboard(root: Path) -> SuiteResult,291,
mugenforge/creator_suite.py,function,write_final_qa_release_plan,write_final_qa_release_plan(root: Path) -> SuiteResult,305,
mugenforge/creator_suite.py,function,write_training_pack,write_training_pack(root: Path) -> SuiteResult,313,
mugenforge/creator_suite.py,function,write_creator_indexes,write_creator_indexes(root: Path) -> SuiteResult,323,
mugenforge/creator_suite.py,function,one_click_creator_autopilot,"one_click_creator_autopilot(root: Path, archetype: str='Balanced Starter', experience: str='Beginner', button_layout: str='Six button', power_style: str='Standard meter') -> SuiteResult",330,
mugenforge/creator_suite.py,function,creator_suite_profile_report,creator_suite_profile_report(root: Path) -> SuiteResult,348,
mugenforge/creator_suite.py,constant,HITDEF_TUNING_FIELDS,HITDEF_TUNING_FIELDS,361,
mugenforge/creator_suite.py,function,_hitdef_blocks_for_sheet,"_hitdef_blocks_for_sheet(path: Path) -> List[Dict[str, object]]",368,
mugenforge/creator_suite.py,function,export_hitdef_tuning_sheet,export_hitdef_tuning_sheet(root: Path) -> SuiteResult,399,
mugenforge/creator_suite.py,function,_truthy_apply,_truthy_apply(value: object) -> bool,420,
mugenforge/creator_suite.py,function,_update_key_in_block,"_update_key_in_block(lines: List[str], start: int, end: int, key: str, value: str) -> Tuple[int, int]",424,
mugenforge/creator_suite.py,function,apply_hitdef_tuning_sheet,"apply_hitdef_tuning_sheet(root: Path, sheet_path: Optional[Path]=None) -> SuiteResult",440,
mugenforge/creator_suite.py,function,write_artist_handoff_pack,write_artist_handoff_pack(root: Path) -> SuiteResult,497,
mugenforge/creator_suite_visual.py,constant,IMAGE_EXTS,IMAGE_EXTS,22,
mugenforge/creator_suite_visual.py,constant,AUDIO_EXTS,AUDIO_EXTS,23,
mugenforge/creator_suite_visual.py,class/dataclass,CreatorSuiteResult,CreatorSuiteResult,27,
mugenforge/creator_suite_visual.py,method,CreatorSuiteResult.add_created,"add_created(self, root: Path, path: Path | str) -> None",34,
mugenforge/creator_suite_visual.py,method,CreatorSuiteResult.add_changed,"add_changed(self, root: Path, path: Path | str) -> None",37,
mugenforge/creator_suite_visual.py,method,CreatorSuiteResult.add_warning,"add_warning(self, msg: str) -> None",40,
mugenforge/creator_suite_visual.py,method,CreatorSuiteResult.add_note,"add_note(self, msg: str) -> None",43,
mugenforge/creator_suite_visual.py,method,CreatorSuiteResult.merge,"merge(self, other: 'CreatorSuiteResult', label: Optional[str]=None) -> None",46,
mugenforge/creator_suite_visual.py,method,CreatorSuiteResult.to_text,to_text(self) -> str,55,
mugenforge/creator_suite_visual.py,function,_uniq,_uniq(items: Iterable[str]) -> List[str],70,
mugenforge/creator_suite_visual.py,function,_rel,"_rel(root: Path, path: Path | str) -> str",81,
mugenforge/creator_suite_visual.py,function,_suite_dir,_suite_dir(root: Path) -> Path,88,
mugenforge/creator_suite_visual.py,function,_write,"_write(root: Path, path: Path, text: str, result: Optional[CreatorSuiteResult]=None) -> Path",94,
mugenforge/creator_suite_visual.py,function,_slug,_slug(text: str) -> str,102,
mugenforge/creator_suite_visual.py,function,_safe_int,"_safe_int(value: object, default: int=0) -> int",106,
mugenforge/creator_suite_visual.py,function,_find_images,_find_images(folder: Path) -> List[Path],113,
mugenforge/creator_suite_visual.py,function,_parse_sprite_filename,"_parse_sprite_filename(path: Path, fallback_index: int=0) -> Tuple[int, int]",120,
mugenforge/creator_suite_visual.py,function,_image_size,"_image_size(path: Path) -> Tuple[int, int]",135,
mugenforge/creator_suite_visual.py,function,_load_sprite_image,"_load_sprite_image(sff_path: Path, sprite: SffSprite)",144,
mugenforge/creator_suite_visual.py,function,_find_action_by_number,"_find_action_by_number(root: Path, action_number: Optional[int]=None)",157,
mugenforge/creator_suite_visual.py,function,create_sff2_source_project,"create_sff2_source_project(root: Path, image_folder: Optional[Path]=None, output_name: Optional[str]=None) -> CreatorSuiteResult",170,Create a Sprmake2-ready source folder and SFF v2 definition file.
mugenforge/creator_suite_visual.py,function,make_animation_contact_sheets,"make_animation_contact_sheets(root: Path, max_actions: int=40) -> CreatorSuiteResult",331,
mugenforge/creator_suite_visual.py,function,make_onion_skin_previews,"make_onion_skin_previews(root: Path, max_actions: int=20) -> CreatorSuiteResult",398,
mugenforge/creator_suite_visual.py,function,write_animation_doctor,write_animation_doctor(root: Path) -> CreatorSuiteResult,457,
mugenforge/creator_suite_visual.py,function,create_sound_waveform_sheet,"create_sound_waveform_sheet(root: Path, wav_folder: Optional[Path]=None, max_sounds: int=80) -> CreatorSuiteResult",525,
mugenforge/creator_suite_visual.py,function,write_palette_doctor,write_palette_doctor(root: Path) -> CreatorSuiteResult,631,
mugenforge/creator_suite_visual.py,function,write_no_code_recipe_bank,write_no_code_recipe_bank(root: Path) -> CreatorSuiteResult,685,
mugenforge/creator_suite_visual.py,function,write_combo_blueprint,write_combo_blueprint(root: Path) -> CreatorSuiteResult,731,
mugenforge/creator_suite_visual.py,function,write_creator_command_center,write_creator_command_center(root: Path) -> CreatorSuiteResult,782,
mugenforge/creator_suite_visual.py,function,create_release_comparison_report,create_release_comparison_report(root: Path) -> CreatorSuiteResult,802,
mugenforge/creator_suite_visual.py,function,run_creator_suite_pass,run_creator_suite_pass(root: Path) -> CreatorSuiteResult,825,
mugenforge/creator_suite_visual.py,function,_hitdef_blocks_in_text,_hitdef_blocks_in_text(text: str),855,Yield mutable HitDef block metadata from M.U.G.E.N code text.
mugenforge/creator_suite_visual.py,function,export_hitdef_tuning_sheet,export_hitdef_tuning_sheet(root: Path) -> SuiteResult,866,Export a beginner-editable CSV of HitDef tuning values.
mugenforge/creator_suite_visual.py,function,_replace_or_add_kv,"_replace_or_add_kv(block: str, key: str, value: str) -> str",909,
mugenforge/creator_suite_visual.py,function,apply_hitdef_tuning_sheet,"apply_hitdef_tuning_sheet(root: Path, csv_path: Optional[Path]=None) -> SuiteResult",918,Apply reports/hitdef_tuning_sheet.csv back to HitDef blocks with backups.
mugenforge/creator_suite_visual.py,function,write_artist_handoff_pack,write_artist_handoff_pack(root: Path) -> SuiteResult,966,Create a beginner-safe art/sound handoff folder for replacing assets.
mugenforge/engine_authority.py,constant,ENGINE_AUTHORITY_VERSION,ENGINE_AUTHORITY_VERSION,28,
mugenforge/engine_authority.py,constant,CODE_EXTS,CODE_EXTS,29,
mugenforge/engine_authority.py,constant,BINARY_EXTS,BINARY_EXTS,30,
mugenforge/engine_authority.py,constant,EVIDENCE_EXTS,EVIDENCE_EXTS,31,
mugenforge/engine_authority.py,class/dataclass,AuthorityResult,AuthorityResult,35,
mugenforge/engine_authority.py,method,AuthorityResult.add_created,"add_created(self, root: Path, path: Path | str) -> None",42,
mugenforge/engine_authority.py,method,AuthorityResult.add_changed,"add_changed(self, root: Path, path: Path | str) -> None",45,
mugenforge/engine_authority.py,method,AuthorityResult.add_warning,"add_warning(self, msg: object) -> None",48,
mugenforge/engine_authority.py,method,AuthorityResult.add_note,"add_note(self, msg: object) -> None",51,
mugenforge/engine_authority.py,method,AuthorityResult.merge,"merge(self, other: object, label: Optional[str]=None) -> None",54,
mugenforge/engine_authority.py,method,AuthorityResult.to_text,to_text(self) -> str,63,
mugenforge/engine_authority.py,function,_uniq,_uniq(items: Iterable[str]) -> List[str],78,
mugenforge/engine_authority.py,function,_now,_now() -> str,89,
mugenforge/engine_authority.py,function,_rel,"_rel(root: Path, path: Path | str) -> str",93,
mugenforge/engine_authority.py,function,_auth_dir,_auth_dir(root: Path) -> Path,100,
mugenforge/engine_authority.py,function,_write_text,"_write_text(path: Path, text: str, res: Optional[AuthorityResult]=None, root: Optional[Path]=None, changed: bool=False) -> Path",106,
mugenforge/engine_authority.py,function,_write_json,"_write_json(path: Path, payload: object, res: Optional[AuthorityResult]=None, root: Optional[Path]=None, changed: bool=False) -> Path",118,
mugenforge/engine_authority.py,function,_write_csv,"_write_csv(path: Path, rows: Sequence[Dict[str, object]], fields: Sequence[str], res: Optional[AuthorityResult]=None, root: Optional[Path]=None, changed: bool=False) -> Path",130,
mugenforge/engine_authority.py,function,_read_json,"_read_json(path: Path, default: object) -> object",146,
mugenforge/engine_authority.py,function,_hash_file,_hash_file(path: Path) -> str,153,
mugenforge/engine_authority.py,function,_main_def,_main_def(root: Path) -> Optional[Path],161,
mugenforge/engine_authority.py,function,_def_refs,"_def_refs(root: Path) -> Dict[str, str]",169,
mugenforge/engine_authority.py,function,_project_files,"_project_files(root: Path) -> Dict[str, Optional[Path]]",182,
mugenforge/engine_authority.py,function,_code_files,_code_files(root: Path) -> List[Path],213,
mugenforge/engine_authority.py,function,_all_air_actions,"_all_air_actions(root: Path) -> Dict[int, object]",228,
mugenforge/engine_authority.py,function,_parse_int,"_parse_int(value: object, default: int=0) -> int",238,
mugenforge/engine_authority.py,function,_trigger_summary,"_trigger_summary(values: Dict[str, str]) -> str",243,
mugenforge/engine_authority.py,function,_anim_elem_from_trigger,_anim_elem_from_trigger(text: str) -> Optional[int],251,
mugenforge/engine_authority.py,function,_time_from_trigger,_time_from_trigger(text: str) -> Optional[int],256,
mugenforge/engine_authority.py,function,_state_and_controller_rows,"_state_and_controller_rows(root: Path) -> Tuple[List[Dict[str, object]], List[Dict[str, object]], List[Dict[str, object]]]",261,
mugenforge/engine_authority.py,function,build_supported_runtime_model,build_supported_runtime_model(root: Path) -> AuthorityResult,301,Build a source-level runtime mirror for common StateDef/AIR/controller timing.
mugenforge/engine_authority.py,function,write_external_engine_validator,write_external_engine_validator(root: Path) -> AuthorityResult,415,
mugenforge/engine_authority.py,function,_find_evidence_files,_find_evidence_files(root: Path) -> List[Path],469,
mugenforge/engine_authority.py,function,write_runtime_evidence_certificate,write_runtime_evidence_certificate(root: Path) -> AuthorityResult,489,
mugenforge/engine_authority.py,function,write_binary_corpus_validator,"write_binary_corpus_validator(root: Path, corpus_dir: Optional[Path]=None) -> AuthorityResult",593,
mugenforge/engine_authority.py,function,_find_png_spans,"_find_png_spans(data: bytes) -> List[Tuple[int, int]]",662,
mugenforge/engine_authority.py,function,_find_pcx_offsets,_find_pcx_offsets(data: bytes) -> List[int],680,
mugenforge/engine_authority.py,function,write_sff2_forensic_recovery,write_sff2_forensic_recovery(root: Path) -> AuthorityResult,690,
mugenforge/engine_authority.py,function,export_binary_promotion_sheet,export_binary_promotion_sheet(root: Path) -> AuthorityResult,760,
mugenforge/engine_authority.py,function,apply_verified_binary_promotions,"apply_verified_binary_promotions(root: Path, sheet_path: Optional[Path]=None) -> AuthorityResult",796,
mugenforge/engine_authority.py,function,write_gameplay_closure_pack,write_gameplay_closure_pack(root: Path) -> AuthorityResult,863,
mugenforge/engine_authority.py,function,write_static_runtime_reconciler,write_static_runtime_reconciler(root: Path) -> AuthorityResult,925,
mugenforge/engine_authority.py,function,write_gap_closure_dashboard,write_gap_closure_dashboard(root: Path) -> AuthorityResult,970,
mugenforge/engine_authority.py,function,build_engine_authority_bundle,build_engine_authority_bundle(root: Path) -> AuthorityResult,997,
mugenforge/engine_authority.py,function,run_engine_authority_pass,run_engine_authority_pass(root: Path) -> AuthorityResult,1012,
mugenforge/evidence_core.py,constant,EVIDENCE_CORE_VERSION,EVIDENCE_CORE_VERSION,26,
mugenforge/evidence_core.py,constant,TEXT_EXTS,TEXT_EXTS,27,
mugenforge/evidence_core.py,constant,BINARY_EXTS,BINARY_EXTS,28,
mugenforge/evidence_core.py,constant,EVIDENCE_EXTS,EVIDENCE_EXTS,29,
mugenforge/evidence_core.py,constant,ERROR_PATTERNS,ERROR_PATTERNS,30,
mugenforge/evidence_core.py,constant,WARNING_PATTERNS,WARNING_PATTERNS,34,
mugenforge/evidence_core.py,class/dataclass,EvidenceCoreResult,EvidenceCoreResult,40,
mugenforge/evidence_core.py,method,EvidenceCoreResult.merge,"merge(self, other: object, label: Optional[str]=None) -> None",48,
mugenforge/evidence_core.py,method,EvidenceCoreResult.add_created,"add_created(self, root: Path, path: Path | str) -> None",56,
mugenforge/evidence_core.py,method,EvidenceCoreResult.add_changed,"add_changed(self, root: Path, path: Path | str) -> None",59,
mugenforge/evidence_core.py,method,EvidenceCoreResult.add_warning,"add_warning(self, message: str) -> None",62,
mugenforge/evidence_core.py,method,EvidenceCoreResult.add_note,"add_note(self, message: str) -> None",65,
mugenforge/evidence_core.py,method,EvidenceCoreResult.to_text,to_text(self) -> str,68,
mugenforge/evidence_core.py,function,_uniq,_uniq(items: Iterable[str]) -> List[str],87,
mugenforge/evidence_core.py,function,_rel,"_rel(root: Path, path: Path | str) -> str",98,
mugenforge/evidence_core.py,function,_ec,"_ec(root: Path, *parts) -> Path",105,
mugenforge/evidence_core.py,function,_write_text,"_write_text(root: Path, path: Path, text: str, result: Optional[EvidenceCoreResult]=None, changed: bool=False) -> Path",113,
mugenforge/evidence_core.py,function,_write_json,"_write_json(root: Path, path: Path, payload: object, result: Optional[EvidenceCoreResult]=None, changed: bool=False) -> Path",125,
mugenforge/evidence_core.py,function,_write_csv,"_write_csv(root: Path, path: Path, rows: Sequence[Dict[str, object]], fields: Sequence[str], result: Optional[EvidenceCoreResult]=None, changed: bool=False) -> Path",137,
mugenforge/evidence_core.py,function,_read_csv,"_read_csv(path: Path) -> List[Dict[str, str]]",153,
mugenforge/evidence_core.py,function,_truthy,_truthy(value: object) -> bool,160,
mugenforge/evidence_core.py,function,_now,_now() -> str,164,
mugenforge/evidence_core.py,function,_sha256,_sha256(path: Path) -> str,168,
mugenforge/evidence_core.py,function,_safe_copy,"_safe_copy(src: Path, dst: Path) -> Path",176,
mugenforge/evidence_core.py,function,_project_files,"_project_files(root: Path, suffixes: set[str]) -> List[Path]",183,
mugenforge/evidence_core.py,function,_discover_main_files,"_discover_main_files(root: Path) -> Dict[str, Optional[Path]]",196,
mugenforge/evidence_core.py,function,write_evidence_core_dashboard,write_evidence_core_dashboard(root: Path) -> EvidenceCoreResult,219,
mugenforge/evidence_core.py,function,write_engine_profile_template,write_engine_profile_template(root: Path) -> EvidenceCoreResult,242,
mugenforge/evidence_core.py,function,_load_engine_profile,"_load_engine_profile(root: Path, profile_path: Optional[Path]=None) -> Dict[str, object]",289,
mugenforge/evidence_core.py,function,_expand_arg,"_expand_arg(arg: object, variables: Dict[str, object]) -> str",296,
mugenforge/evidence_core.py,function,validate_engine_profile,"validate_engine_profile(root: Path, profile_path: Optional[Path]=None) -> EvidenceCoreResult",303,
mugenforge/evidence_core.py,function,run_engine_profile,"run_engine_profile(root: Path, profile_path: Optional[Path]=None, profile_name: Optional[str]=None, dry_run: bool=False) -> EvidenceCoreResult",368,
mugenforge/evidence_core.py,function,export_runtime_scenario_sheet,export_runtime_scenario_sheet(root: Path) -> EvidenceCoreResult,445,
mugenforge/evidence_core.py,function,ingest_runtime_evidence,"ingest_runtime_evidence(root: Path, evidence_folder: Optional[Path]=None) -> EvidenceCoreResult",491,
mugenforge/evidence_core.py,function,_runtime_result_files,_runtime_result_files(root: Path) -> List[Path],558,
mugenforge/evidence_core.py,function,_uniq_paths,_uniq_paths(paths: Iterable[Path]) -> List[Path],567,
mugenforge/evidence_core.py,function,parse_runtime_logs_and_results,parse_runtime_logs_and_results(root: Path) -> EvidenceCoreResult,581,
mugenforge/evidence_core.py,function,write_evidence_release_gate,write_evidence_release_gate(root: Path) -> EvidenceCoreResult,629,
mugenforge/evidence_core.py,function,run_binary_corpus_validation,"run_binary_corpus_validation(root: Path, corpus_folder: Optional[Path]=None, max_files: int=250, max_export_per_sff: int=5) -> EvidenceCoreResult",719,
mugenforge/evidence_core.py,function,_find_png_segments,"_find_png_segments(data: bytes) -> List[Tuple[int, int, str]]",786,
mugenforge/evidence_core.py,function,_find_wav_segments,"_find_wav_segments(data: bytes) -> List[Tuple[int, int, str]]",805,
mugenforge/evidence_core.py,function,_find_pcx_segments,"_find_pcx_segments(data: bytes) -> List[Tuple[int, int, str]]",822,
mugenforge/evidence_core.py,function,write_unknown_binary_recovery_workspace,write_unknown_binary_recovery_workspace(root: Path) -> EvidenceCoreResult,841,
mugenforge/evidence_core.py,function,_candidate_folders,_candidate_folders(root: Path) -> List[Path],898,
mugenforge/evidence_core.py,function,_verify_candidate,"_verify_candidate(path: Path) -> Tuple[str, str]",903,
mugenforge/evidence_core.py,function,export_candidate_install_sheet,export_candidate_install_sheet(root: Path) -> EvidenceCoreResult,929,
mugenforge/evidence_core.py,function,apply_verified_candidate_install_sheet,"apply_verified_candidate_install_sheet(root: Path, sheet_path: Optional[Path]=None) -> EvidenceCoreResult",974,
mugenforge/evidence_core.py,function,rollback_last_verified_commit,rollback_last_verified_commit(root: Path) -> EvidenceCoreResult,1032,
mugenforge/evidence_core.py,function,_hitdef_rows,"_hitdef_rows(root: Path) -> List[Dict[str, object]]",1069,
mugenforge/evidence_core.py,function,export_playtest_tuning_sheet,export_playtest_tuning_sheet(root: Path) -> EvidenceCoreResult,1101,
mugenforge/evidence_core.py,function,apply_playtest_tuning_sheet,"apply_playtest_tuning_sheet(root: Path, sheet_path: Optional[Path]=None) -> EvidenceCoreResult",1130,
mugenforge/evidence_core.py,function,build_evidence_core_bundle,build_evidence_core_bundle(root: Path) -> EvidenceCoreResult,1163,
mugenforge/evidence_core.py,function,run_evidence_core_pass,run_evidence_core_pass(root: Path) -> EvidenceCoreResult,1178,
mugenforge/evidence_core.py,function,write_engine_profile,"write_engine_profile(root: Path, engine_exe: Optional[Path]=None, game_root: Optional[Path]=None, default_stage: str='stages/kfm.def', opponent: str='kfm') -> EvidenceCoreResult",1204,Write a configured engine profile from UI fields.
mugenforge/evidence_core.py,function,probe_engine_profile,probe_engine_profile(root: Path) -> EvidenceCoreResult,1229,Validate and run a dry profile probe. This does not launch a match unless the profile arguments do so.
mugenforge/evidence_core.py,function,build_engine_launch_matrix,build_engine_launch_matrix(root: Path) -> EvidenceCoreResult,1237,
mugenforge/evidence_core.py,function,run_engine_validation,"run_engine_validation(root: Path, dry_run: bool=False, timeout_seconds: Optional[float]=None) -> EvidenceCoreResult",1241,
mugenforge/evidence_core.py,function,write_evidence_authority_report,write_evidence_authority_report(root: Path) -> EvidenceCoreResult,1250,
mugenforge/evidence_core.py,function,write_sff2_corpus_harness,"write_sff2_corpus_harness(root: Path, folder: Optional[Path]=None) -> EvidenceCoreResult",1254,
mugenforge/evidence_core.py,function,run_sff2_corpus_validation,run_sff2_corpus_validation(root: Path) -> EvidenceCoreResult,1275,
mugenforge/evidence_core.py,function,export_verified_candidate_install_sheet,export_verified_candidate_install_sheet(root: Path) -> EvidenceCoreResult,1290,
mugenforge/evidence_core.py,function,export_runtime_tuning_sheet,export_runtime_tuning_sheet(root: Path) -> EvidenceCoreResult,1294,
mugenforge/evidence_core.py,function,apply_runtime_tuning_sheet,apply_runtime_tuning_sheet(root: Path) -> EvidenceCoreResult,1298,
mugenforge/evidence_core.py,function,write_playtest_closure_report,write_playtest_closure_report(root: Path) -> EvidenceCoreResult,1302,
mugenforge/evidence_core.py,function,write_engine_profile,"write_engine_profile(root: Path, engine_exe: Optional[Path]=None, game_root: Optional[Path]=None, default_stage: str='stages/training.def', opponent: str='kfm') -> EvidenceCoreResult",1326,
mugenforge/evidence_core.py,function,probe_engine_profile,probe_engine_profile(root: Path) -> EvidenceCoreResult,1349,
mugenforge/evidence_core.py,function,build_engine_launch_matrix,build_engine_launch_matrix(root: Path) -> EvidenceCoreResult,1353,
mugenforge/evidence_core.py,function,run_engine_validation,"run_engine_validation(root: Path, dry_run: bool=True, timeout_seconds: float=12.0) -> EvidenceCoreResult",1382,
mugenforge/evidence_core.py,function,ingest_engine_evidence,"ingest_engine_evidence(root: Path, evidence_folder: Optional[Path]=None) -> EvidenceCoreResult",1392,
mugenforge/evidence_core.py,function,write_evidence_authority_report,write_evidence_authority_report(root: Path) -> EvidenceCoreResult,1396,
mugenforge/evidence_core.py,function,write_sff2_corpus_harness,"write_sff2_corpus_harness(root: Path, corpus_folder: Optional[Path]=None) -> EvidenceCoreResult",1400,
mugenforge/evidence_core.py,function,run_sff2_corpus_validation,"run_sff2_corpus_validation(root: Path, corpus_folder: Optional[Path]=None) -> EvidenceCoreResult",1419,
mugenforge/evidence_core.py,function,export_verified_candidate_install_sheet,export_verified_candidate_install_sheet(root: Path) -> EvidenceCoreResult,1427,
mugenforge/evidence_core.py,function,export_runtime_tuning_sheet,export_runtime_tuning_sheet(root: Path) -> EvidenceCoreResult,1431,
mugenforge/evidence_core.py,function,apply_runtime_tuning_sheet,"apply_runtime_tuning_sheet(root: Path, sheet_path: Optional[Path]=None) -> EvidenceCoreResult",1435,
mugenforge/evidence_core.py,function,write_playtest_closure_report,write_playtest_closure_report(root: Path) -> EvidenceCoreResult,1439,
mugenforge/evidence_core.py,function,ingest_engine_evidence,"ingest_engine_evidence(root: Path, folder: Optional[Path]=None) -> EvidenceCoreResult",1464,UI compatibility alias for ingesting external engine evidence.
mugenforge/factory_max.py,constant,FACTORY_MAX_VERSION,FACTORY_MAX_VERSION,21,
mugenforge/factory_max.py,constant,IMAGE_SUFFIXES,IMAGE_SUFFIXES,23,
mugenforge/factory_max.py,constant,TEXT_SUFFIXES,TEXT_SUFFIXES,24,
mugenforge/factory_max.py,class/dataclass,MaxResult,MaxResult,28,
mugenforge/factory_max.py,method,MaxResult.merge,"merge(self, other: object, prefix: str='') -> None",36,
mugenforge/factory_max.py,method,MaxResult.to_text,to_text(self) -> str,42,
mugenforge/factory_max.py,function,_now,_now() -> str,60,
mugenforge/factory_max.py,function,_rel,"_rel(root: Path, path: Path | str) -> str",64,
mugenforge/factory_max.py,function,_backup,_backup(path: Path) -> Optional[Path],71,
mugenforge/factory_max.py,function,_write,"_write(path: Path, text: str, result: Optional[MaxResult]=None, root: Optional[Path]=None, changed: bool=False) -> Path",79,
mugenforge/factory_max.py,function,_discover_files,"_discover_files(root: Path) -> Dict[str, Optional[Path]]",90,
mugenforge/factory_max.py,function,_all_code_files,_all_code_files(root: Path) -> List[Path],126,
mugenforge/factory_max.py,function,_image_dimensions_from_payload,"_image_dimensions_from_payload(data: bytes, suffix: str) -> Optional[Tuple[int, int, Tuple[int, int, int, int] | None]]",130,
mugenforge/factory_max.py,function,_air_sprite_refs,"_air_sprite_refs(air_path: Path) -> List[Tuple[int, int]]",146,
mugenforge/factory_max.py,function,factory_max_profile_report,factory_max_profile_report(root: Path) -> MaxResult,161,
mugenforge/factory_max.py,function,write_codesense_bank,write_codesense_bank(root: Path) -> MaxResult,254,
mugenforge/factory_max.py,function,write_state_graph,write_state_graph(root: Path) -> MaxResult,309,
mugenforge/factory_max.py,function,write_organizer_manifest,write_organizer_manifest(root: Path) -> MaxResult,361,
mugenforge/factory_max.py,function,suggest_clsn_from_sff,"suggest_clsn_from_sff(root: Path, padding: int=2, save: bool=True) -> MaxResult",399,
mugenforge/factory_max.py,function,retime_air,"retime_air(root: Path, tick_scale: float=1.0, min_ticks: int=1) -> MaxResult",472,
mugenforge/factory_max.py,function,renumber_air_actions,"renumber_air_actions(root: Path, offset: int=10000) -> MaxResult",505,
mugenforge/factory_max.py,function,create_storyboard_template,"create_storyboard_template(root: Path, name: str='intro') -> MaxResult",541,
mugenforge/factory_max.py,function,create_screenpack_template,create_screenpack_template(root: Path) -> MaxResult,571,
mugenforge/factory_max.py,function,create_sound_autobank,create_sound_autobank(root: Path) -> MaxResult,615,
mugenforge/factory_max.py,function,create_quick_test_suite,create_quick_test_suite(root: Path) -> MaxResult,644,
mugenforge/factory_max.py,function,safe_import_from_project,"safe_import_from_project(root: Path, source: Path, mode: str='copy') -> MaxResult",676,
mugenforge/factory_max.py,function,build_factory_max_release_zip,build_factory_max_release_zip(root: Path) -> MaxResult,713,
mugenforge/factory_max.py,function,one_click_factory_max_upgrade,one_click_factory_max_upgrade(root: Path) -> MaxResult,738,
mugenforge/factory_max.py,function,image_factory_process_folder,"image_factory_process_folder(in_dir: Path, out_dir: Path, scale_percent: float=100.0, trim: bool=True, mirror_x: bool=False, mirror_y: bool=False, canvas_w: int=0, canvas_h: int=0, center: bool=True, transparent_mode: str='none', palette_colors: int=0, outline: bool=False, shadow: bool=False) -> MaxResult",766,
mugenforge/factory_max.py,function,make_palette_variants,"make_palette_variants(folder: Path, out_dir: Path, variants: int=6) -> MaxResult",861,
mugenforge/factory_plus.py,constant,FACTORY_PLUS_VERSION,FACTORY_PLUS_VERSION,19,
mugenforge/factory_plus.py,class/dataclass,FactoryPlusResult,FactoryPlusResult,23,
mugenforge/factory_plus.py,method,FactoryPlusResult.merge_apply,"merge_apply(self, result: ApplyResult, prefix: str='') -> None",31,
mugenforge/factory_plus.py,method,FactoryPlusResult.merge,"merge(self, result: 'FactoryPlusResult', prefix: str='') -> None",38,
mugenforge/factory_plus.py,method,FactoryPlusResult.to_text,to_text(self) -> str,46,
mugenforge/factory_plus.py,class/dataclass,CharacterFiles,CharacterFiles,74,
mugenforge/factory_plus.py,function,_backup,_backup(path: Path) -> Optional[Path],84,
mugenforge/factory_plus.py,function,_rel,"_rel(root: Path, path: Path) -> str",92,
mugenforge/factory_plus.py,function,_first,"_first(root: Path, suffix: str) -> Optional[Path]",99,
mugenforge/factory_plus.py,function,discover_character_files,discover_character_files(root: Path) -> CharacterFiles,104,
mugenforge/factory_plus.py,function,_append_unique,"_append_unique(path: Path, marker: str, block: str, result: FactoryPlusResult) -> bool",135,
mugenforge/factory_plus.py,function,_action_block,"_action_block(action_no: int, label: str, frames: int=4, ticks: int=6, group: Optional[int]=None) -> str",151,
mugenforge/factory_plus.py,function,ensure_required_animations,ensure_required_animations(root: Path) -> FactoryPlusResult,168,
mugenforge/factory_plus.py,function,_air_sprite_pairs,"_air_sprite_pairs(root: Path) -> List[Tuple[int, int]]",196,
mugenforge/factory_plus.py,function,rebuild_placeholder_sff_from_air,"rebuild_placeholder_sff_from_air(root: Path, out_name: Optional[str]=None) -> FactoryPlusResult",211,
mugenforge/factory_plus.py,constant,_IMAGE_NAME_PATTERNS,_IMAGE_NAME_PATTERNS,268,
mugenforge/factory_plus.py,function,_sprite_id_from_name,"_sprite_id_from_name(path: Path, fallback_index: int) -> Tuple[int, int]",275,
mugenforge/factory_plus.py,function,bulk_import_sprite_folder,"bulk_import_sprite_folder(root: Path, source_folder: Path, append_air: bool=True, action_ticks: int=5) -> FactoryPlusResult",287,"Import a folder of PNG/PCX images into a staged manifest, build an SFF v1, and optionally append AIR actions."
mugenforge/factory_plus.py,function,installed_feature_ids,installed_feature_ids(root: Path) -> List[str],373,
mugenforge/factory_plus.py,function,_all_code_text,"_all_code_text(root: Path) -> Tuple[str, List[Path]]",386,
mugenforge/factory_plus.py,function,export_move_list,export_move_list(root: Path) -> FactoryPlusResult,397,
mugenforge/factory_plus.py,function,export_state_map,export_state_map(root: Path) -> FactoryPlusResult,451,
mugenforge/factory_plus.py,function,export_balance_sheet,export_balance_sheet(root: Path) -> FactoryPlusResult,488,
mugenforge/factory_plus.py,function,deep_factory_doctor,deep_factory_doctor(root: Path) -> str,527,
mugenforge/factory_plus.py,function,write_doctor_report,write_doctor_report(root: Path) -> FactoryPlusResult,623,
mugenforge/factory_plus.py,constant,_FUNCTION_BANK,_FUNCTION_BANK,632,
mugenforge/factory_plus.py,function,write_function_bank,write_function_bank(root: Path) -> FactoryPlusResult,642,
mugenforge/factory_plus.py,function,write_start_here,write_start_here(root: Path) -> FactoryPlusResult,663,
mugenforge/factory_plus.py,function,smart_complete_project,smart_complete_project(root: Path) -> FactoryPlusResult,714,
mugenforge/factory_plus.py,function,build_release_zip,build_release_zip(root: Path) -> FactoryPlusResult,760,
mugenforge/factory_plus.py,function,project_doctor_report,project_doctor_report(root: Path) -> str,795,
mugenforge/factory_plus.py,function,write_factory_doctor_report,write_factory_doctor_report(root: Path) -> Path,799,
mugenforge/factory_plus.py,function,one_click_upgrade,one_click_upgrade(root: Path) -> FactoryPlusResult,805,
mugenforge/factory_plus.py,function,ensure_standard_air_actions,ensure_standard_air_actions(root: Path) -> FactoryPlusResult,809,
mugenforge/factory_plus.py,function,write_move_list_markdown,write_move_list_markdown(root: Path) -> Path,813,
mugenforge/factory_plus.py,function,write_move_list_html,write_move_list_html(root: Path) -> Path,818,
mugenforge/factory_plus.py,function,export_state_graph,export_state_graph(root: Path) -> Path,823,
mugenforge/factory_plus.py,function,asset_inventory,asset_inventory(root: Path) -> str,828,
mugenforge/factory_plus.py,function,export_asset_report,export_asset_report(root: Path) -> Path,851,
mugenforge/factory_plus.py,function,rebuild_missing_placeholder_assets,rebuild_missing_placeholder_assets(root: Path) -> FactoryPlusResult,858,
mugenforge/factory_plus.py,function,make_factory_plus_workspace,make_factory_plus_workspace(root: Path) -> FactoryPlusResult,875,
mugenforge/factory_plus.py,function,_find_air,_find_air(root: Path) -> Optional[Path],890,
mugenforge/factory_plus.py,function,duplicate_action,"duplicate_action(root: Path, source_action: int, new_action: int) -> Path",894,
mugenforge/factory_plus.py,function,retime_action,"retime_action(root: Path, action_no: int, tick_scale: float=1.0) -> Path",911,
mugenforge/factory_plus.py,function,mirror_action_clsn,"mirror_action_clsn(root: Path, action_no: int) -> Path",934,
mugenforge/factory_plus.py,function,auto_body_boxes_for_action,"auto_body_boxes_for_action(root: Path, action_no: int, box: Tuple[int, int, int, int]=(-20, -88, 20, 0)) -> Path",955,
mugenforge/factory_plus.py,function,export_sprite_contact_sheet,"export_sprite_contact_sheet(root_or_sff: Path, out_path: Optional[Path]=None) -> Path",979,
mugenforge/factory_plus.py,function,export_animation_gif,"export_animation_gif(root: Path, action_no: int, out_path: Optional[Path]=None, **_kwargs) -> Path",988,
mugenforge/factory_plus.py,function,batch_export_animation_gifs,"batch_export_animation_gifs(root: Path, out_dir: Optional[Path]=None, **kwargs) -> List[Path]",995,
mugenforge/factory_plus.py,function,batch_export_action_pngs,"batch_export_action_pngs(root: Path, out_dir: Optional[Path]=None, **_kwargs) -> List[Path]",1004,
mugenforge/factory_plus.py,function,project_doctor_report,project_doctor_report(root: Path) -> str,1018,
mugenforge/factory_plus.py,function,write_factory_doctor_report,write_factory_doctor_report(root: Path) -> FactoryPlusResult,1022,
mugenforge/factory_plus.py,function,one_click_upgrade,one_click_upgrade(root: Path) -> FactoryPlusResult,1026,
mugenforge/factory_plus.py,function,ensure_standard_air_actions,ensure_standard_air_actions(root: Path) -> FactoryPlusResult,1030,
mugenforge/factory_plus.py,function,make_factory_plus_workspace,make_factory_plus_workspace(root: Path) -> FactoryPlusResult,1034,
mugenforge/factory_plus.py,function,asset_inventory,"asset_inventory(root: Path) -> Dict[str, object]",1052,
mugenforge/factory_plus.py,function,export_asset_report,export_asset_report(root: Path) -> Path,1081,
mugenforge/factory_plus.py,function,rebuild_missing_placeholder_assets,rebuild_missing_placeholder_assets(root: Path) -> FactoryPlusResult,1088,
mugenforge/factory_plus.py,function,_decode_sff_sprite_image,"_decode_sff_sprite_image(sff_path: Path, sprite)",1108,
mugenforge/factory_plus.py,function,export_sprite_contact_sheet,"export_sprite_contact_sheet(root: Path, max_sprites: int=240) -> Path",1118,
mugenforge/factory_plus.py,function,write_move_list_markdown,write_move_list_markdown(root: Path) -> Path,1154,
mugenforge/factory_plus.py,function,write_move_list_html,write_move_list_html(root: Path) -> Path,1159,
mugenforge/factory_plus.py,function,export_state_graph,export_state_graph(root: Path) -> Path,1178,
mugenforge/factory_plus.py,function,_find_action_block,"_find_action_block(text: str, action_no: int) -> Optional[Tuple[int, int, str]]",1183,
mugenforge/factory_plus.py,function,_air_path_or_raise,_air_path_or_raise(path_or_root: Path) -> Path,1193,
mugenforge/factory_plus.py,function,duplicate_action,"duplicate_action(path_or_root: Path, source_action: int, target_action: int, sprite_group: Optional[int]=None) -> bool",1203,
mugenforge/factory_plus.py,function,retime_action,"retime_action(path_or_root: Path, action_no: int, ticks: int) -> bool",1220,
mugenforge/factory_plus.py,function,mirror_action_clsn,"mirror_action_clsn(path_or_root: Path, action_no: int) -> bool",1238,
mugenforge/factory_plus.py,function,auto_body_boxes_for_action,"auto_body_boxes_for_action(path_or_root: Path, action_no: int, box: Tuple[int, int, int, int]=(-20, -88, 20, 0)) -> bool",1255,
mugenforge/factory_plus.py,function,export_animation_gif,"export_animation_gif(root: Path, action_no: int, out_path: Optional[Path]=None, zoom: int=2) -> Path",1276,
mugenforge/factory_plus.py,function,batch_export_animation_gifs,"batch_export_animation_gifs(root: Path, limit: int=80) -> List[Path]",1328,
mugenforge/factory_plus.py,function,batch_export_action_pngs,"batch_export_action_pngs(root: Path, action_no: int, zoom: int=2) -> List[Path]",1344,
mugenforge/factory_ultra.py,constant,FACTORY_ULTRA_VERSION,FACTORY_ULTRA_VERSION,19,
mugenforge/factory_ultra.py,constant,CODE_SUFFIXES,CODE_SUFFIXES,20,
mugenforge/factory_ultra.py,constant,TEXT_SUFFIXES,TEXT_SUFFIXES,21,
mugenforge/factory_ultra.py,constant,IMAGE_SUFFIXES,IMAGE_SUFFIXES,22,
mugenforge/factory_ultra.py,constant,ASSET_SUFFIXES,ASSET_SUFFIXES,23,
mugenforge/factory_ultra.py,class/dataclass,UltraResult,UltraResult,27,
mugenforge/factory_ultra.py,method,UltraResult.merge,"merge(self, other: object, prefix: str='') -> None",35,
mugenforge/factory_ultra.py,method,UltraResult.to_text,to_text(self) -> str,41,
mugenforge/factory_ultra.py,function,_now,_now() -> str,63,
mugenforge/factory_ultra.py,function,_rel,"_rel(root: Path, path: Path | str | None) -> str",67,
mugenforge/factory_ultra.py,function,_backup,_backup(path: Path) -> Optional[Path],76,
mugenforge/factory_ultra.py,function,_write,"_write(path: Path, text: str, result: Optional[UltraResult]=None, root: Optional[Path]=None, changed: bool=False) -> Path",84,
mugenforge/factory_ultra.py,function,_write_json,"_write_json(path: Path, payload: object, result: Optional[UltraResult]=None, root: Optional[Path]=None) -> Path",95,
mugenforge/factory_ultra.py,function,_discover_files,"_discover_files(root: Path) -> Dict[str, Optional[Path]]",103,
mugenforge/factory_ultra.py,function,_code_files,_code_files(root: Path) -> List[Path],114,
mugenforge/factory_ultra.py,function,_text_files,_text_files(root: Path) -> List[Path],118,
mugenforge/factory_ultra.py,function,_images,_images(root: Path) -> List[Path],122,
mugenforge/factory_ultra.py,function,_counts,"_counts(root: Path) -> Dict[str, int]",126,
mugenforge/factory_ultra.py,function,_intish,"_intish(value: object, default: Optional[int]=None) -> Optional[int]",135,
mugenforge/factory_ultra.py,function,_damage_pair,"_damage_pair(value: str) -> Tuple[int, Optional[int]]",142,
mugenforge/factory_ultra.py,function,_air_stats,"_air_stats(root: Path) -> Dict[int, Dict[str, int]]",149,
mugenforge/factory_ultra.py,function,_hit_records,"_hit_records(root: Path) -> List[Dict[str, object]]",169,
mugenforge/factory_ultra.py,function,_feature_hits,_feature_hits(root: Path) -> List[str],198,
mugenforge/factory_ultra.py,function,_cmd_commands,"_cmd_commands(root: Path) -> List[Dict[str, object]]",210,
mugenforge/factory_ultra.py,function,write_ultra_audit,write_ultra_audit(root: Path) -> UltraResult,228,
mugenforge/factory_ultra.py,function,write_input_conflict_report,write_input_conflict_report(root: Path) -> UltraResult,301,
mugenforge/factory_ultra.py,function,write_balance_lab,write_balance_lab(root: Path) -> UltraResult,336,
mugenforge/factory_ultra.py,function,generate_balance_lab,generate_balance_lab(root: Path) -> UltraResult,365,
mugenforge/factory_ultra.py,function,write_frame_data_report,write_frame_data_report(root: Path) -> UltraResult,369,
mugenforge/factory_ultra.py,function,generate_frame_data_lab,generate_frame_data_lab(root: Path) -> UltraResult,393,
mugenforge/factory_ultra.py,function,write_combo_lab,write_combo_lab(root: Path) -> UltraResult,397,
mugenforge/factory_ultra.py,function,write_combo_trial_builder,write_combo_trial_builder(root: Path) -> UltraResult,423,
mugenforge/factory_ultra.py,function,write_smart_next_steps,write_smart_next_steps(root: Path) -> UltraResult,427,
mugenforge/factory_ultra.py,function,generate_beginner_task_board,generate_beginner_task_board(root: Path) -> UltraResult,463,
mugenforge/factory_ultra.py,function,write_creator_home_dashboard,write_creator_home_dashboard(root: Path) -> UltraResult,467,
mugenforge/factory_ultra.py,function,ultra_project_dashboard,ultra_project_dashboard(root: Path) -> UltraResult,483,
mugenforge/factory_ultra.py,function,write_beginner_command_center,write_beginner_command_center(root: Path) -> UltraResult,487,
mugenforge/factory_ultra.py,function,write_no_code_function_map,write_no_code_function_map(root: Path) -> UltraResult,513,
mugenforge/factory_ultra.py,function,write_no_code_feature_switchboard,write_no_code_feature_switchboard(root: Path) -> UltraResult,530,
mugenforge/factory_ultra.py,function,write_no_code_recipe_bank,write_no_code_recipe_bank(root: Path) -> UltraResult,534,
mugenforge/factory_ultra.py,function,write_production_bible,write_production_bible(root: Path) -> UltraResult,550,
mugenforge/factory_ultra.py,function,write_generated_code_map,write_generated_code_map(root: Path) -> UltraResult,577,
mugenforge/factory_ultra.py,function,build_asset_dependency_map,build_asset_dependency_map(root: Path) -> UltraResult,593,
mugenforge/factory_ultra.py,function,write_clsn_audit,write_clsn_audit(root: Path) -> UltraResult,617,
mugenforge/factory_ultra.py,function,write_controller_snippet_library,write_controller_snippet_library(root: Path) -> UltraResult,635,
mugenforge/factory_ultra.py,function,generate_cancel_lab,generate_cancel_lab(root: Path) -> UltraResult,660,
mugenforge/factory_ultra.py,function,generate_asset_usage_lab,generate_asset_usage_lab(root: Path) -> UltraResult,678,
mugenforge/factory_ultra.py,function,generate_sprite_axis_lab,generate_sprite_axis_lab(root: Path) -> UltraResult,688,
mugenforge/factory_ultra.py,function,generate_ai_tuning_lab,generate_ai_tuning_lab(root: Path) -> UltraResult,707,
mugenforge/factory_ultra.py,function,generate_move_cards,generate_move_cards(root: Path) -> UltraResult,730,
mugenforge/factory_ultra.py,function,generate_input_map_assistant,generate_input_map_assistant(root: Path) -> UltraResult,741,
mugenforge/factory_ultra.py,function,generate_release_readiness_report,generate_release_readiness_report(root: Path) -> UltraResult,745,
mugenforge/factory_ultra.py,function,write_compatibility_matrix,write_compatibility_matrix(root: Path) -> UltraResult,756,
mugenforge/factory_ultra.py,function,create_sff_sprite_atlas,create_sff_sprite_atlas(root: Path) -> UltraResult,779,
mugenforge/factory_ultra.py,function,create_action_strip_previews,create_action_strip_previews(root: Path) -> UltraResult,797,
mugenforge/factory_ultra.py,function,create_snd_waveform_sheet,create_snd_waveform_sheet(root: Path) -> UltraResult,813,
mugenforge/factory_ultra.py,function,create_autosave_snapshot,create_autosave_snapshot(root: Path) -> UltraResult,836,
mugenforge/factory_ultra.py,function,auto_tune_damage,"auto_tune_damage(root: Path, damage_scale: float=1.0, max_damage: int=180, min_damage: int=1) -> UltraResult",855,
mugenforge/factory_ultra.py,function,create_character_variant,"create_character_variant(root: Path, variant_name: str) -> UltraResult",909,
mugenforge/factory_ultra.py,function,write_ultra_task_board,write_ultra_task_board(root: Path) -> UltraResult,940,
mugenforge/factory_ultra.py,function,build_ultra_release_zip,build_ultra_release_zip(root: Path) -> UltraResult,944,
mugenforge/factory_ultra.py,function,build_factory_ultra_release_zip,build_factory_ultra_release_zip(root: Path) -> UltraResult,978,
mugenforge/factory_ultra.py,function,one_click_factory_ultra_upgrade,one_click_factory_ultra_upgrade(root: Path) -> UltraResult,982,
mugenforge/factory_ultra.py,function,one_click_ultra_production_pass,one_click_ultra_production_pass(root: Path) -> UltraResult,1032,
mugenforge/factory_ultra.py,function,write_frame_data_report,write_frame_data_report(root: Path) -> UltraResult,1039,
mugenforge/factory_ultra.py,function,generate_frame_data_lab,generate_frame_data_lab(root: Path) -> UltraResult,1073,
mugenforge/factory_ultra.py,function,_factory_ultra_release_impl,_factory_ultra_release_impl(root: Path) -> UltraResult,1077,
mugenforge/factory_ultra.py,function,build_ultra_release_zip,build_ultra_release_zip(root: Path) -> UltraResult,1114,
mugenforge/factory_ultra.py,function,build_factory_ultra_release_zip,build_factory_ultra_release_zip(root: Path) -> UltraResult,1118,
mugenforge/factory_ultra.py,function,one_click_factory_ultra_upgrade,one_click_factory_ultra_upgrade(root: Path) -> UltraResult,1122,
mugenforge/factory_ultra.py,function,one_click_ultra_production_pass,one_click_ultra_production_pass(root: Path) -> UltraResult,1153,
mugenforge/factory_ultra.py,function,_code_files_text,_code_files_text(root: Path),1156,
mugenforge/factory_ultra.py,function,_factory_ultra_release_impl,_factory_ultra_release_impl(root: Path) -> UltraResult,1162,
mugenforge/factory_ultra.py,function,build_ultra_release_zip,build_ultra_release_zip(root: Path) -> UltraResult,1208,
mugenforge/factory_ultra.py,function,build_factory_ultra_release_zip,build_factory_ultra_release_zip(root: Path) -> UltraResult,1212,
mugenforge/ff_plus.py,constant,FF_PLUS_CORE_FEATURES,FF_PLUS_CORE_FEATURES,25,
mugenforge/ff_plus.py,constant,FF_PLUS_VISUAL_FEATURES,FF_PLUS_VISUAL_FEATURES,54,
mugenforge/ff_plus.py,constant,FF_PLUS_SYSTEM_FEATURES,FF_PLUS_SYSTEM_FEATURES,67,
mugenforge/ff_plus.py,constant,FF_PLUS_ALL_FEATURES,FF_PLUS_ALL_FEATURES,101,
mugenforge/ff_plus.py,function,_timestamp,_timestamp() -> str,104,
mugenforge/ff_plus.py,function,_backup,_backup(path: Path) -> Path,108,
mugenforge/ff_plus.py,function,_write_file,"_write_file(path: Path, text: str, result: ApplyResult, label: str | None=None, overwrite: bool=True) -> None",112,
mugenforge/ff_plus.py,function,_merge,"_merge(into: ApplyResult, other: ApplyResult) -> ApplyResult",125,
mugenforge/ff_plus.py,function,_relative,"_relative(root: Path, path: Path) -> str",133,
mugenforge/ff_plus.py,function,ensure_ff_plus_workspace,ensure_ff_plus_workspace(root: Path) -> ApplyResult,140,
mugenforge/ff_plus.py,function,make_hitbox_preset_library,make_hitbox_preset_library(root: Path) -> Path,186,
mugenforge/ff_plus.py,function,_main_files,"_main_files(root: Path) -> Dict[str, Path | None]",211,
mugenforge/ff_plus.py,function,_installed_feature_ids,_installed_feature_ids(root: Path) -> List[str],222,
mugenforge/ff_plus.py,function,ff_plus_dashboard_report,ff_plus_dashboard_report(root: Path) -> str,240,
mugenforge/ff_plus.py,function,generate_action_catalog,generate_action_catalog(root: Path) -> Path,319,
mugenforge/ff_plus.py,function,generate_asset_index,generate_asset_index(root: Path) -> Path,349,
mugenforge/ff_plus.py,function,generate_move_list,generate_move_list(root: Path) -> Path,384,
mugenforge/ff_plus.py,function,write_smart_code_bank,write_smart_code_bank(root: Path) -> Path,428,
mugenforge/ff_plus.py,function,generate_release_checklist,generate_release_checklist(root: Path) -> Path,471,
mugenforge/ff_plus.py,function,install_required_actions_library,install_required_actions_library(root: Path) -> ApplyResult,499,
mugenforge/ff_plus.py,function,install_smart_cancel_suite,install_smart_cancel_suite(root: Path) -> ApplyResult,503,
mugenforge/ff_plus.py,function,install_training_suite,install_training_suite(root: Path) -> ApplyResult,507,
mugenforge/ff_plus.py,function,install_ff_plus_authoring_pack,install_ff_plus_authoring_pack(root: Path) -> ApplyResult,511,
mugenforge/ff_plus.py,function,one_click_fighter_factory_plus_pass,one_click_fighter_factory_plus_pass(root: Path) -> ApplyResult,531,
mugenforge/ff_plus.py,function,ff_plus_summary_after_result,"ff_plus_summary_after_result(root: Path, result: ApplyResult) -> str",556,
mugenforge/ff_plus_tools.py,constant,IMAGE_INPUT_EXTS,IMAGE_INPUT_EXTS,24,
mugenforge/ff_plus_tools.py,constant,WAV_EXTS,WAV_EXTS,25,
mugenforge/ff_plus_tools.py,function,_need_pillow,_need_pillow(),28,
mugenforge/ff_plus_tools.py,function,_safe_stem,_safe_stem(name: str) -> str,36,
mugenforge/ff_plus_tools.py,function,image_files,image_files(folder: Path) -> List[Path],40,
mugenforge/ff_plus_tools.py,function,wav_files,wav_files(folder: Path) -> List[Path],47,
mugenforge/ff_plus_tools.py,function,summarize_image_folder,summarize_image_folder(folder: Path) -> str,54,
mugenforge/ff_plus_tools.py,function,make_sprite_contact_sheet,"make_sprite_contact_sheet(folder: Path, out_path: Path, thumb_size: int=96, columns: int=6) -> Path",79,
mugenforge/ff_plus_tools.py,function,_trim_transparency,_trim_transparency(img),121,
mugenforge/ff_plus_tools.py,function,_place_on_canvas,"_place_on_canvas(img, canvas_w: int, canvas_h: int, anchor: str='bottom-center')",131,
mugenforge/ff_plus_tools.py,function,normalize_sprite_folder,"normalize_sprite_folder(src_dir: Path, out_dir: Path, canvas_w: int=96, canvas_h: int=96, trim: bool=True, scale_percent: int=100, flip_x: bool=False, flip_y: bool=False, anchor: str='bottom-center', group: int=200, start_image: int=0, axis_x: Optional[int]=None, axis_y: Optional[int]=None) -> Path",154,
mugenforge/ff_plus_tools.py,function,convert_images_to_pcx,"convert_images_to_pcx(src_dir: Path, out_dir: Path) -> List[Path]",223,
mugenforge/ff_plus_tools.py,function,make_animation_gif,"make_animation_gif(src_dir: Path, out_path: Path, frame_ms: int=80) -> Path",241,
mugenforge/ff_plus_tools.py,function,make_air_from_image_sequence,"make_air_from_image_sequence(src_dir: Path, out_path: Path, action: int=200, group: int=200, start_image: int=0, ticks: int=5, x: int=0, y: int=0) -> Path",259,
mugenforge/ff_plus_tools.py,function,build_sff_from_image_folder,"build_sff_from_image_folder(src_dir: Path, out_sff: Path, stage_dir: Optional[Path]=None, group: int=200, start_image: int=0, canvas_w: int=96, canvas_h: int=96, axis_x: Optional[int]=None, axis_y: Optional[int]=None) -> Path",274,
mugenforge/ff_plus_tools.py,function,build_act_from_folder,"build_act_from_folder(src_dir: Path, out_act: Path, max_colors: int=256) -> Path",283,
mugenforge/ff_plus_tools.py,function,sound_cue_sheet,"sound_cue_sheet(folder: Path, out_path: Path) -> Path",316,
mugenforge/ff_plus_tools.py,function,_first_def,_first_def(root: Path) -> Optional[Path],339,
mugenforge/ff_plus_tools.py,function,project_move_summary,project_move_summary(root: Path) -> str,348,
mugenforge/ff_plus_tools.py,function,export_move_list,"export_move_list(root: Path, out_path: Optional[Path]=None) -> Path",399,
mugenforge/ff_plus_tools.py,function,write_creator_manual,write_creator_manual(root: Path) -> Path,406,
mugenforge/ff_plus_tools.py,function,full_project_report,full_project_report(root: Path) -> str,445,
mugenforge/ff_plus_tools.py,function,create_stage_from_image,"create_stage_from_image(image_path: Path, out_dir: Path, stage_name: Optional[str]=None, zoffset: Optional[int]=None, bound_width: int=320) -> Path",525,
mugenforge/ff_plus_tools.py,function,write_mugen_launch_config,"write_mugen_launch_config(root: Path, mugen_exe: Path, extra_args: Optional[Sequence[str]]=None) -> Path",633,
mugenforge/ff_plus_tools.py,function,read_mugen_launch_config,read_mugen_launch_config(root: Path) -> dict,647,
mugenforge/ff_plus_tools.py,function,launch_mugen,launch_mugen(root: Path) -> subprocess.Popen,657,
mugenforge/forge_beyond.py,constant,FORGE_BEYOND_VERSION,FORGE_BEYOND_VERSION,28,
mugenforge/forge_beyond.py,constant,TEXT_SUFFIXES,TEXT_SUFFIXES,29,
mugenforge/forge_beyond.py,constant,CODE_SUFFIXES,CODE_SUFFIXES,30,
mugenforge/forge_beyond.py,constant,IMAGE_SUFFIXES,IMAGE_SUFFIXES,31,
mugenforge/forge_beyond.py,constant,AUDIO_SUFFIXES,AUDIO_SUFFIXES,32,
mugenforge/forge_beyond.py,constant,SKIP_PARTS,SKIP_PARTS,33,
mugenforge/forge_beyond.py,class/dataclass,ForgeBeyondResult,ForgeBeyondResult,37,
mugenforge/forge_beyond.py,method,ForgeBeyondResult.merge,"merge(self, other: object, label: Optional[str]=None) -> None",45,
mugenforge/forge_beyond.py,method,ForgeBeyondResult.add_created,"add_created(self, root: Path, path: Path | str) -> None",53,
mugenforge/forge_beyond.py,method,ForgeBeyondResult.add_changed,"add_changed(self, root: Path, path: Path | str) -> None",56,
mugenforge/forge_beyond.py,method,ForgeBeyondResult.to_text,to_text(self) -> str,59,
mugenforge/forge_beyond.py,class/dataclass,ImageEditSpec,ImageEditSpec,78,
mugenforge/forge_beyond.py,function,_timestamp,_timestamp() -> str,91,
mugenforge/forge_beyond.py,function,_uniq,_uniq(items: Iterable[str]) -> List[str],95,
mugenforge/forge_beyond.py,function,_safe_name,_safe_name(name: str) -> str,106,
mugenforge/forge_beyond.py,function,_rel,"_rel(root: Path, path: Path | str) -> str",110,
mugenforge/forge_beyond.py,function,_beyond_dir,_beyond_dir(root: Path) -> Path,117,
mugenforge/forge_beyond.py,function,_docs_dir,_docs_dir(root: Path) -> Path,123,
mugenforge/forge_beyond.py,function,_reports_dir,_reports_dir(root: Path) -> Path,129,
mugenforge/forge_beyond.py,function,_sheets_dir,_sheets_dir(root: Path) -> Path,135,
mugenforge/forge_beyond.py,function,_graphs_dir,_graphs_dir(root: Path) -> Path,141,
mugenforge/forge_beyond.py,function,_write_text,"_write_text(root: Path, path: Path, text: str, result: Optional[ForgeBeyondResult]=None, changed: bool=False) -> Path",147,
mugenforge/forge_beyond.py,function,_write_json,"_write_json(root: Path, path: Path, payload: object, result: Optional[ForgeBeyondResult]=None, changed: bool=False) -> Path",156,
mugenforge/forge_beyond.py,function,_write_csv,"_write_csv(root: Path, path: Path, rows: Sequence[Dict[str, object]], fields: Sequence[str], result: Optional[ForgeBeyondResult]=None) -> Path",165,
mugenforge/forge_beyond.py,function,_backup_text_file,"_backup_text_file(path: Path, root: Path, label: str='forge_beyond') -> Optional[Path]",178,
mugenforge/forge_beyond.py,function,_all_files,_all_files(root: Path) -> List[Path],194,
mugenforge/forge_beyond.py,function,_code_files,_code_files(root: Path) -> List[Path],198,
mugenforge/forge_beyond.py,function,_image_files,_image_files(root: Path) -> List[Path],202,
mugenforge/forge_beyond.py,function,_wav_files,_wav_files(root: Path) -> List[Path],206,
mugenforge/forge_beyond.py,function,_first_int,"_first_int(value: object, default: int=0) -> int",210,
mugenforge/forge_beyond.py,function,_category_for_file,_category_for_file(path: Path) -> str,215,
mugenforge/forge_beyond.py,function,_discover_files,"_discover_files(root: Path) -> Dict[str, Optional[Path]]",236,
mugenforge/forge_beyond.py,function,_commands_from_project,"_commands_from_project(root: Path) -> List[Dict[str, object]]",273,
mugenforge/forge_beyond.py,function,_state_controller_rows,"_state_controller_rows(root: Path) -> Tuple[List[Dict[str, object]], List[Dict[str, object]], List[Dict[str, object]]]",298,
mugenforge/forge_beyond.py,function,import_archive_project,"import_archive_project(archive_path: Path, destination_parent: Path, new_name: Optional[str]=None) -> ForgeBeyondResult",332,
mugenforge/forge_beyond.py,function,run_source_image_editor,run_source_image_editor(spec: ImageEditSpec) -> ForgeBeyondResult,365,
mugenforge/forge_beyond.py,function,write_capability_matrix,write_capability_matrix(root: Path) -> ForgeBeyondResult,417,
mugenforge/forge_beyond.py,function,write_project_organizer_manifest,write_project_organizer_manifest(root: Path) -> ForgeBeyondResult,476,
mugenforge/forge_beyond.py,function,write_codesense_report,write_codesense_report(root: Path) -> ForgeBeyondResult,505,
mugenforge/forge_beyond.py,function,write_asset_deep_audit,write_asset_deep_audit(root: Path) -> ForgeBeyondResult,522,
mugenforge/forge_beyond.py,function,write_unified_project_index,write_unified_project_index(root: Path) -> ForgeBeyondResult,558,
mugenforge/forge_beyond.py,function,export_command_sheet,export_command_sheet(root: Path) -> ForgeBeyondResult,607,
mugenforge/forge_beyond.py,function,_replace_command_block,"_replace_command_block(block: str, row: Dict[str, str]) -> str",617,
mugenforge/forge_beyond.py,function,apply_command_sheet,"apply_command_sheet(root: Path, sheet_path: Path) -> ForgeBeyondResult",632,
mugenforge/forge_beyond.py,function,export_air_batch_sheet,export_air_batch_sheet(root: Path) -> ForgeBeyondResult,682,
mugenforge/forge_beyond.py,function,_intish,"_intish(value: object, default: int) -> int",704,
mugenforge/forge_beyond.py,function,apply_air_batch_sheet,"apply_air_batch_sheet(root: Path, sheet_path: Path) -> ForgeBeyondResult",711,
mugenforge/forge_beyond.py,function,write_state_graph,write_state_graph(root: Path) -> ForgeBeyondResult,758,
mugenforge/forge_beyond.py,function,write_variable_usage_map,write_variable_usage_map(root: Path) -> ForgeBeyondResult,795,
mugenforge/forge_beyond.py,function,write_sprite_sound_cross_reference,write_sprite_sound_cross_reference(root: Path) -> ForgeBeyondResult,814,
mugenforge/forge_beyond.py,function,install_safe_macro_pack,install_safe_macro_pack(root: Path) -> ForgeBeyondResult,861,
mugenforge/forge_beyond.py,function,write_template_plugin_foundation,write_template_plugin_foundation(root: Path) -> ForgeBeyondResult,879,
mugenforge/forge_beyond.py,function,write_stage_authoring_pack,write_stage_authoring_pack(root: Path) -> ForgeBeyondResult,895,
mugenforge/forge_beyond.py,function,write_animation_interpolation_report,write_animation_interpolation_report(root: Path) -> ForgeBeyondResult,959,
mugenforge/forge_beyond.py,function,write_debugger_bridge_pack,write_debugger_bridge_pack(root: Path) -> ForgeBeyondResult,973,
mugenforge/forge_beyond.py,function,write_sound_waveform_board,write_sound_waveform_board(root: Path) -> ForgeBeyondResult,982,
mugenforge/forge_beyond.py,function,build_forge_beyond_release_bundle,build_forge_beyond_release_bundle(root: Path) -> ForgeBeyondResult,993,
mugenforge/forge_beyond.py,function,run_forge_beyond_pass,run_forge_beyond_pass(root: Path) -> ForgeBeyondResult,1009,
mugenforge/forge_beyond.py,function,capability_rows,"capability_rows() -> List[Dict[str, object]]",1060,
mugenforge/forge_beyond.py,function,write_forge_beyond_start_here,write_forge_beyond_start_here(root: Path) -> ForgeBeyondResult,1073,
mugenforge/forge_beyond.py,function,create_beyond_snapshot,"create_beyond_snapshot(root: Path, label: str='manual') -> ForgeBeyondResult",1093,
mugenforge/forge_beyond.py,function,build_forge_beyond_release_zip,build_forge_beyond_release_zip(root: Path) -> ForgeBeyondResult,1103,
mugenforge/forge_flow.py,constant,FORGE_FLOW_VERSION,FORGE_FLOW_VERSION,22,
mugenforge/forge_flow.py,constant,CODE_SUFFIXES,CODE_SUFFIXES,23,
mugenforge/forge_flow.py,constant,TEXT_SUFFIXES,TEXT_SUFFIXES,24,
mugenforge/forge_flow.py,constant,IMAGE_SUFFIXES,IMAGE_SUFFIXES,25,
mugenforge/forge_flow.py,constant,AUDIO_SUFFIXES,AUDIO_SUFFIXES,26,
mugenforge/forge_flow.py,constant,GENERATED_PARTS,GENERATED_PARTS,27,
mugenforge/forge_flow.py,class/dataclass,ForgeFlowResult,ForgeFlowResult,31,
mugenforge/forge_flow.py,method,ForgeFlowResult.merge,"merge(self, other: object, label: Optional[str]=None) -> None",39,
mugenforge/forge_flow.py,method,ForgeFlowResult.add_created,"add_created(self, root: Path, path: Path | str) -> None",46,
mugenforge/forge_flow.py,method,ForgeFlowResult.add_changed,"add_changed(self, root: Path, path: Path | str) -> None",49,
mugenforge/forge_flow.py,method,ForgeFlowResult.to_text,to_text(self) -> str,52,
mugenforge/forge_flow.py,function,_timestamp,_timestamp() -> str,71,
mugenforge/forge_flow.py,function,_uniq,_uniq(values: Iterable[str]) -> List[str],75,
mugenforge/forge_flow.py,function,_safe_name,_safe_name(value: object) -> str,86,
mugenforge/forge_flow.py,function,_rel,"_rel(root: Path, path: Path | str | None) -> str",90,
mugenforge/forge_flow.py,function,_out,"_out(root: Path, *parts) -> Path",99,
mugenforge/forge_flow.py,function,_write_text,"_write_text(root: Path, path: Path, text: str, res: Optional[ForgeFlowResult]=None) -> Path",107,
mugenforge/forge_flow.py,function,_write_json,"_write_json(root: Path, path: Path, payload: object, res: Optional[ForgeFlowResult]=None) -> Path",116,
mugenforge/forge_flow.py,function,_write_csv,"_write_csv(root: Path, path: Path, rows: Sequence[Dict[str, object]], fields: Sequence[str], res: Optional[ForgeFlowResult]=None) -> Path",125,
mugenforge/forge_flow.py,function,_read_csv,"_read_csv(path: Path) -> List[Dict[str, str]]",138,
mugenforge/forge_flow.py,function,_all_files,"_all_files(root: Path, include_generated: bool=True) -> List[Path]",143,
mugenforge/forge_flow.py,function,_code_files,_code_files(root: Path) -> List[Path],161,
mugenforge/forge_flow.py,function,_image_files,"_image_files(root: Path, include_generated: bool=False) -> List[Path]",165,
mugenforge/forge_flow.py,function,_wav_files,"_wav_files(root: Path, include_generated: bool=False) -> List[Path]",169,
mugenforge/forge_flow.py,function,_act_files,_act_files(root: Path) -> List[Path],173,
mugenforge/forge_flow.py,function,_truthy,_truthy(value: object) -> bool,177,
mugenforge/forge_flow.py,function,_int,"_int(value: object, default: int=0) -> int",181,
mugenforge/forge_flow.py,function,_float,"_float(value: object, default: float=0.0) -> float",188,
mugenforge/forge_flow.py,function,_discover_files,"_discover_files(root: Path) -> Dict[str, Optional[Path]]",195,
mugenforge/forge_flow.py,function,_backup_file,"_backup_file(root: Path, path: Path, reason: str) -> Optional[Path]",210,
mugenforge/forge_flow.py,function,_set_text_state,"_set_text_state(text: str, section_re: re.Pattern[str], key: str, value: object) -> str",224,
mugenforge/forge_flow.py,function,_project_stats,"_project_stats(root: Path) -> Dict[str, object]",259,
mugenforge/forge_flow.py,function,write_flow_mode_dashboard,write_flow_mode_dashboard(root: Path) -> ForgeFlowResult,321,
mugenforge/forge_flow.py,function,_anim_elem_from_values,"_anim_elem_from_values(values: Dict[str, str], default: int=1) -> int",397,
mugenforge/forge_flow.py,function,_parent_state_events,"_parent_state_events(root: Path) -> List[Dict[str, object]]",412,
mugenforge/forge_flow.py,function,_sound_pair,"_sound_pair(value: object) -> Tuple[str, str]",449,
mugenforge/forge_flow.py,function,build_move_flow_model,"build_move_flow_model(root: Path, action_number: Optional[int]=None) -> Dict[str, object]",456,
mugenforge/forge_flow.py,function,export_move_flow_sheet,"export_move_flow_sheet(root: Path, action_number: Optional[int]=None) -> ForgeFlowResult",523,
mugenforge/forge_flow.py,function,_format_air_line,"_format_air_line(row: Dict[str, str], old_flags: str='') -> str",540,
mugenforge/forge_flow.py,function,_find_state_targets_for_anim,"_find_state_targets_for_anim(root: Path, anim_no: int) -> List[Tuple[Path, int, int]]",551,
mugenforge/forge_flow.py,function,_insert_playsnd_block,"_insert_playsnd_block(text: str, state_no: int, frame: int, group: int, sound: int, channel: int, marker: str) -> Tuple[str, bool]",564,
mugenforge/forge_flow.py,function,apply_move_flow_sheet,"apply_move_flow_sheet(root: Path, sheet_path: Optional[Path]=None) -> ForgeFlowResult",598,
mugenforge/forge_flow.py,function,write_move_flow_timeline_pack,"write_move_flow_timeline_pack(root: Path, action_number: Optional[int]=None) -> ForgeFlowResult",673,
mugenforge/forge_flow.py,function,_change_state_rows,"_change_state_rows(root: Path) -> List[Dict[str, object]]",758,
mugenforge/forge_flow.py,function,export_state_flow_sheet,export_state_flow_sheet(root: Path) -> ForgeFlowResult,788,
mugenforge/forge_flow.py,function,apply_state_flow_sheet,"apply_state_flow_sheet(root: Path, sheet_path: Optional[Path]=None) -> ForgeFlowResult",818,
mugenforge/forge_flow.py,function,_hex_to_rgb,"_hex_to_rgb(value: str) -> Optional[Tuple[int, int, int]]",882,
mugenforge/forge_flow.py,function,write_palette_studio,"write_palette_studio(root: Path, palette_path: Optional[Path]=None, image_path: Optional[Path]=None) -> ForgeFlowResult",889,
mugenforge/forge_flow.py,function,apply_palette_sheet,"apply_palette_sheet(root: Path, sheet_path: Optional[Path]=None, out_path: Optional[Path]=None) -> ForgeFlowResult",960,
mugenforge/forge_flow.py,function,_stage_candidates,_stage_candidates(root: Path) -> List[Path],994,
mugenforge/forge_flow.py,function,_def_value,"_def_value(sections: Dict[str, object], section: str, key: str, default: str='') -> str",1007,
mugenforge/forge_flow.py,function,write_stage_flow_preview,"write_stage_flow_preview(root: Path, stage_def: Optional[Path]=None, image_path: Optional[Path]=None) -> ForgeFlowResult",1013,
mugenforge/forge_flow.py,function,apply_stage_params_sheet,"apply_stage_params_sheet(root: Path, sheet_path: Optional[Path]=None) -> ForgeFlowResult",1081,
mugenforge/forge_flow.py,function,write_sound_waveform_board,write_sound_waveform_board(root: Path) -> ForgeFlowResult,1129,
mugenforge/forge_flow.py,function,build_forge_flow_bundle,build_forge_flow_bundle(root: Path) -> ForgeFlowResult,1194,
mugenforge/forge_flow.py,function,run_forge_flow_pass,run_forge_flow_pass(root: Path) -> ForgeFlowResult,1209,
mugenforge/forge_polish.py,constant,FORGE_POLISH_VERSION,FORGE_POLISH_VERSION,20,
mugenforge/forge_polish.py,constant,CODE_SUFFIXES,CODE_SUFFIXES,21,
mugenforge/forge_polish.py,constant,IMAGE_SUFFIXES,IMAGE_SUFFIXES,22,
mugenforge/forge_polish.py,constant,TEXT_SUFFIXES,TEXT_SUFFIXES,23,
mugenforge/forge_polish.py,constant,SAFE_TEMPLATE_EXTS,SAFE_TEMPLATE_EXTS,24,
mugenforge/forge_polish.py,constant,BLOCKED_TEMPLATE_EXTS,BLOCKED_TEMPLATE_EXTS,25,
mugenforge/forge_polish.py,constant,SKIP_PARTS,SKIP_PARTS,26,
mugenforge/forge_polish.py,constant,GENERATED_PARTS,GENERATED_PARTS,27,
mugenforge/forge_polish.py,class/dataclass,ForgePolishResult,ForgePolishResult,31,
mugenforge/forge_polish.py,method,ForgePolishResult.merge,"merge(self, other: object, label: Optional[str]=None) -> None",39,
mugenforge/forge_polish.py,method,ForgePolishResult.add_created,"add_created(self, root: Path, path: Path | str) -> None",46,
mugenforge/forge_polish.py,method,ForgePolishResult.add_changed,"add_changed(self, root: Path, path: Path | str) -> None",49,
mugenforge/forge_polish.py,method,ForgePolishResult.to_text,to_text(self) -> str,52,
mugenforge/forge_polish.py,function,_timestamp,_timestamp() -> str,65,
mugenforge/forge_polish.py,function,_uniq,_uniq(values: Iterable[str]) -> List[str],69,
mugenforge/forge_polish.py,function,_safe_name,_safe_name(value: object) -> str,80,
mugenforge/forge_polish.py,function,_rel,"_rel(root: Path, path: Path | str | None) -> str",84,
mugenforge/forge_polish.py,function,_out,"_out(root: Path, *parts) -> Path",93,
mugenforge/forge_polish.py,function,_write_text,"_write_text(root: Path, path: Path, text: str, res: Optional[ForgePolishResult]=None) -> Path",101,
mugenforge/forge_polish.py,function,_write_json,"_write_json(root: Path, path: Path, payload: object, res: Optional[ForgePolishResult]=None) -> Path",110,
mugenforge/forge_polish.py,function,_write_csv,"_write_csv(root: Path, path: Path, rows: Sequence[Dict[str, object]], fields: Sequence[str], res: Optional[ForgePolishResult]=None) -> Path",119,
mugenforge/forge_polish.py,function,_read_csv,"_read_csv(path: Path) -> List[Dict[str, str]]",132,
mugenforge/forge_polish.py,function,_all_files,"_all_files(root: Path, include_generated: bool=True) -> List[Path]",137,
mugenforge/forge_polish.py,function,_code_files,_code_files(root: Path) -> List[Path],148,
mugenforge/forge_polish.py,function,_image_files,"_image_files(root: Path, include_generated: bool=False) -> List[Path]",152,
mugenforge/forge_polish.py,function,_discover_files,"_discover_files(root: Path) -> Dict[str, Optional[Path]]",156,
mugenforge/forge_polish.py,function,_int,"_int(value: object, default: Optional[int]=None) -> Optional[int]",171,
mugenforge/forge_polish.py,function,_truthy,_truthy(value: object) -> bool,178,
mugenforge/forge_polish.py,function,_backup_text_file,"_backup_text_file(root: Path, path: Path, reason: str) -> Optional[Path]",182,
mugenforge/forge_polish.py,function,write_beginner_next_steps_dashboard,write_beginner_next_steps_dashboard(root: Path) -> ForgePolishResult,200,
mugenforge/forge_polish.py,function,_issue,"_issue(severity: str, file: str, row: int, field: str, message: str) -> Dict[str, object]",278,
mugenforge/forge_polish.py,function,_issues_markdown,"_issues_markdown(title: str, issues: Sequence[Dict[str, object]]) -> str",282,
mugenforge/forge_polish.py,function,validate_command_sheet,"validate_command_sheet(root: Path, sheet_path: Optional[Path]=None) -> ForgePolishResult",299,
mugenforge/forge_polish.py,function,validate_air_batch_sheet,"validate_air_batch_sheet(root: Path, sheet_path: Optional[Path]=None) -> ForgePolishResult",347,
mugenforge/forge_polish.py,function,validate_all_edit_sheets,validate_all_edit_sheets(root: Path) -> ForgePolishResult,395,
mugenforge/forge_polish.py,function,_anim_elem,"_anim_elem(values: Dict[str, str]) -> int",407,
mugenforge/forge_polish.py,function,_sound_pair,"_sound_pair(value: object) -> Tuple[str, str]",416,
mugenforge/forge_polish.py,function,export_sound_cue_apply_sheet,export_sound_cue_apply_sheet(root: Path) -> ForgePolishResult,421,
mugenforge/forge_polish.py,function,_insert_playsnd,"_insert_playsnd(text: str, state_no: int, frame: int, group: int, sound: int, channel: int, label: str, marker: str) -> Tuple[str, str]",450,
mugenforge/forge_polish.py,function,apply_sound_cue_sheet,"apply_sound_cue_sheet(root: Path, sheet_path: Optional[Path]=None) -> ForgePolishResult",472,
mugenforge/forge_polish.py,function,_sprite_key_from_name,"_sprite_key_from_name(path: Path, fallback: int) -> Tuple[int, int]",528,
mugenforge/forge_polish.py,function,_sprite_source_lookup,"_sprite_source_lookup(root: Path, result: ForgePolishResult) -> Dict[Tuple[int, int], Path]",537,
mugenforge/forge_polish.py,function,build_sprite_backed_timeline_preview,"build_sprite_backed_timeline_preview(root: Path, action_number: Optional[int]=None, max_actions: int=8) -> ForgePolishResult",560,
mugenforge/forge_polish.py,function,make_state_graph_model,"make_state_graph_model(root: Path, max_nodes: int=120) -> Dict[str, object]",632,
mugenforge/forge_polish.py,function,write_state_graph_canvas_pack,write_state_graph_canvas_pack(root: Path) -> ForgePolishResult,674,
mugenforge/forge_polish.py,function,validate_template_library,"validate_template_library(root: Path, source: Optional[Path]=None) -> ForgePolishResult",698,
mugenforge/forge_polish.py,function,_safe_template_dest,"_safe_template_dest(dest: Path, name: str) -> Optional[Path]",758,
mugenforge/forge_polish.py,function,import_template_pack,"import_template_pack(root: Path, pack_path: Path) -> ForgePolishResult",770,
mugenforge/forge_polish.py,function,_stage_image_candidates,"_stage_image_candidates(root: Path, image_path: Optional[Path]=None) -> List[Path]",822,
mugenforge/forge_polish.py,function,write_stage_source_art_preview,"write_stage_source_art_preview(root: Path, image_path: Optional[Path]=None) -> ForgePolishResult",834,
mugenforge/forge_polish.py,function,build_stage_source_preview,build_stage_source_preview(root: Path) -> ForgePolishResult,874,
mugenforge/forge_polish.py,function,list_backup_rows,"list_backup_rows(root: Path) -> List[Dict[str, object]]",878,
mugenforge/forge_polish.py,function,_guess_restore_target,_guess_restore_target(backup_rel: str) -> str,896,
mugenforge/forge_polish.py,function,write_backup_history,write_backup_history(root: Path) -> ForgePolishResult,912,
mugenforge/forge_polish.py,function,restore_backup_file,"restore_backup_file(root: Path, backup_rel: str | Path, target_rel: Optional[str | Path]=None) -> ForgePolishResult",926,
mugenforge/forge_polish.py,function,build_forge_polish_bundle,build_forge_polish_bundle(root: Path) -> ForgePolishResult,968,
mugenforge/forge_polish.py,function,run_forge_polish_pass,run_forge_polish_pass(root: Path) -> ForgePolishResult,987,
mugenforge/forge_timeline.py,constant,FORGE_TIMELINE_VERSION,FORGE_TIMELINE_VERSION,24,
mugenforge/forge_timeline.py,constant,CODE_SUFFIXES,CODE_SUFFIXES,25,
mugenforge/forge_timeline.py,constant,TEXT_SUFFIXES,TEXT_SUFFIXES,26,
mugenforge/forge_timeline.py,constant,IMAGE_SUFFIXES,IMAGE_SUFFIXES,27,
mugenforge/forge_timeline.py,constant,PALETTE_SUFFIXES,PALETTE_SUFFIXES,28,
mugenforge/forge_timeline.py,constant,SKIP_PARTS,SKIP_PARTS,29,
mugenforge/forge_timeline.py,constant,GENERATED_PARTS,GENERATED_PARTS,30,
mugenforge/forge_timeline.py,class/dataclass,ForgeTimelineResult,ForgeTimelineResult,34,
mugenforge/forge_timeline.py,method,ForgeTimelineResult.merge,"merge(self, other: object, label: Optional[str]=None) -> None",42,
mugenforge/forge_timeline.py,method,ForgeTimelineResult.add_created,"add_created(self, root: Path, path: Path | str) -> None",49,
mugenforge/forge_timeline.py,method,ForgeTimelineResult.add_changed,"add_changed(self, root: Path, path: Path | str) -> None",52,
mugenforge/forge_timeline.py,method,ForgeTimelineResult.add_warning,"add_warning(self, message: str) -> None",55,
mugenforge/forge_timeline.py,method,ForgeTimelineResult.add_note,"add_note(self, message: str) -> None",58,
mugenforge/forge_timeline.py,method,ForgeTimelineResult.to_text,to_text(self) -> str,61,
mugenforge/forge_timeline.py,function,_timestamp,_timestamp() -> str,74,
mugenforge/forge_timeline.py,function,_uniq,_uniq(values: Iterable[str]) -> List[str],78,
mugenforge/forge_timeline.py,function,_safe_name,_safe_name(value: object) -> str,89,
mugenforge/forge_timeline.py,function,_rel,"_rel(root: Path, path: Path | str | None) -> str",93,
mugenforge/forge_timeline.py,function,_out,"_out(root: Path, *parts) -> Path",102,
mugenforge/forge_timeline.py,function,_write_text,"_write_text(root: Path, path: Path, text: str, res: Optional[ForgeTimelineResult]=None) -> Path",110,
mugenforge/forge_timeline.py,function,_write_json,"_write_json(root: Path, path: Path, payload: object, res: Optional[ForgeTimelineResult]=None) -> Path",119,
mugenforge/forge_timeline.py,function,_write_csv,"_write_csv(root: Path, path: Path, rows: Sequence[Dict[str, object]], fields: Sequence[str], res: Optional[ForgeTimelineResult]=None) -> Path",128,
mugenforge/forge_timeline.py,function,_read_csv,"_read_csv(path: Path) -> List[Dict[str, str]]",141,
mugenforge/forge_timeline.py,function,_all_files,"_all_files(root: Path, include_generated: bool=True) -> List[Path]",146,
mugenforge/forge_timeline.py,function,_code_files,_code_files(root: Path) -> List[Path],161,
mugenforge/forge_timeline.py,function,_image_files,"_image_files(root: Path, include_generated: bool=False) -> List[Path]",165,
mugenforge/forge_timeline.py,function,_palette_files,_palette_files(root: Path) -> List[Path],169,
mugenforge/forge_timeline.py,function,_discover_files,"_discover_files(root: Path) -> Dict[str, Optional[Path]]",173,
mugenforge/forge_timeline.py,function,_int,"_int(value: object, default: Optional[int]=None) -> Optional[int]",188,
mugenforge/forge_timeline.py,function,_float,"_float(value: object, default: float=0.0) -> float",195,
mugenforge/forge_timeline.py,function,_truthy,_truthy(value: object) -> bool,202,
mugenforge/forge_timeline.py,function,_backup_text_file,"_backup_text_file(root: Path, path: Path, reason: str) -> Optional[Path]",206,
mugenforge/forge_timeline.py,function,_read_air_actions,_read_air_actions(root: Path),220,
mugenforge/forge_timeline.py,function,_first_int_in,"_first_int_in(value: str, default: Optional[int]=None) -> Optional[int]",228,
mugenforge/forge_timeline.py,function,_parse_int_pair,"_parse_int_pair(value: str) -> Tuple[Optional[int], Optional[int]]",233,
mugenforge/forge_timeline.py,function,_trigger_anim_elem,"_trigger_anim_elem(values: Dict[str, str]) -> Optional[int]",242,
mugenforge/forge_timeline.py,function,_state_records,"_state_records(root: Path) -> List[Dict[str, object]]",256,
mugenforge/forge_timeline.py,function,_code_events,"_code_events(root: Path) -> List[Dict[str, object]]",279,
mugenforge/forge_timeline.py,function,_events_by_anim,"_events_by_anim(events: Sequence[Dict[str, object]]) -> Dict[int, List[Dict[str, object]]]",328,
mugenforge/forge_timeline.py,function,build_integrated_move_timeline_model,"build_integrated_move_timeline_model(root: Path, action_number: Optional[int]=None) -> ForgeTimelineResult",343,"Build a source-analysis timeline model with frame, CLSN, sound, HitDef and controller tracks."
mugenforge/forge_timeline.py,function,_timeline_html,"_timeline_html(payload: Dict[str, object]) -> str",447,
mugenforge/forge_timeline.py,function,_draw_integrated_timeline_png,"_draw_integrated_timeline_png(root: Path, payload: Dict[str, object], out_path: Path) -> Path",482,
mugenforge/forge_timeline.py,function,export_move_timeline_edit_sheet,"export_move_timeline_edit_sheet(root: Path, action_number: Optional[int]=None) -> ForgeTimelineResult",545,
mugenforge/forge_timeline.py,function,_replace_air_frame_lines,"_replace_air_frame_lines(text: str, updates: Dict[Tuple[int, int], Dict[str, object]]) -> Tuple[str, int, List[str]]",587,
mugenforge/forge_timeline.py,function,_find_state_for_anim,"_find_state_for_anim(root: Path, anim_no: int) -> Tuple[Optional[Path], Optional[int]]",615,
mugenforge/forge_timeline.py,function,_insert_controller_into_state,"_insert_controller_into_state(text: str, state_no: int, block: str) -> Tuple[str, str]",640,
mugenforge/forge_timeline.py,function,apply_move_timeline_edit_sheet,"apply_move_timeline_edit_sheet(root: Path, sheet_path: Optional[Path]=None) -> ForgeTimelineResult",668,
mugenforge/forge_timeline.py,function,export_clsn_track_sheet,"export_clsn_track_sheet(root: Path, action_number: Optional[int]=None) -> ForgeTimelineResult",757,
mugenforge/forge_timeline.py,function,apply_clsn_track_sheet,"apply_clsn_track_sheet(root: Path, sheet_path: Optional[Path]=None) -> ForgeTimelineResult",789,
mugenforge/forge_timeline.py,function,export_hitdef_track_sheet,export_hitdef_track_sheet(root: Path) -> ForgeTimelineResult,868,
mugenforge/forge_timeline.py,function,_find_controller_block,"_find_controller_block(lines: List[str], controller_line: int) -> Tuple[int, int]",920,
mugenforge/forge_timeline.py,function,_replace_key_in_block,"_replace_key_in_block(lines: List[str], start: int, end: int, key: str, value: str) -> bool",941,
mugenforge/forge_timeline.py,function,apply_hitdef_track_sheet,"apply_hitdef_track_sheet(root: Path, sheet_path: Optional[Path]=None) -> ForgeTimelineResult",951,
mugenforge/forge_timeline.py,function,build_editable_state_graph,build_editable_state_graph(root: Path) -> ForgeTimelineResult,1015,
mugenforge/forge_timeline.py,function,_layout_state_graph,"_layout_state_graph(nodes: Sequence[Dict[str, object]], edges: Sequence[Dict[str, object]]) -> List[Dict[str, object]]",1111,
mugenforge/forge_timeline.py,function,_state_graph_html,"_state_graph_html(payload: Dict[str, object]) -> str",1139,
mugenforge/forge_timeline.py,function,_draw_state_graph_png,"_draw_state_graph_png(root: Path, payload: Dict[str, object], out_path: Path) -> Path",1156,
mugenforge/forge_timeline.py,function,apply_state_graph_edit_sheet,"apply_state_graph_edit_sheet(root: Path, sheet_path: Optional[Path]=None) -> ForgeTimelineResult",1204,
mugenforge/forge_timeline.py,function,_default_palette,"_default_palette() -> List[Tuple[int, int, int]]",1255,
mugenforge/forge_timeline.py,function,write_palette_studio,"write_palette_studio(root: Path, palette_path: Optional[Path]=None) -> ForgeTimelineResult",1262,
mugenforge/forge_timeline.py,function,_draw_palette_grid,"_draw_palette_grid(root: Path, colors: Sequence[Tuple[int, int, int]], out_path: Path, title: str='Palette') -> Path",1312,
mugenforge/forge_timeline.py,function,_parse_hex,"_parse_hex(value: str) -> Optional[Tuple[int, int, int]]",1342,
mugenforge/forge_timeline.py,function,apply_palette_editor_sheet,"apply_palette_editor_sheet(root: Path, sheet_path: Optional[Path]=None) -> ForgeTimelineResult",1349,
mugenforge/forge_timeline.py,function,_parse_stage_def,"_parse_stage_def(path: Path) -> Dict[str, Dict[str, str]]",1408,
mugenforge/forge_timeline.py,function,_find_stage_def,_find_stage_def(root: Path) -> Optional[Path],1426,
mugenforge/forge_timeline.py,function,_find_stage_image,"_find_stage_image(root: Path, stage_def: Optional[Path], sections: Dict[str, Dict[str, str]]) -> Optional[Path]",1444,
mugenforge/forge_timeline.py,function,write_stage_live_preview,"write_stage_live_preview(root: Path, stage_def_path: Optional[Path]=None, image_path: Optional[Path]=None) -> ForgeTimelineResult",1463,
mugenforge/forge_timeline.py,function,_stage_preview_html,"_stage_preview_html(data: Dict[str, object]) -> str",1500,
mugenforge/forge_timeline.py,function,_draw_stage_preview,"_draw_stage_preview(root: Path, data: Dict[str, object], image_path: Optional[Path], out_path: Path) -> Path",1504,
mugenforge/forge_timeline.py,function,write_forge_timeline_dashboard,write_forge_timeline_dashboard(root: Path) -> ForgeTimelineResult,1559,
mugenforge/forge_timeline.py,function,build_forge_timeline_bundle,build_forge_timeline_bundle(root: Path) -> ForgeTimelineResult,1604,
mugenforge/forge_timeline.py,function,run_forge_timeline_pass,run_forge_timeline_pass(root: Path) -> ForgeTimelineResult,1622,
mugenforge/gap_closer.py,constant,GAP_CLOSER_VERSION,GAP_CLOSER_VERSION,22,
mugenforge/gap_closer.py,constant,CODE_EXTS,CODE_EXTS,23,
mugenforge/gap_closer.py,constant,BINARY_EXTS,BINARY_EXTS,24,
mugenforge/gap_closer.py,constant,EVIDENCE_EXTS,EVIDENCE_EXTS,25,
mugenforge/gap_closer.py,class/dataclass,GapCloserResult,GapCloserResult,29,
mugenforge/gap_closer.py,method,GapCloserResult.add_created,"add_created(self, root: Path, path: Path | str) -> None",36,
mugenforge/gap_closer.py,method,GapCloserResult.add_changed,"add_changed(self, root: Path, path: Path | str) -> None",39,
mugenforge/gap_closer.py,method,GapCloserResult.add_warning,"add_warning(self, msg: object) -> None",42,
mugenforge/gap_closer.py,method,GapCloserResult.add_note,"add_note(self, msg: object) -> None",45,
mugenforge/gap_closer.py,method,GapCloserResult.merge,"merge(self, other: object, label: Optional[str]=None) -> None",48,
mugenforge/gap_closer.py,method,GapCloserResult.to_text,to_text(self) -> str,57,
mugenforge/gap_closer.py,function,_uniq,_uniq(items: Iterable[str]) -> List[str],72,
mugenforge/gap_closer.py,function,_now,_now() -> str,83,
mugenforge/gap_closer.py,function,_rel,"_rel(root: Path, path: Path | str) -> str",87,
mugenforge/gap_closer.py,function,_gap_dir,_gap_dir(root: Path) -> Path,94,
mugenforge/gap_closer.py,function,_write_text,"_write_text(path: Path, text: str, res: Optional[GapCloserResult]=None, root: Optional[Path]=None, changed: bool=False) -> Path",100,
mugenforge/gap_closer.py,function,_write_json,"_write_json(path: Path, payload: object, res: Optional[GapCloserResult]=None, root: Optional[Path]=None, changed: bool=False) -> Path",111,
mugenforge/gap_closer.py,function,_write_csv,"_write_csv(path: Path, rows: Sequence[Dict[str, object]], fields: Sequence[str], res: Optional[GapCloserResult]=None, root: Optional[Path]=None) -> Path",122,
mugenforge/gap_closer.py,function,_read_csv,"_read_csv(path: Path) -> List[Dict[str, str]]",135,
mugenforge/gap_closer.py,function,_backup_file,_backup_file(path: Path) -> Optional[Path],142,
mugenforge/gap_closer.py,function,_sha256,_sha256(path: Path) -> str,152,
mugenforge/gap_closer.py,function,_main_def,_main_def(root: Path) -> Optional[Path],160,
mugenforge/gap_closer.py,function,_project_files,"_project_files(root: Path) -> Dict[str, Optional[Path]]",169,
mugenforge/gap_closer.py,function,_code_files,_code_files(root: Path) -> List[Path],208,
mugenforge/gap_closer.py,function,_char_name,_char_name(root: Path) -> str,217,
mugenforge/gap_closer.py,function,_first_int,"_first_int(value: object, default: int=0) -> int",229,
mugenforge/gap_closer.py,function,_numbers,_numbers(value: object) -> List[float],234,
mugenforge/gap_closer.py,function,write_gap_closer_dashboard,write_gap_closer_dashboard(root: Path) -> GapCloserResult,238,
mugenforge/gap_closer.py,function,_limitation_status,"_limitation_status(root: Path) -> List[Dict[str, str]]",276,
mugenforge/gap_closer.py,function,probe_engine_profile,"probe_engine_profile(root: Path, engine_exe: Optional[Path | str]=None, game_root: Optional[Path | str]=None, timeout_seconds: float=6.0) -> GapCloserResult",321,
mugenforge/gap_closer.py,function,_guess_engine_kind,_guess_engine_kind(name: str) -> str,395,
mugenforge/gap_closer.py,function,_recommended_profile_templates,"_recommended_profile_templates(kind: str) -> List[Dict[str, object]]",406,
mugenforge/gap_closer.py,function,_probe_command,"_probe_command(engine: Path, args: Sequence[str], cwd: Path, timeout_seconds: float) -> Dict[str, object]",418,
mugenforge/gap_closer.py,function,build_source_runtime_model,build_source_runtime_model(root: Path) -> GapCloserResult,435,
mugenforge/gap_closer.py,function,_runtime_risk,"_runtime_risk(st: object, total_ticks: int, active_frames: List[int], hitdefs: Sequence[object], changestates: Sequence[object], has_action: bool) -> str",542,
mugenforge/gap_closer.py,function,_build_static_traces,"_build_static_traces(states: Sequence[Dict[str, object]], controllers: Sequence[Dict[str, object]]) -> List[Dict[str, object]]",558,
mugenforge/gap_closer.py,function,build_engine_scenario_sessions,"build_engine_scenario_sessions(root: Path, dry_run: bool=True, timeout_seconds: float=12.0) -> GapCloserResult",576,
mugenforge/gap_closer.py,function,_scenario_rows,"_scenario_rows(root: Path) -> List[Dict[str, object]]",633,
mugenforge/gap_closer.py,function,_slug,_slug(s: object) -> str,656,
mugenforge/gap_closer.py,function,build_engine_backed_readiness_gate,build_engine_backed_readiness_gate(root: Path) -> GapCloserResult,660,
mugenforge/gap_closer.py,function,_evidence_files,_evidence_files(root: Path) -> List[Path],721,
mugenforge/gap_closer.py,function,build_sff_snd_corpus_lab,"build_sff_snd_corpus_lab(root: Path, corpus_dir: Optional[Path | str]=None, export_supported: bool=False) -> GapCloserResult",733,
mugenforge/gap_closer.py,function,_validate_binary_file,"_validate_binary_file(root: Path, path: Path, base: Path, export_supported: bool=False) -> Dict[str, object]",769,
mugenforge/gap_closer.py,function,write_unknown_binary_triage,write_unknown_binary_triage(root: Path) -> GapCloserResult,806,
mugenforge/gap_closer.py,function,_triage_binary,"_triage_binary(root: Path, path: Path, base: Path) -> Dict[str, object]",828,
mugenforge/gap_closer.py,function,_signature_class,"_signature_class(data: bytes, suffix: str) -> str",862,
mugenforge/gap_closer.py,function,_entropy,_entropy(data: bytes) -> float,876,
mugenforge/gap_closer.py,function,export_binary_commit_sheet,export_binary_commit_sheet(root: Path) -> GapCloserResult,891,
mugenforge/gap_closer.py,function,apply_binary_commit_sheet,"apply_binary_commit_sheet(root: Path, sheet_path: Optional[Path | str]=None) -> GapCloserResult",920,
mugenforge/gap_closer.py,function,export_generated_code_tuning_lab,export_generated_code_tuning_lab(root: Path) -> GapCloserResult,962,
mugenforge/gap_closer.py,function,_recommend_hitdef_tuning,"_recommend_hitdef_tuning(state: int, anim: int, damage: int, values: Dict[str, str]) -> Dict[str, object]",1006,
mugenforge/gap_closer.py,function,apply_generated_code_tuning_sheet,"apply_generated_code_tuning_sheet(root: Path, sheet_path: Optional[Path | str]=None) -> GapCloserResult",1026,
mugenforge/gap_closer.py,function,_apply_hitdef_rows_to_text,"_apply_hitdef_rows_to_text(text: str, rows: Sequence[Dict[str, str]]) -> str",1054,
mugenforge/gap_closer.py,function,build_gap_closer_bundle,build_gap_closer_bundle(root: Path) -> GapCloserResult,1096,
mugenforge/gap_closer.py,function,run_gap_closer_pass,run_gap_closer_pass(root: Path) -> GapCloserResult,1111,
mugenforge/handoff_core.py,constant,HANDOFF_CORE_VERSION,HANDOFF_CORE_VERSION,19,
mugenforge/handoff_core.py,constant,TEXT_EXTS,TEXT_EXTS,20,
mugenforge/handoff_core.py,constant,SKIP_DIRS,SKIP_DIRS,21,
mugenforge/handoff_core.py,class/dataclass,HandoffResult,HandoffResult,25,
mugenforge/handoff_core.py,method,HandoffResult.add_created,"add_created(self, root: Path, path: Path | str) -> None",33,
mugenforge/handoff_core.py,method,HandoffResult.add_changed,"add_changed(self, root: Path, path: Path | str) -> None",36,
mugenforge/handoff_core.py,method,HandoffResult.add_warning,"add_warning(self, message: object) -> None",39,
mugenforge/handoff_core.py,method,HandoffResult.add_note,"add_note(self, message: object) -> None",42,
mugenforge/handoff_core.py,method,HandoffResult.merge,"merge(self, other: object, label: Optional[str]=None) -> None",45,
mugenforge/handoff_core.py,method,HandoffResult.to_text,to_text(self) -> str,53,
mugenforge/handoff_core.py,function,_uniq,_uniq(items: Iterable[str]) -> List[str],75,
mugenforge/handoff_core.py,function,_rel,"_rel(root: Path, path: Path | str) -> str",86,
mugenforge/handoff_core.py,function,_out,"_out(root: Path, *parts) -> Path",93,
mugenforge/handoff_core.py,function,_write,"_write(root: Path, path: Path, text: str, result: Optional[HandoffResult]=None) -> Path",101,
mugenforge/handoff_core.py,function,_write_json,"_write_json(root: Path, path: Path, data: object, result: Optional[HandoffResult]=None) -> Path",113,
mugenforge/handoff_core.py,function,_write_csv,"_write_csv(root: Path, path: Path, rows: Sequence[Dict[str, object]], fields: Sequence[str], result: Optional[HandoffResult]=None) -> Path",117,
mugenforge/handoff_core.py,function,_sha256,_sha256(path: Path) -> str,133,
mugenforge/handoff_core.py,function,_iter_files,_iter_files(root: Path) -> List[Path],141,
mugenforge/handoff_core.py,function,_module_summary,"_module_summary(path: Path) -> Dict[str, object]",154,
mugenforge/handoff_core.py,function,_find_app_title,_find_app_title(root: Path) -> str,195,
mugenforge/handoff_core.py,function,_tab_names,_tab_names(root: Path) -> List[str],203,
mugenforge/handoff_core.py,function,_project_summary,"_project_summary(root: Path) -> Dict[str, object]",211,
mugenforge/handoff_core.py,function,_is_package_root,_is_package_root(root: Path) -> bool,225,
mugenforge/handoff_core.py,function,_package_root_for,_package_root_for(root: Path) -> Path,229,
mugenforge/handoff_core.py,function,collect_package_inventory,"collect_package_inventory(root: Path) -> Dict[str, object]",236,
mugenforge/handoff_core.py,function,write_package_inventory,write_package_inventory(root: Path) -> HandoffResult,266,
mugenforge/handoff_core.py,function,write_context_digest,write_context_digest(root: Path) -> HandoffResult,291,
mugenforge/handoff_core.py,function,_roadmap_rows,"_roadmap_rows() -> List[Dict[str, object]]",329,
mugenforge/handoff_core.py,function,write_roadmap_backlog,write_roadmap_backlog(root: Path) -> HandoffResult,341,
mugenforge/handoff_core.py,function,write_honest_scope_ledger,write_honest_scope_ledger(root: Path) -> HandoffResult,354,
mugenforge/handoff_core.py,function,write_next_chat_prompt,write_next_chat_prompt(root: Path) -> HandoffResult,373,
mugenforge/handoff_core.py,function,write_development_handoff,write_development_handoff(root: Path) -> HandoffResult,413,
mugenforge/handoff_core.py,function,write_regression_harness,write_regression_harness(root: Path) -> HandoffResult,460,
mugenforge/handoff_core.py,function,build_handoff_bundle,build_handoff_bundle(root: Path) -> HandoffResult,537,
mugenforge/handoff_core.py,function,run_handoff_core_pass,run_handoff_core_pass(root: Path) -> HandoffResult,582,
mugenforge/maintenance_core.py,constant,MAINTENANCE_CORE_VERSION,MAINTENANCE_CORE_VERSION,22,
mugenforge/maintenance_core.py,constant,TEXT_EXTS,TEXT_EXTS,23,
mugenforge/maintenance_core.py,constant,DOC_EXTS,DOC_EXTS,24,
mugenforge/maintenance_core.py,constant,SKIP_DIRS,SKIP_DIRS,25,
mugenforge/maintenance_core.py,class/dataclass,MaintenanceResult,MaintenanceResult,29,
mugenforge/maintenance_core.py,method,MaintenanceResult.add_created,"add_created(self, root: Path, path: Path | str) -> None",36,
mugenforge/maintenance_core.py,method,MaintenanceResult.add_changed,"add_changed(self, root: Path, path: Path | str) -> None",39,
mugenforge/maintenance_core.py,method,MaintenanceResult.add_warning,"add_warning(self, message: object) -> None",42,
mugenforge/maintenance_core.py,method,MaintenanceResult.add_note,"add_note(self, message: object) -> None",45,
mugenforge/maintenance_core.py,method,MaintenanceResult.merge,"merge(self, other: 'MaintenanceResult', label: Optional[str]=None) -> None",48,
mugenforge/maintenance_core.py,method,MaintenanceResult.to_text,to_text(self) -> str,57,
mugenforge/maintenance_core.py,function,_unique,_unique(items: Iterable[str]) -> List[str],72,
mugenforge/maintenance_core.py,function,_repo_root,_repo_root() -> Path,83,
mugenforge/maintenance_core.py,function,_package_dir,_package_dir() -> Path,87,
mugenforge/maintenance_core.py,function,_mc_dir,_mc_dir(root: Path) -> Path,91,
mugenforge/maintenance_core.py,function,_rel,"_rel(root: Path, path: Path | str) -> str",97,
mugenforge/maintenance_core.py,function,_write,"_write(path: Path, text: str) -> Path",104,
mugenforge/maintenance_core.py,function,_write_json,"_write_json(path: Path, payload: object) -> Path",110,
mugenforge/maintenance_core.py,function,_write_csv,"_write_csv(path: Path, rows: Sequence[Dict[str, object]], fields: Sequence[str]) -> Path",116,
mugenforge/maintenance_core.py,function,_sha256,_sha256(path: Path) -> str,126,
mugenforge/maintenance_core.py,function,_iter_files,"_iter_files(root: Path, suffixes: Optional[set[str]]=None, max_size: int=5000000) -> Iterable[Path]",134,
mugenforge/maintenance_core.py,function,_module_files,_module_files() -> List[Path],153,
mugenforge/maintenance_core.py,function,_safe_read,_safe_read(path: Path) -> str,157,
mugenforge/maintenance_core.py,function,_parse_ast,_parse_ast(path: Path) -> Optional[ast.Module],167,
mugenforge/maintenance_core.py,function,_callable_signature,_callable_signature(node: ast.AST) -> str,174,
mugenforge/maintenance_core.py,function,_unparse,_unparse(node: ast.AST) -> str,204,
mugenforge/maintenance_core.py,function,_project_stats,"_project_stats(root: Path) -> Dict[str, object]",211,
mugenforge/maintenance_core.py,function,write_maintainer_dashboard,write_maintainer_dashboard(root: Path) -> MaintenanceResult,264,
mugenforge/maintenance_core.py,function,write_module_api_catalog,write_module_api_catalog(root: Path) -> MaintenanceResult,322,
mugenforge/maintenance_core.py,function,write_ui_tab_inventory,write_ui_tab_inventory(root: Path) -> MaintenanceResult,400,
mugenforge/maintenance_core.py,function,write_release_lineage,write_release_lineage(root: Path) -> MaintenanceResult,433,
mugenforge/maintenance_core.py,constant,CLAIM_PATTERNS,CLAIM_PATTERNS,476,
mugenforge/maintenance_core.py,function,write_honesty_claims_audit,write_honesty_claims_audit(root: Path) -> MaintenanceResult,486,
mugenforge/maintenance_core.py,function,write_regression_test_scripts,write_regression_test_scripts(root: Path) -> MaintenanceResult,524,
mugenforge/maintenance_core.py,function,write_maintenance_backlog,write_maintenance_backlog(root: Path) -> MaintenanceResult,640,
mugenforge/maintenance_core.py,function,write_handoff_for_next_chat,write_handoff_for_next_chat(root: Path) -> MaintenanceResult,685,
mugenforge/maintenance_core.py,function,build_maintenance_bundle,build_maintenance_bundle(root: Path) -> MaintenanceResult,793,
mugenforge/maintenance_core.py,function,run_maintenance_core_pass,run_maintenance_core_pass(root: Path) -> MaintenanceResult,819,
mugenforge/move_wizard.py,class/dataclass,MoveWizardSpec,MoveWizardSpec,11,
mugenforge/move_wizard.py,class/dataclass,MoveWizardPackage,MoveWizardPackage,44,
mugenforge/move_wizard.py,function,_safe_int,"_safe_int(value, default: int) -> int",51,
mugenforge/move_wizard.py,function,normalize_spec,normalize_spec(**kwargs) -> MoveWizardSpec,58,
mugenforge/move_wizard.py,function,command_block,command_block(spec: MoveWizardSpec) -> str,79,
mugenforge/move_wizard.py,function,attack_state_block,attack_state_block(spec: MoveWizardSpec) -> str,97,
mugenforge/move_wizard.py,function,projectile_state_block,projectile_state_block(spec: MoveWizardSpec) -> str,143,
mugenforge/move_wizard.py,function,movement_state_block,movement_state_block(spec: MoveWizardSpec) -> str,189,
mugenforge/move_wizard.py,function,air_block,air_block(spec: MoveWizardSpec) -> str,213,
mugenforge/move_wizard.py,function,build_move_package,build_move_package(spec: MoveWizardSpec) -> MoveWizardPackage,229,
mugenforge/move_wizard.py,function,find_def_file,find_def_file(root: Path) -> Optional[Path],258,
mugenforge/move_wizard.py,function,find_character_file,"find_character_file(root: Path, kind: str) -> Optional[Path]",263,"Find a main character file by kind. Supported kinds: def, cmd, cns, air, sff, snd."
mugenforge/move_wizard.py,function,append_block,"append_block(path: Path, block: str, make_backup: bool=True) -> None",297,
mugenforge/move_wizard.py,function,append_move_to_project,"append_move_to_project(root: Path, package: MoveWizardPackage) -> list[str]",306,
mugenforge/no_code_director.py,class,ArchetypeProfile,ArchetypeProfile,26,
mugenforge/no_code_director.py,constant,ARCHETYPE_PROFILES,ARCHETYPE_PROFILES,35,
mugenforge/no_code_director.py,function,archetype_names,archetype_names() -> List[str],87,
mugenforge/no_code_director.py,function,_profile,_profile(name: str | None) -> ArchetypeProfile,91,
mugenforge/no_code_director.py,function,archetype_preview_text,archetype_preview_text(name: str | None) -> str,97,
mugenforge/no_code_director.py,function,_merge,"_merge(target: ApplyResult, source: ApplyResult) -> None",113,
mugenforge/no_code_director.py,function,_write_text_if_changed,"_write_text_if_changed(path: Path, text: str, result: ApplyResult) -> None",120,
mugenforge/no_code_director.py,function,_write_csv,"_write_csv(path: Path, headers: List[str], rows: List[List[str]], result: ApplyResult) -> None",133,
mugenforge/no_code_director.py,function,_dashboard_text,"_dashboard_text(root: Path, profile: ArchetypeProfile) -> str",146,
mugenforge/no_code_director.py,function,_sprite_rows,_sprite_rows(profile: ArchetypeProfile) -> List[List[str]],200,
mugenforge/no_code_director.py,function,_move_rows,_move_rows(profile: ArchetypeProfile) -> List[List[str]],224,
mugenforge/no_code_director.py,function,write_no_code_dashboard,"write_no_code_dashboard(root: Path, archetype_name: str | None=None) -> ApplyResult",235,
mugenforge/no_code_director.py,function,_auto_build_placeholder_sff,"_auto_build_placeholder_sff(root: Path, result: ApplyResult) -> None",284,
mugenforge/no_code_director.py,function,_auto_build_placeholder_snd,"_auto_build_placeholder_snd(root: Path, result: ApplyResult) -> None",303,
mugenforge/no_code_director.py,function,one_click_playable_skeleton,"one_click_playable_skeleton(root: Path, archetype_name: str | None=None) -> ApplyResult",314,Create the most complete beginner project MugenForge can safely generate.
mugenforge/no_code_director.py,function,no_code_director_summary,"no_code_director_summary(root: Path, archetype_name: str | None=None) -> str",363,
mugenforge/no_code_workflow.py,function,write_creator_profile,"write_creator_profile(root: Path, archetype_name: str | None=None) -> Path",17,
mugenforge/no_code_workflow.py,function,build_placeholder_sff_from_air,build_placeholder_sff_from_air(root: Path) -> Path,23,
mugenforge/no_code_workflow.py,function,build_placeholder_snd,build_placeholder_snd(root: Path) -> Path,29,
mugenforge/no_code_workflow.py,function,beginner_doctor_report,beginner_doctor_report(root: Path) -> str,37,
mugenforge/no_code_workflow.py,function,make_playable_prototype,"make_playable_prototype(root: Path, archetype_name: str | None=None)",41,
mugenforge/operator_console.py,constant,OPERATOR_CONSOLE_VERSION,OPERATOR_CONSOLE_VERSION,19,
mugenforge/operator_console.py,constant,TEXT_EXTS,TEXT_EXTS,20,
mugenforge/operator_console.py,constant,BINARY_EXTS,BINARY_EXTS,21,
mugenforge/operator_console.py,constant,SKIP_PARTS,SKIP_PARTS,22,
mugenforge/operator_console.py,class/dataclass,OperatorResult,OperatorResult,26,
mugenforge/operator_console.py,method,OperatorResult.add_created,"add_created(self, root: Path, path: Path | str) -> None",34,
mugenforge/operator_console.py,method,OperatorResult.add_changed,"add_changed(self, root: Path, path: Path | str) -> None",37,
mugenforge/operator_console.py,method,OperatorResult.add_warning,"add_warning(self, message: object) -> None",40,
mugenforge/operator_console.py,method,OperatorResult.add_note,"add_note(self, message: object) -> None",43,
mugenforge/operator_console.py,method,OperatorResult.merge,"merge(self, other: 'OperatorResult', label: Optional[str]=None) -> None",46,
mugenforge/operator_console.py,method,OperatorResult.to_text,to_text(self) -> str,56,
mugenforge/operator_console.py,function,_uniq,_uniq(items: Iterable[str]) -> List[str],74,
mugenforge/operator_console.py,function,_rel,"_rel(root: Path, path: Path | str) -> str",85,
mugenforge/operator_console.py,function,_now,_now() -> str,92,
mugenforge/operator_console.py,function,_console_dir,_console_dir(root: Path) -> Path,96,
mugenforge/operator_console.py,function,_write,"_write(root: Path, path: Path, text: str, result: Optional[OperatorResult]=None, changed: bool=False) -> Path",102,
mugenforge/operator_console.py,function,_write_json,"_write_json(root: Path, path: Path, data: object, result: Optional[OperatorResult]=None) -> Path",114,
mugenforge/operator_console.py,function,_write_csv,"_write_csv(root: Path, path: Path, rows: Sequence[Dict[str, object]], fields: Sequence[str], result: Optional[OperatorResult]=None) -> Path",126,
mugenforge/operator_console.py,function,_file_sha256,"_file_sha256(path: Path, max_bytes: Optional[int]=None) -> str",142,
mugenforge/operator_console.py,function,_all_project_files,_all_project_files(root: Path) -> List[Path],159,
mugenforge/operator_console.py,function,_safe_read,_safe_read(path: Path) -> str,171,
mugenforge/operator_console.py,function,_discover_main_files,"_discover_main_files(root: Path) -> Dict[str, Optional[Path]]",178,
mugenforge/operator_console.py,function,_project_counts,"_project_counts(root: Path) -> Dict[str, int]",196,
mugenforge/operator_console.py,function,_code_files,_code_files(root: Path) -> List[Path],204,
mugenforge/operator_console.py,function,_text_files,_text_files(root: Path) -> List[Path],208,
mugenforge/operator_console.py,function,_existing_report_dirs,"_existing_report_dirs(root: Path) -> Dict[str, Dict[str, object]]",212,
mugenforge/operator_console.py,function,inspect_project_state,"inspect_project_state(root: Path) -> Dict[str, object]",234,Build a concise project state model for handoff and operator dashboards.
mugenforge/operator_console.py,function,_phase_status,"_phase_status(state: Dict[str, object]) -> List[Dict[str, object]]",380,
mugenforge/operator_console.py,function,_markdown_table,"_markdown_table(rows: Sequence[Dict[str, object]], fields: Sequence[str]) -> List[str]",419,
mugenforge/operator_console.py,function,write_operator_dashboard,write_operator_dashboard(root: Path) -> OperatorResult,432,
mugenforge/operator_console.py,function,write_next_chat_handoff,write_next_chat_handoff(root: Path) -> OperatorResult,491,
mugenforge/operator_console.py,function,write_operator_roadmap,write_operator_roadmap(root: Path) -> OperatorResult,550,
mugenforge/operator_console.py,function,write_decision_log_template,write_decision_log_template(root: Path) -> OperatorResult,588,
mugenforge/operator_console.py,function,build_operator_context_bundle,build_operator_context_bundle(root: Path) -> OperatorResult,617,
mugenforge/operator_console.py,function,write_release_readiness_packet,write_release_readiness_packet(root: Path) -> OperatorResult,695,
mugenforge/operator_console.py,function,run_operator_console_pass,run_operator_console_pass(root: Path) -> OperatorResult,744,
mugenforge/palette_tools.py,class/dataclass,PaletteInfo,PaletteInfo,11,
mugenforge/palette_tools.py,function,_clamp,_clamp(v: int) -> int,17,
mugenforge/palette_tools.py,function,read_act,read_act(path: Path) -> PaletteInfo,21,
mugenforge/palette_tools.py,function,write_act,"write_act(path: Path, colors: Iterable[Color]) -> None",33,
mugenforge/palette_tools.py,function,palette_to_json_text,palette_to_json_text(info: PaletteInfo) -> str,43,
mugenforge/palette_tools.py,function,write_palette_json,"write_palette_json(info: PaletteInfo, out_path: Path) -> None",56,
mugenforge/palette_tools.py,function,build_act_from_image,"build_act_from_image(image_path: Path, out_path: Path, max_colors: int=256) -> PaletteInfo",60,
mugenforge/palette_tools.py,function,remap_palette_order,"remap_palette_order(colors: List[Color], transparent_index: int=0) -> List[Color]",80,
mugenforge/parsers.py,constant,TEXT_EXTS,TEXT_EXTS,9,
mugenforge/parsers.py,constant,IMAGE_EXTS,IMAGE_EXTS,10,
mugenforge/parsers.py,constant,CHAR_REQUIRED_EXTS,CHAR_REQUIRED_EXTS,11,
mugenforge/parsers.py,constant,COMMON_ANIMS,COMMON_ANIMS,13,
mugenforge/parsers.py,class/dataclass,DefSection,DefSection,24,
mugenforge/parsers.py,class/dataclass,AirClsnBox,AirClsnBox,30,
mugenforge/parsers.py,class/dataclass,AirFrame,AirFrame,38,
mugenforge/parsers.py,class/dataclass,AirAction,AirAction,48,
mugenforge/parsers.py,class/dataclass,CmdCommand,CmdCommand,55,
mugenforge/parsers.py,class/dataclass,StateController,StateController,63,
mugenforge/parsers.py,class/dataclass,StateDef,StateDef,70,
mugenforge/parsers.py,class/dataclass,CodeScan,CodeScan,77,
mugenforge/parsers.py,class/dataclass,ProjectAudit,ProjectAudit,84,
mugenforge/parsers.py,function,read_text_safely,read_text_safely(path: Path) -> str,97,
mugenforge/parsers.py,function,write_text_safely,"write_text_safely(path: Path, text: str) -> None",106,
mugenforge/parsers.py,function,strip_inline_comment,strip_inline_comment(value: str) -> str,110,
mugenforge/parsers.py,function,parse_def,"parse_def(text: str) -> Dict[str, DefSection]",116,
mugenforge/parsers.py,function,parse_air,parse_air(text: str) -> List[AirAction],136,
mugenforge/parsers.py,function,parse_code,parse_code(text: str) -> CodeScan,168,
mugenforge/parsers.py,function,referenced_files_from_def,"referenced_files_from_def(def_path: Path, sections: Dict[str, DefSection]) -> Dict[str, str]",249,
mugenforge/parsers.py,function,resolve_reference,"resolve_reference(base: Path, ref: str) -> Path",261,
mugenforge/parsers.py,function,scan_project,scan_project(root: Path) -> ProjectAudit,266,
mugenforge/parsers.py,function,summarize_sff,summarize_sff(path: Path) -> str,339,
mugenforge/parsers.py,function,summarize_snd,summarize_snd(path: Path) -> str,351,
mugenforge/parsers.py,function,summarize_act,summarize_act(path: Path) -> str,365,
mugenforge/parsers.py,function,summarize_binary,summarize_binary(path: Path) -> str,379,
mugenforge/parsers.py,function,make_new_character,"make_new_character(root: Path, name: str) -> Path",390,
mugenforge/polish_lab.py,constant,POLISH_LAB_VERSION,POLISH_LAB_VERSION,42,
mugenforge/polish_lab.py,function,run_polish_pass,run_polish_pass(root: Path) -> ForgePolishResult,46,
mugenforge/polish_lab.py,function,preview_command_sheet_apply,"preview_command_sheet_apply(root: Path, sheet_path: Optional[Path]=None) -> ForgePolishResult",53,
mugenforge/polish_lab.py,function,preview_air_batch_sheet_apply,"preview_air_batch_sheet_apply(root: Path, sheet_path: Optional[Path]=None) -> ForgePolishResult",57,
mugenforge/polish_lab.py,function,export_sound_cue_sheet,export_sound_cue_sheet(root: Path) -> ForgePolishResult,61,
mugenforge/polish_lab.py,function,preview_sound_cue_sheet_apply,"preview_sound_cue_sheet_apply(root: Path, sheet_path: Optional[Path]=None) -> ForgePolishResult",65,
mugenforge/polish_lab.py,function,validate_sound_cue_sheet,"validate_sound_cue_sheet(root: Path, sheet_path: Optional[Path]=None) -> ForgePolishResult",77,
mugenforge/polish_lab.py,function,write_sprite_timeline_preview,"write_sprite_timeline_preview(root: Path, action_number: Optional[int]=None) -> ForgePolishResult",81,
mugenforge/polish_lab.py,function,write_state_graph_canvas_model,write_state_graph_canvas_model(root: Path) -> ForgePolishResult,85,
mugenforge/polish_lab.py,function,validate_template_pack,"validate_template_pack(root: Path, source: Optional[Path]=None) -> ForgePolishResult",89,
mugenforge/polish_lab.py,function,write_stage_source_preview,write_stage_source_preview(root: Path) -> ForgePolishResult,93,
mugenforge/polish_lab.py,function,write_backup_browser,write_backup_browser(root: Path) -> ForgePolishResult,97,
mugenforge/polish_lab.py,function,write_beginner_dashboard_v41,write_beginner_dashboard_v41(root: Path) -> ForgePolishResult,101,
mugenforge/polish_lab.py,function,build_polish_reports_bundle,build_polish_reports_bundle(root: Path) -> ForgePolishResult,105,
mugenforge/quality_lab.py,constant,TEXT_EXTS,TEXT_EXTS,20,
mugenforge/quality_lab.py,constant,IMAGE_EXTS,IMAGE_EXTS,21,
mugenforge/quality_lab.py,class/dataclass,QualityLabResult,QualityLabResult,25,
mugenforge/quality_lab.py,method,QualityLabResult.add_created,"add_created(self, path: Path | str) -> None",32,
mugenforge/quality_lab.py,method,QualityLabResult.add_changed,"add_changed(self, path: Path | str) -> None",35,
mugenforge/quality_lab.py,method,QualityLabResult.add_warning,"add_warning(self, msg: str) -> None",38,
mugenforge/quality_lab.py,method,QualityLabResult.merge,"merge(self, other: 'QualityLabResult', label: Optional[str]=None) -> None",41,
mugenforge/quality_lab.py,method,QualityLabResult.to_text,to_text(self) -> str,50,
mugenforge/quality_lab.py,function,_uniq,_uniq(items: Iterable[str]) -> List[str],65,
mugenforge/quality_lab.py,function,_safe_stem,_safe_stem(name: str) -> str,76,
mugenforge/quality_lab.py,function,_rel,"_rel(root: Path, path: Path | str) -> str",80,
mugenforge/quality_lab.py,function,_ql_dir,_ql_dir(root: Path) -> Path,87,
mugenforge/quality_lab.py,function,_write,"_write(path: Path, text: str) -> Path",93,
mugenforge/quality_lab.py,function,_code_files,_code_files(root: Path) -> List[Path],99,
mugenforge/quality_lab.py,function,_read_code,"_read_code(root: Path) -> Dict[str, str]",106,
mugenforge/quality_lab.py,function,_parse_numeric_pair,"_parse_numeric_pair(value: str) -> Tuple[float, float]",116,
mugenforge/quality_lab.py,function,_first_int,"_first_int(value: str, default: int=0) -> int",125,
mugenforge/quality_lab.py,function,_command_defs_and_uses,"_command_defs_and_uses(texts: Dict[str, str]) -> Tuple[Dict[str, List[str]], Dict[str, List[str]]]",130,
mugenforge/quality_lab.py,function,_state_defs_targets_and_anims,"_state_defs_targets_and_anims(texts: Dict[str, str]) -> Tuple[Dict[int, List[str]], Dict[int, List[str]], Dict[int, List[str]]]",146,
mugenforge/quality_lab.py,function,_hitdef_rows,"_hitdef_rows(texts: Dict[str, str]) -> List[Dict[str, object]]",169,
mugenforge/quality_lab.py,function,_playsnd_refs,"_playsnd_refs(texts: Dict[str, str]) -> List[Dict[str, object]]",195,
mugenforge/quality_lab.py,function,_def_file_references,"_def_file_references(root: Path) -> Tuple[Dict[str, str], List[str]]",213,
mugenforge/quality_lab.py,function,build_reference_matrix,"build_reference_matrix(root: Path) -> Dict[str, object]",233,
mugenforge/quality_lab.py,function,_matrix_score,"_matrix_score(matrix: Dict[str, object]) -> Tuple[int, List[str]]",341,
mugenforge/quality_lab.py,function,write_advanced_audit,write_advanced_audit(root: Path) -> QualityLabResult,367,
mugenforge/quality_lab.py,function,write_searchable_html_index,write_searchable_html_index(root: Path) -> QualityLabResult,414,
mugenforge/quality_lab.py,function,write_move_cards,write_move_cards(root: Path) -> QualityLabResult,480,
mugenforge/quality_lab.py,function,_decode_sprite_image,"_decode_sprite_image(sff_path: Path, sprite) -> Optional[Tuple[object, int, int]]",526,
mugenforge/quality_lab.py,function,_alpha_bbox,"_alpha_bbox(img) -> Optional[Tuple[int, int, int, int]]",541,
mugenforge/quality_lab.py,function,build_alpha_clsn_suggestions,"build_alpha_clsn_suggestions(root: Path, padding: int=2) -> QualityLabResult",565,
mugenforge/quality_lab.py,function,write_alpha_clsn_air_copy,"write_alpha_clsn_air_copy(root: Path, padding: int=2) -> QualityLabResult",622,
mugenforge/quality_lab.py,function,write_animation_timing_sheet,write_animation_timing_sheet(root: Path) -> QualityLabResult,634,
mugenforge/quality_lab.py,function,create_asset_swap_pack,create_asset_swap_pack(root: Path) -> QualityLabResult,668,
mugenforge/quality_lab.py,function,create_backup_restore_bundle,create_backup_restore_bundle(root: Path) -> QualityLabResult,732,
mugenforge/quality_lab.py,function,write_beginner_fix_plan,write_beginner_fix_plan(root: Path) -> QualityLabResult,755,
mugenforge/quality_lab.py,function,run_quality_lab_pass,run_quality_lab_pass(root: Path) -> QualityLabResult,790,
mugenforge/rescue_lab.py,constant,RESCUE_LAB_VERSION,RESCUE_LAB_VERSION,14,
mugenforge/rescue_lab.py,constant,IMAGE_EXTS,IMAGE_EXTS,16,
mugenforge/rescue_lab.py,constant,BINARY_EXTS,BINARY_EXTS,17,
mugenforge/rescue_lab.py,class/dataclass,RescueAsset,RescueAsset,21,
mugenforge/rescue_lab.py,class/dataclass,RescueResult,RescueResult,31,
mugenforge/rescue_lab.py,method,RescueResult.merge,"merge(self, other: object, prefix: str='') -> None",39,
mugenforge/rescue_lab.py,method,RescueResult.to_text,to_text(self) -> str,45,
mugenforge/rescue_lab.py,function,_rel,"_rel(root: Path, path: Path | str | None) -> str",63,
mugenforge/rescue_lab.py,function,_now,_now() -> str,72,
mugenforge/rescue_lab.py,function,_discover_main_files,"_discover_main_files(root: Path) -> Dict[str, Optional[Path]]",76,
mugenforge/rescue_lab.py,function,_write_json,"_write_json(path: Path, payload: object) -> None",95,
mugenforge/rescue_lab.py,function,_write_text,"_write_text(path: Path, text: str) -> None",100,
mugenforge/rescue_lab.py,function,_find_pngs,"_find_pngs(data: bytes) -> Iterable[Tuple[int, int, bytes, str]]",105,
mugenforge/rescue_lab.py,function,_find_wavs,"_find_wavs(data: bytes) -> Iterable[Tuple[int, int, bytes, str]]",123,
mugenforge/rescue_lab.py,function,_pcx_candidate_offsets,_pcx_candidate_offsets(data: bytes) -> List[int],138,
mugenforge/rescue_lab.py,function,_find_pcxs,"_find_pcxs(data: bytes) -> Iterable[Tuple[int, int, bytes, str]]",144,
mugenforge/rescue_lab.py,function,scan_binary_for_embedded_assets,"scan_binary_for_embedded_assets(binary_path: Path, out_dir: Path) -> List[RescueAsset]",162,
mugenforge/rescue_lab.py,function,scan_project_embedded_assets,scan_project_embedded_assets(root: Path) -> RescueResult,187,
mugenforge/rescue_lab.py,function,_load_embedded_manifest,"_load_embedded_manifest(root: Path) -> List[Dict[str, object]]",224,
mugenforge/rescue_lab.py,function,_air_unique_sprite_refs,"_air_unique_sprite_refs(root: Path) -> List[Tuple[int, int]]",235,
mugenforge/rescue_lab.py,function,build_recovery_manifest_from_air,build_recovery_manifest_from_air(root: Path) -> RescueResult,251,
mugenforge/rescue_lab.py,function,build_recovered_sff_v1,"build_recovered_sff_v1(root: Path, out_name: str='recovered_from_rescue.sff') -> RescueResult",301,
mugenforge/rescue_lab.py,function,create_rescue_contact_sheet,"create_rescue_contact_sheet(root: Path, max_images: int=160) -> RescueResult",323,
mugenforge/rescue_lab.py,function,write_beginner_rescue_plan,write_beginner_rescue_plan(root: Path) -> RescueResult,367,
mugenforge/rescue_lab.py,function,run_rescue_lab_pass,run_rescue_lab_pass(root: Path) -> RescueResult,410,
mugenforge/runtime_lab.py,constant,RUNTIME_LAB_VERSION,RUNTIME_LAB_VERSION,18,
mugenforge/runtime_lab.py,constant,TEXT_CODE_EXTS,TEXT_CODE_EXTS,19,
mugenforge/runtime_lab.py,constant,EVIDENCE_EXTS,EVIDENCE_EXTS,20,
mugenforge/runtime_lab.py,constant,LOG_PATTERNS,LOG_PATTERNS,21,
mugenforge/runtime_lab.py,class/dataclass,RuntimeLabResult,RuntimeLabResult,30,
mugenforge/runtime_lab.py,method,RuntimeLabResult.add_created,"add_created(self, root: Path, path: Path | str) -> None",37,
mugenforge/runtime_lab.py,method,RuntimeLabResult.add_changed,"add_changed(self, root: Path, path: Path | str) -> None",40,
mugenforge/runtime_lab.py,method,RuntimeLabResult.add_warning,"add_warning(self, msg: object) -> None",43,
mugenforge/runtime_lab.py,method,RuntimeLabResult.add_note,"add_note(self, msg: object) -> None",46,
mugenforge/runtime_lab.py,method,RuntimeLabResult.merge,"merge(self, other: 'RuntimeLabResult', label: Optional[str]=None) -> None",49,
mugenforge/runtime_lab.py,method,RuntimeLabResult.to_text,to_text(self) -> str,58,
mugenforge/runtime_lab.py,function,_uniq,_uniq(items: Iterable[str]) -> List[str],73,
mugenforge/runtime_lab.py,function,_rel,"_rel(root: Path, path: Path | str) -> str",84,
mugenforge/runtime_lab.py,function,_runtime_dir,_runtime_dir(root: Path) -> Path,91,
mugenforge/runtime_lab.py,function,_write,"_write(root: Path, path: Path, text: str, result: Optional[RuntimeLabResult]=None, changed: bool=False) -> Path",97,
mugenforge/runtime_lab.py,function,_write_json,"_write_json(root: Path, path: Path, payload: object, result: Optional[RuntimeLabResult]=None, changed: bool=False) -> Path",108,
mugenforge/runtime_lab.py,function,_timestamp,_timestamp() -> str,112,
mugenforge/runtime_lab.py,function,_backup_text,_backup_text(path: Path) -> Optional[Path],116,
mugenforge/runtime_lab.py,function,_code_files,_code_files(root: Path) -> List[Path],127,
mugenforge/runtime_lab.py,function,_main_def,_main_def(root: Path) -> Optional[Path],136,
mugenforge/runtime_lab.py,function,_char_name,_char_name(root: Path) -> str,144,
mugenforge/runtime_lab.py,function,_discover_files,"_discover_files(root: Path) -> Dict[str, Optional[Path]]",159,
mugenforge/runtime_lab.py,function,_read_runtime_config,"_read_runtime_config(root: Path) -> Dict[str, object]",196,
mugenforge/runtime_lab.py,function,_default_config,"_default_config(root: Path) -> Dict[str, object]",206,
mugenforge/runtime_lab.py,function,_csv_write,"_csv_write(path: Path, rows: Sequence[Dict[str, object]], fields: Sequence[str]) -> None",227,
mugenforge/runtime_lab.py,function,_csv_read,"_csv_read(path: Path) -> List[Dict[str, str]]",236,
mugenforge/runtime_lab.py,function,_commands,"_commands(root: Path) -> List[Dict[str, object]]",243,
mugenforge/runtime_lab.py,function,_states,"_states(root: Path) -> List[Dict[str, object]]",257,
mugenforge/runtime_lab.py,function,_hitdefs,"_hitdefs(root: Path) -> List[Dict[str, object]]",269,
mugenforge/runtime_lab.py,function,write_runtime_config_template,write_runtime_config_template(root: Path) -> RuntimeLabResult,288,
mugenforge/runtime_lab.py,function,export_runtime_launch_profiles,export_runtime_launch_profiles(root: Path) -> RuntimeLabResult,307,
mugenforge/runtime_lab.py,function,_shell_quote,_shell_quote(value: object) -> str,327,
mugenforge/runtime_lab.py,function,_bat_quote,_bat_quote(value: object) -> str,332,
mugenforge/runtime_lab.py,function,build_runtime_launch_scripts,build_runtime_launch_scripts(root: Path) -> RuntimeLabResult,337,
mugenforge/runtime_lab.py,function,install_runtime_debug_overlay,install_runtime_debug_overlay(root: Path) -> RuntimeLabResult,424,
mugenforge/runtime_lab.py,function,write_runtime_test_plan,write_runtime_test_plan(root: Path) -> RuntimeLabResult,467,
mugenforge/runtime_lab.py,function,_candidate_log_paths,_candidate_log_paths(root: Path) -> List[Path],515,
mugenforge/runtime_lab.py,function,parse_runtime_logs,parse_runtime_logs(root: Path) -> RuntimeLabResult,543,
mugenforge/runtime_lab.py,function,_sha256,_sha256(path: Path) -> str,600,
mugenforge/runtime_lab.py,function,build_runtime_evidence_index,build_runtime_evidence_index(root: Path) -> RuntimeLabResult,608,
mugenforge/runtime_lab.py,function,write_runtime_regression_checklist,write_runtime_regression_checklist(root: Path) -> RuntimeLabResult,636,
mugenforge/runtime_lab.py,function,write_runtime_readiness_report,write_runtime_readiness_report(root: Path) -> RuntimeLabResult,679,
mugenforge/runtime_lab.py,function,build_runtime_lab_bundle,build_runtime_lab_bundle(root: Path) -> RuntimeLabResult,772,
mugenforge/runtime_lab.py,function,run_runtime_lab_pass,run_runtime_lab_pass(root: Path) -> RuntimeLabResult,794,
mugenforge/runtime_lab.py,function,write_runtime_lab_dashboard,write_runtime_lab_dashboard(root: Path) -> RuntimeLabResult,838,
mugenforge/runtime_lab.py,function,write_engine_launch_profile,"write_engine_launch_profile(root: Path, engine_path: str | Path | None=None, **_kwargs) -> RuntimeLabResult",871,
mugenforge/runtime_lab.py,function,write_runtime_scenario_matrix,write_runtime_scenario_matrix(root: Path) -> RuntimeLabResult,888,
mugenforge/runtime_lab.py,function,write_runtime_telemetry_pack,write_runtime_telemetry_pack(root: Path) -> RuntimeLabResult,892,
mugenforge/runtime_lab.py,function,install_runtime_telemetry_helpers,install_runtime_telemetry_helpers(root: Path) -> RuntimeLabResult,925,
mugenforge/runtime_lab.py,function,launch_engine_capture,"launch_engine_capture(root: Path, engine_path: str | Path | None=None, timeout_seconds: Optional[int]=None, extra_args: Optional[Sequence[str]]=None) -> RuntimeLabResult",929,
mugenforge/runtime_lab.py,function,write_runtime_evidence_report,write_runtime_evidence_report(root: Path) -> RuntimeLabResult,968,
mugenforge/runtime_lab.py,function,write_runtime_config,write_runtime_config(root: Path) -> RuntimeLabResult,976,
mugenforge/runtime_lab.py,function,write_runtime_engine_profile,"write_runtime_engine_profile(root: Path, engine_exe: str | Path | None=None, game_root: str | Path | None=None, default_stage: str='stages/training.def', **_kwargs) -> RuntimeLabResult",981,
mugenforge/runtime_lab.py,function,runtime_smoke_launch,"runtime_smoke_launch(root: Path, timeout_seconds: float | int=0, dry_run: bool=True, **_kwargs) -> RuntimeLabResult",998,
mugenforge/runtime_lab.py,function,ingest_runtime_logs,"ingest_runtime_logs(root: Path, folder: Path | None=None, **_kwargs) -> RuntimeLabResult",1003,
mugenforge/runtime_runner.py,function,main,main(argv: list[str] | None=None) -> int,10,
mugenforge/sff2_bridge.py,constant,IMAGE_EXTS,IMAGE_EXTS,14,
mugenforge/sff2_bridge.py,class/dataclass,BridgeResult,BridgeResult,17,
mugenforge/sff2_bridge.py,method,BridgeResult.merge,"merge(self, other: object, prefix: str='') -> None",25,
mugenforge/sff2_bridge.py,method,BridgeResult.to_text,to_text(self) -> str,31,
mugenforge/sff2_bridge.py,function,_rel,"_rel(root: Path, p: Path | str) -> str",49,
mugenforge/sff2_bridge.py,function,_write_text,"_write_text(path: Path, text: str, res: Optional[BridgeResult]=None, root: Optional[Path]=None, changed: bool=False) -> Path",56,
mugenforge/sff2_bridge.py,function,_image_files,_image_files(folder: Path) -> List[Path],66,
mugenforge/sff2_bridge.py,function,parse_group_image_from_name,"parse_group_image_from_name(path: Path, fallback_index: int=0) -> Tuple[int, int]",71,
mugenforge/sff2_bridge.py,function,_image_size,"_image_size(path: Path) -> Tuple[int, int]",86,
mugenforge/sff2_bridge.py,function,_axis_for,"_axis_for(path: Path, mode: str, explicit_x: Optional[int]=None, explicit_y: Optional[int]=None) -> Tuple[int, int]",95,
mugenforge/sff2_bridge.py,function,scan_image_folder_for_sprmake,"scan_image_folder_for_sprmake(folder: Path, axis_mode: str='feet') -> List[dict]",109,
mugenforge/sff2_bridge.py,function,_copy_images,"_copy_images(records: Iterable[dict], source_root: Path, dest_dir: Path, res: BridgeResult, project_root: Path) -> List[dict]",130,
mugenforge/sff2_bridge.py,function,write_sprmake2_def,"write_sprmake2_def(def_path: Path, records: List[dict], output_sff: str, input_dir: str='sprites', compress8: str='rle8', compress5: str='lz5', compress24: str='none', usepal: str='-1', autocrop: bool=True) -> Path",152,
mugenforge/sff2_bridge.py,function,write_sprmake2_bridge_project,"write_sprmake2_bridge_project(project_root: Path, image_folder: Path, output_sff_name: str='', def_name: str='mugenforge_sff2_sprmake.def', compress8: str='rle8', usepal: str='-1', autocrop: bool=True, axis_mode: str='feet') -> BridgeResult",187,
mugenforge/sff2_bridge.py,function,run_sprmake2,"run_sprmake2(project_root: Path, sprmake2_exe: Path, def_path: Optional[Path]=None, output_sff_name: str='') -> BridgeResult",230,
mugenforge/sff2_bridge.py,function,export_current_sff1_to_sff2_source,"export_current_sff1_to_sff2_source(project_root: Path, sff_path: Path, axis_mode: str='feet') -> BridgeResult",255,
mugenforge/sff2_bridge.py,function,inspect_sprmake2_def,inspect_sprmake2_def(def_path: Path) -> str,295,
mugenforge/sff2_bridge.py,function,create_sff2_source_pack_zip,"create_sff2_source_pack_zip(project_root: Path, zip_path: Optional[Path]=None) -> BridgeResult",342,
mugenforge/sff2_bridge.py,function,write_sff2_bridge_guide,write_sff2_bridge_guide(project_root: Path) -> BridgeResult,359,
mugenforge/sff2_codec.py,constant,SFF_SIGNATURE,SFF_SIGNATURE,12,
mugenforge/sff2_codec.py,constant,SFF2_VERSION_BYTES,SFF2_VERSION_BYTES,13,
mugenforge/sff2_codec.py,constant,SFF21_VERSION_BYTES,SFF21_VERSION_BYTES,14,
mugenforge/sff2_codec.py,constant,SFF2_SPRITE_RECORD_SIZE,SFF2_SPRITE_RECORD_SIZE,15,
mugenforge/sff2_codec.py,constant,SFF2_PALETTE_RECORD_SIZE,SFF2_PALETTE_RECORD_SIZE,16,
mugenforge/sff2_codec.py,constant,SFF2_HEADER_SIZE,SFF2_HEADER_SIZE,17,
mugenforge/sff2_codec.py,constant,FORMAT_NAMES,FORMAT_NAMES,19,
mugenforge/sff2_codec.py,class,Sff2Error,Sff2Error,31,
mugenforge/sff2_codec.py,class/dataclass,Sff2PaletteRecord,Sff2PaletteRecord,36,
mugenforge/sff2_codec.py,method,Sff2PaletteRecord.is_linked,is_linked(self) -> bool,48,
mugenforge/sff2_codec.py,method,Sff2PaletteRecord.to_dict,"to_dict(self) -> Dict[str, object]",51,
mugenforge/sff2_codec.py,class/dataclass,Sff2SpriteRecord,Sff2SpriteRecord,67,
mugenforge/sff2_codec.py,method,Sff2SpriteRecord.key,"key(self) -> Tuple[int, int]",88,
mugenforge/sff2_codec.py,method,Sff2SpriteRecord.format_name,format_name(self) -> str,92,
mugenforge/sff2_codec.py,method,Sff2SpriteRecord.is_linked,is_linked(self) -> bool,96,
mugenforge/sff2_codec.py,method,Sff2SpriteRecord.can_decode_confidently,can_decode_confidently(self) -> bool,100,
mugenforge/sff2_codec.py,method,Sff2SpriteRecord.can_try_decode,can_try_decode(self) -> bool,104,
mugenforge/sff2_codec.py,method,Sff2SpriteRecord.to_dict,"to_dict(self) -> Dict[str, object]",107,
mugenforge/sff2_codec.py,class/dataclass,Sff2Info,Sff2Info,135,
mugenforge/sff2_codec.py,method,Sff2Info.version_text,version_text(self) -> str,152,
mugenforge/sff2_codec.py,method,Sff2Info.can_export_any,can_export_any(self) -> bool,156,
mugenforge/sff2_codec.py,method,Sff2Info.can_export_confidently,can_export_confidently(self) -> bool,160,
mugenforge/sff2_codec.py,method,Sff2Info.to_dict,"to_dict(self) -> Dict[str, object]",163,
mugenforge/sff2_codec.py,function,_u16,"_u16(data: bytes, off: int) -> int",187,
mugenforge/sff2_codec.py,function,_i16,"_i16(data: bytes, off: int) -> int",191,
mugenforge/sff2_codec.py,function,_u32,"_u32(data: bytes, off: int) -> int",195,
mugenforge/sff2_codec.py,function,_safe_u32,"_safe_u32(data: bytes, off: int, default: int=0) -> int",199,
mugenforge/sff2_codec.py,function,_in_range,"_in_range(off: int, length: int, size: int) -> bool",208,
mugenforge/sff2_codec.py,function,_looks_like_standard_sff2,_looks_like_standard_sff2(data: bytes) -> bool,212,
mugenforge/sff2_codec.py,function,read_sff2,"read_sff2(path: Path, strict: bool=False, max_records: int=200000) -> Sff2Info",239,
mugenforge/sff2_codec.py,function,_palette_payload,"_palette_payload(info: Sff2Info, palette_index: int, data: bytes, _seen: Optional[set[int]]=None) -> bytes",361,
mugenforge/sff2_codec.py,function,palette_rgba,"palette_rgba(info: Sff2Info, palette_index: int, data: Optional[bytes]=None, mode: str='rgba') -> List[Tuple[int, int, int, int]]",377,Return a 256-entry palette as RGBA tuples.
mugenforge/sff2_codec.py,function,_indices_to_rgba_image,"_indices_to_rgba_image(indices: bytes, width: int, height: int, palette: Sequence[Tuple[int, int, int, int]])",407,
mugenforge/sff2_codec.py,function,decode_rle8_indices,"decode_rle8_indices(payload: bytes, width: int, height: int) -> bytes",421,
mugenforge/sff2_codec.py,function,encode_rle8_indices,encode_rle8_indices(indices: bytes) -> bytes,446,Encode 8-bit indices using the simple SFF2 RLE8 token grammar.
mugenforge/sff2_codec.py,function,_try_decode_rle5_indices,"_try_decode_rle5_indices(payload: bytes, width: int, height: int) -> Tuple[bytes, str]",468,Experimental RLE5 decoder.
mugenforge/sff2_codec.py,function,_unpack_5bit_indices,"_unpack_5bit_indices(data: bytes, expected: int) -> bytes",498,
mugenforge/sff2_codec.py,function,_try_decode_lz5_indices,"_try_decode_lz5_indices(payload: bytes, width: int, height: int) -> Tuple[bytes, str]",514,Experimental LZ5 probe decoder.
mugenforge/sff2_codec.py,function,decode_sprite_image,"decode_sprite_image(info: Sff2Info, sprite: Sff2SpriteRecord, palette_mode: str='rgba', _seen: Optional[set[int]]=None)",548,
mugenforge/sff2_codec.py,function,export_sff2_sprites,"export_sff2_sprites(path: Path, out_dir: Path, palette_mode: str='rgba', include_provisional: bool=True, max_count: Optional[int]=None) -> Tuple[List[Path], List[str]]",592,
mugenforge/sff2_codec.py,function,write_sff2_axis_sheet,"write_sff2_axis_sheet(path: Path, out_csv: Path) -> Path",621,
mugenforge/sff2_codec.py,function,patch_sff2_axis_copy,"patch_sff2_axis_copy(path: Path, sheet_csv: Path, out_path: Path) -> Tuple[Path, int, List[str]]",650,
mugenforge/sff2_codec.py,function,_image_to_payload,"_image_to_payload(path: Path, mode: str='png') -> Tuple[bytes, int, int, int, int, bytes]",684,"Return payload, width, height, format code, color depth, palette bytes."
mugenforge/sff2_codec.py,function,build_sff2_from_manifest,"build_sff2_from_manifest(manifest_path: Path, out_path: Path, payload_mode: str='png') -> Sff2Info",727,Build a standard-table SFF2 file from a MugenForge manifest.
mugenforge/sff2_codec.py,function,write_sff2_report,"write_sff2_report(path: Path, out_dir: Path) -> Dict[str, Path]",854,
mugenforge/sff2_codec.py,function,export_sff2_decoded_images,"export_sff2_decoded_images(path, out_dir, include_raw_payloads=True)",912,
mugenforge/sff_codec.py,constant,SFF_SIGNATURE,SFF_SIGNATURE,8,
mugenforge/sff_codec.py,class/dataclass,SffSprite,SffSprite,11,
mugenforge/sff_codec.py,method,SffSprite.key,"key(self) -> Tuple[int, int]",26,
mugenforge/sff_codec.py,class/dataclass,SffInfo,SffInfo,30,
mugenforge/sff_codec.py,method,SffInfo.version_text,version_text(self) -> str,45,
mugenforge/sff_codec.py,function,_u32,"_u32(data: bytes, off: int) -> int",49,
mugenforge/sff_codec.py,function,_i16,"_i16(data: bytes, off: int) -> int",53,
mugenforge/sff_codec.py,function,_u16,"_u16(data: bytes, off: int) -> int",57,
mugenforge/sff_codec.py,function,read_sff,"read_sff(path: Path, max_sprites: int=20000) -> SffInfo",61,
mugenforge/sff_codec.py,function,_safe_u32,"_safe_u32(data: bytes, off: int) -> Optional[int]",180,
mugenforge/sff_codec.py,function,_inspect_sff2_header,"_inspect_sff2_header(data: bytes) -> Dict[str, Any]",189,Return conservative SFF v2-ish metadata without claiming full decode support.
mugenforge/sff_codec.py,function,_find_all,"_find_all(data: bytes, needle: bytes) -> List[int]",222,
mugenforge/sff_codec.py,function,sprite_lookup,"sprite_lookup(info: SffInfo) -> Dict[Tuple[int, int], SffSprite]",233,
mugenforge/sff_codec.py,function,export_sprite,"export_sprite(path: Path, sprite: SffSprite, out_dir: Path) -> Path",240,
mugenforge/sff_codec.py,function,export_all_sprites,"export_all_sprites(path: Path, out_dir: Path, max_count: Optional[int]=None) -> List[Path]",249,
mugenforge/sff_codec.py,function,try_convert_to_png,"try_convert_to_png(src: Path, dst: Path) -> bool",258,
mugenforge/sff_codec.py,function,summarize_sff_detailed,summarize_sff_detailed(path: Path) -> str,271,
mugenforge/sff_codec.py,function,_encode_image_to_pcx_bytes,_encode_image_to_pcx_bytes(image_path: Path) -> bytes,318,Convert a PNG/PCX image into an SFF v1-compatible PCX payload.
mugenforge/sff_codec.py,function,_load_manifest_records,_load_manifest_records(manifest_path: Path) -> list[dict],340,
mugenforge/sff_codec.py,function,build_sff_v1_from_manifest,"build_sff_v1_from_manifest(manifest_path: Path, out_path: Path, force_pcx: bool=True) -> SffInfo",349,Build a simple SFF v1-style file from a MugenForge staged sprite manifest.
mugenforge/sff_codec.py,function,stage_sff_replacement_manifest,"stage_sff_replacement_manifest(sff_path: Path, out_dir: Path) -> Path",413,Export supported sprites and create a replacement manifest for safe SFF v1 rebuilding.
mugenforge/sff_codec.py,function,_load_replacement_records,_load_replacement_records(manifest_path: Path) -> list[dict],453,
mugenforge/sff_codec.py,function,build_sff_v1_from_replacement_manifest,"build_sff_v1_from_replacement_manifest(manifest_path: Path, out_path: Path) -> SffInfo",478,Build a new SFF v1 from a replacement manifest.
mugenforge/sff_codec.py,function,summarize_replacement_manifest,summarize_replacement_manifest(manifest_path: Path) -> str,509,
mugenforge/sff_codec.py,function,summarize_manifest_for_sff,summarize_manifest_for_sff(manifest_path: Path) -> str,538,
mugenforge/sff_codec.py,constant,SFF2_FORMAT_NAMES,SFF2_FORMAT_NAMES,576,
mugenforge/sff_codec.py,constant,SFF2_NAME_TO_FORMAT,SFF2_NAME_TO_FORMAT,587,
mugenforge/sff_codec.py,class/dataclass,Sff2PaletteRecord,Sff2PaletteRecord,591,
mugenforge/sff_codec.py,method,Sff2PaletteRecord.to_dict,"to_dict(self) -> Dict[str, Any]",601,
mugenforge/sff_codec.py,class/dataclass,Sff2StandardRecord,Sff2StandardRecord,615,
mugenforge/sff_codec.py,method,Sff2StandardRecord.format_name,format_name(self) -> str,636,
mugenforge/sff_codec.py,method,Sff2StandardRecord.to_dict,"to_dict(self) -> Dict[str, Any]",639,
mugenforge/sff_codec.py,function,_mf_i16,"_mf_i16(data: bytes, off: int) -> int",663,
mugenforge/sff_codec.py,function,_mf_u8,"_mf_u8(data: bytes, off: int) -> int",667,
mugenforge/sff_codec.py,function,_mf_try_u32,"_mf_try_u32(data: bytes, off: int) -> Optional[int]",671,
mugenforge/sff_codec.py,function,_mf_plausible_range,"_mf_plausible_range(off: int, count: int, size: int, data_len: int) -> bool",680,
mugenforge/sff_codec.py,function,_mf_parse_sff2_standard,"_mf_parse_sff2_standard(data: bytes) -> Tuple[Dict[str, Any], List[Sff2StandardRecord], List[Sff2PaletteRecord], List[str]]",684,
mugenforge/sff_codec.py,function,_mf_unpack_payload,"_mf_unpack_payload(blob: bytes, expected: int) -> Tuple[bytes, bytes, str]",817,"Return (headerless_payload, raw_after_zlib_or_input, note)."
mugenforge/sff_codec.py,function,_mf_decode_rle_pairs,"_mf_decode_rle_pairs(comp: bytes, expected: int, max_value: int=255) -> bytes",844,
mugenforge/sff_codec.py,function,_mf_encode_rle_pairs,"_mf_encode_rle_pairs(raw: bytes, max_value: int=255) -> bytes",863,
mugenforge/sff_codec.py,function,_mf_decode_lz5_stream,"_mf_decode_lz5_stream(comp: bytes, expected: int) -> bytes",879,Small LZSS-style decoder for MugenForge-built LZ5 streams.
mugenforge/sff_codec.py,function,_mf_encode_lz5_literal,_mf_encode_lz5_literal(raw: bytes) -> bytes,917,
mugenforge/sff_codec.py,function,_mf_palette_for_record,"_mf_palette_for_record(info: SffInfo, record: Sff2StandardRecord) -> List[Tuple[int, int, int]]",928,
mugenforge/sff_codec.py,function,_mf_png_from_indexed,"_mf_png_from_indexed(width: int, height: int, pixels: bytes, palette: List[Tuple[int, int, int]]) -> bytes",945,
mugenforge/sff_codec.py,function,_mf_decode_sff2_record_to_png_bytes,"_mf_decode_sff2_record_to_png_bytes(path: Path, info: SffInfo, record: Sff2StandardRecord) -> Tuple[bytes, str]",965,
mugenforge/sff_codec.py,function,_mf_standard_record_from_sprite,"_mf_standard_record_from_sprite(info: SffInfo, sprite: SffSprite) -> Optional[Sff2StandardRecord]",1020,
mugenforge/sff_codec.py,function,read_sff,"read_sff(path: Path, max_sprites: int=20000) -> SffInfo",1054,
mugenforge/sff_codec.py,function,_uniq_list,_uniq_list(items: List[str]) -> List[str],1109,
mugenforge/sff_codec.py,function,export_sprite,"export_sprite(path: Path, sprite: SffSprite, out_dir: Path) -> Path",1119,
mugenforge/sff_codec.py,function,export_all_sprites,"export_all_sprites(path: Path, out_dir: Path, max_count: Optional[int]=None) -> List[Path]",1133,
mugenforge/sff_codec.py,function,_mf_extract_palette_from_image,"_mf_extract_palette_from_image(img) -> List[Tuple[int, int, int]]",1145,
mugenforge/sff_codec.py,function,_mf_quantize_image_to_indices,"_mf_quantize_image_to_indices(image_path: Path, max_colors: int=256) -> Tuple[bytes, int, int, List[Tuple[int, int, int]]]",1160,
mugenforge/sff_codec.py,function,_mf_encode_sff2_payload,"_mf_encode_sff2_payload(raw: bytes, compression: str) -> Tuple[int, int, bytes]",1174,
mugenforge/sff_codec.py,function,_mf_manifest_records_for_sff2,"_mf_manifest_records_for_sff2(manifest_path: Path) -> List[Dict[str, Any]]",1191,
mugenforge/sff_codec.py,function,build_sff_v2_from_manifest,"build_sff_v2_from_manifest(manifest_path: Path, out_path: Path, compression: str='raw') -> SffInfo",1199,Build a standard-table SFF2 candidate from a source sprite manifest.
mugenforge/sff_codec.py,function,patch_sff2_axis_copy,"patch_sff2_axis_copy(sff_path: Path, axis_rows: Iterable[Dict[str, Any]], out_path: Path) -> SffInfo",1319,Patch SFF1/SFF2 axis table fields into a copied file and return parsed info.
mugenforge/sff_codec.py,function,summarize_sff_detailed,summarize_sff_detailed(path: Path) -> str,1350,
mugenforge/sff_codec.py,constant,SFF2_IMAGE_FORMATS,SFF2_IMAGE_FORMATS,1404,
mugenforge/sff_codec.py,constant,SFF2_DECODABLE_FORMATS,SFF2_DECODABLE_FORMATS,1414,
mugenforge/sff_codec.py,constant,SFF2_EXPERIMENTAL_FORMATS,SFF2_EXPERIMENTAL_FORMATS,1415,
mugenforge/sff_codec.py,constant,SFF2_STANDARD_VERSIONS,SFF2_STANDARD_VERSIONS,1416,
mugenforge/sff_codec.py,constant,SFF2_LEGACY_LITTLE_VERSION,SFF2_LEGACY_LITTLE_VERSION,1417,
mugenforge/sff_codec.py,class/dataclass,Sff2PaletteRecord,Sff2PaletteRecord,1420,
mugenforge/sff_codec.py,method,Sff2PaletteRecord.to_dict,"to_dict(self) -> Dict[str, Any]",1431,
mugenforge/sff_codec.py,class/dataclass,Sff2ImageRecord,Sff2ImageRecord,1445,
mugenforge/sff_codec.py,method,Sff2ImageRecord.format_name,format_name(self) -> str,1466,
mugenforge/sff_codec.py,method,Sff2ImageRecord.is_linked,is_linked(self) -> bool,1470,
mugenforge/sff_codec.py,method,Sff2ImageRecord.decodable,decodable(self) -> bool,1474,
mugenforge/sff_codec.py,method,Sff2ImageRecord.key,"key(self) -> Tuple[int, int]",1478,
mugenforge/sff_codec.py,method,Sff2ImageRecord.to_dict,"to_dict(self) -> Dict[str, Any]",1481,
mugenforge/sff_codec.py,class/dataclass,Sff2StandardInfo,Sff2StandardInfo,1506,
mugenforge/sff_codec.py,method,Sff2StandardInfo.version_text,version_text(self) -> str,1522,
mugenforge/sff_codec.py,method,Sff2StandardInfo.decodable_count,decodable_count(self) -> int,1526,
mugenforge/sff_codec.py,method,Sff2StandardInfo.unsupported_count,unsupported_count(self) -> int,1530,
mugenforge/sff_codec.py,method,Sff2StandardInfo.to_dict,"to_dict(self) -> Dict[str, Any]",1533,
mugenforge/sff_codec.py,function,_safe_i16_v55,"_safe_i16_v55(data: bytes, off: int) -> int",1554,
mugenforge/sff_codec.py,function,_safe_u16_v55,"_safe_u16_v55(data: bytes, off: int) -> int",1560,
mugenforge/sff_codec.py,function,_safe_u32_v55,"_safe_u32_v55(data: bytes, off: int) -> int",1566,
mugenforge/sff_codec.py,function,_is_standard_sff2_bytes,_is_standard_sff2_bytes(data: bytes) -> bool,1572,
mugenforge/sff_codec.py,function,parse_sff2_standard,"parse_sff2_standard(path: _Path, max_sprites: int=250000, allow_legacy_subset: bool=False) -> Sff2StandardInfo",1576,Parse a standard SFF v2/v2.1 table layout without decoding pixels.
mugenforge/sff_codec.py,function,_sff2_palette_rgba,"_sff2_palette_rgba(data: bytes, info: Sff2StandardInfo, palette_index: int) -> List[Tuple[int, int, int, int]]",1695,
mugenforge/sff_codec.py,function,decode_sff2_rle8_indices,"decode_sff2_rle8_indices(payload: bytes, expected_pixels: int) -> bytes",1724,
mugenforge/sff_codec.py,function,encode_sff2_rle8_indices,encode_sff2_rle8_indices(indices: bytes) -> bytes,1751,
mugenforge/sff_codec.py,function,_unpack_5bit_indices,"_unpack_5bit_indices(payload: bytes, expected_pixels: int) -> bytes",1775,Diagnostic 5-bit unpacker used for raw/rle5/lz5 lab payload review.
mugenforge/sff_codec.py,function,decode_sff2_image,"decode_sff2_image(path: _Path, record: Sff2ImageRecord, info: Optional[Sff2StandardInfo]=None)",1798,Decode a supported SFF2 image record into a Pillow Image.
mugenforge/sff_codec.py,function,export_sff2_decoded_images,"export_sff2_decoded_images(path: _Path, out_dir: _Path, include_raw_payloads: bool=True) -> List[_Path]",1867,
mugenforge/sff_codec.py,function,_image_to_sff2_payload,"_image_to_sff2_payload(image_path: _Path, strategy: str='png') -> Tuple[bytes, int, int, int, int]",1893,"Return payload, format_code, color_depth, width, height."
mugenforge/sff_codec.py,function,_palette_from_image_or_default,_palette_from_image_or_default(image_paths: Sequence[_Path]) -> bytes,1916,
mugenforge/sff_codec.py,function,build_sff2_standard_from_records,"build_sff2_standard_from_records(records: Sequence[Dict[str, Any]], out_path: _Path, version_21: bool=True, default_strategy: str='png') -> Sff2StandardInfo",1942,Build a controlled standard SFF2 from record dictionaries.
mugenforge/sff_codec.py,function,build_sff2_standard_from_manifest,"build_sff2_standard_from_manifest(manifest_path: _Path, out_path: _Path, default_strategy: str='png') -> Sff2StandardInfo",2039,
mugenforge/sff_codec.py,function,summarize_sff2_standard,summarize_sff2_standard(path: _Path) -> str,2063,
mugenforge/sff_codec.py,function,read_sff,"read_sff(path: Path, max_sprites: int=20000) -> SffInfo",2089,
mugenforge/sff_codec.py,function,export_all_sprites,"export_all_sprites(path: Path, out_dir: Path, max_count: Optional[int]=None) -> List[Path]",2156,
mugenforge/sff_codec.py,constant,SFF2_FORMAT_NAMES,SFF2_FORMAT_NAMES,2189,
mugenforge/sff_codec.py,constant,SFF2_NAME_TO_FORMAT,SFF2_NAME_TO_FORMAT,2199,
mugenforge/sff_codec.py,function,_mf_parse_sff2_standard,"_mf_parse_sff2_standard(data: bytes) -> Tuple[Dict[str, Any], List[Sff2StandardRecord], List[Sff2PaletteRecord], List[str]]",2202,
mugenforge/sff_codec.py,function,_mf_strip_size_prefix,"_mf_strip_size_prefix(blob: bytes, expected: int) -> bytes",2328,
mugenforge/sff_codec.py,function,_mf_decode_ele_rle8,"_mf_decode_ele_rle8(comp: bytes, expected: int) -> bytes",2336,
mugenforge/sff_codec.py,function,_mf_encode_ele_rle8,_mf_encode_ele_rle8(raw: bytes) -> bytes,2361,
mugenforge/sff_codec.py,function,_mf_decode_ele_rle5,"_mf_decode_ele_rle5(comp: bytes, expected: int) -> bytes",2379,
mugenforge/sff_codec.py,function,_mf_encode_ele_rle5,_mf_encode_ele_rle5(raw5: bytes) -> bytes,2431,
mugenforge/sff_codec.py,function,_mf_unpack_5bit_for_v551,"_mf_unpack_5bit_for_v551(data: bytes, expected: int) -> bytes",2448,
mugenforge/sff_codec.py,function,_mf_decode_ele_lz5,"_mf_decode_ele_lz5(comp: bytes, expected: int) -> bytes",2464,
mugenforge/sff_codec.py,function,_mf_encode_ele_lz5_literal,_mf_encode_ele_lz5_literal(raw5: bytes) -> bytes,2539,
mugenforge/sff_codec.py,function,_mf_decode_sff2_record_to_png_bytes,"_mf_decode_sff2_record_to_png_bytes(path: Path, info: SffInfo, record: Sff2StandardRecord) -> Tuple[bytes, str]",2564,
mugenforge/sff_codec.py,function,_mf_png_payload_for_source,"_mf_png_payload_for_source(image_path: Path) -> Tuple[bytes, int, int]",2642,
mugenforge/sff_codec.py,function,_mf_encode_sff2_payload_from_source,"_mf_encode_sff2_payload_from_source(image_path: Path, compression: str) -> Tuple[int, int, bytes, int, int, List[Tuple[int, int, int]]]",2653,
mugenforge/sff_codec.py,function,build_sff_v2_from_manifest,"build_sff_v2_from_manifest(manifest_path: Path, out_path: Path, compression: str='png32') -> SffInfo",2673,Build a common-table SFF2 v2.1 candidate from a MugenForge sprite manifest.
mugenforge/sff_codec.py,function,read_sff,"read_sff(path: Path, max_sprites: int=20000) -> SffInfo",2790,
mugenforge/sff_codec.py,function,export_all_sprites,"export_all_sprites(path: Path, out_dir: Path, max_count: Optional[int]=None) -> List[Path]",2837,
mugenforge/sff_codec.py,function,decode_sff2_image,"decode_sff2_image(path: _Path, record: Sff2ImageRecord, info: Optional[Sff2StandardInfo]=None)",2862,
mugenforge/sff_codec.py,function,export_sff2_decoded_images,"export_sff2_decoded_images(path: _Path, out_dir: _Path, include_raw_payloads: bool=True) -> List[_Path]",2894,
mugenforge/sff_codec.py,function,_sff2_palette_record_to_dict_v551,"_sff2_palette_record_to_dict_v551(self) -> Dict[str, Any]",2919,
mugenforge/sff_codec.py,function,_mf_parse_sff2_standard,"_mf_parse_sff2_standard(data: bytes) -> Tuple[Dict[str, Any], List[Sff2StandardRecord], List[Sff2PaletteRecord], List[str]]",2941,
mugenforge/snd_codec.py,constant,SND_SIGNATURE,SND_SIGNATURE,11,
mugenforge/snd_codec.py,constant,MUGENFORGE_SND_HEADER_SIZE,MUGENFORGE_SND_HEADER_SIZE,12,
mugenforge/snd_codec.py,constant,MUGENFORGE_SND_FIRST_OFFSET,MUGENFORGE_SND_FIRST_OFFSET,13,
mugenforge/snd_codec.py,class/dataclass,SndSound,SndSound,16,
mugenforge/snd_codec.py,method,SndSound.id_text,id_text(self) -> str,31,
mugenforge/snd_codec.py,class/dataclass,SndInfo,SndInfo,37,
mugenforge/snd_codec.py,method,SndInfo.version_text,version_text(self) -> str,47,
mugenforge/snd_codec.py,function,_u32,"_u32(data: bytes, off: int) -> int",51,
mugenforge/snd_codec.py,function,_i32,"_i32(data: bytes, off: int) -> int",55,
mugenforge/snd_codec.py,function,_u16,"_u16(data: bytes, off: int) -> int",59,
mugenforge/snd_codec.py,function,_parse_wave_fmt,"_parse_wave_fmt(data: bytes, start: int, end: int, sound: SndSound) -> None",63,
mugenforge/snd_codec.py,function,_infer_legacy_ids,"_infer_legacy_ids(data: bytes, riff_offset: int) -> tuple[Optional[int], Optional[int], Optional[int]]",83,Best-effort SND metadata inference.
mugenforge/snd_codec.py,function,read_snd,"read_snd(path: Path, max_sounds: int=20000) -> SndInfo",123,
mugenforge/snd_codec.py,function,export_sound,"export_sound(path: Path, sound: SndSound, out_dir: Path) -> Path",171,
mugenforge/snd_codec.py,function,export_all_sounds,"export_all_sounds(path: Path, out_dir: Path, max_count: Optional[int]=None) -> List[Path]",180,
mugenforge/snd_codec.py,function,_id_from_filename,"_id_from_filename(path: Path, fallback_index: int) -> tuple[int, int]",189,
mugenforge/snd_codec.py,function,make_snd_manifest_from_wav_folder,"make_snd_manifest_from_wav_folder(folder: Path, out_manifest: Optional[Path]=None) -> Path",198,
mugenforge/snd_codec.py,function,_load_snd_manifest,_load_snd_manifest(manifest_path: Path) -> list[dict],236,
mugenforge/snd_codec.py,function,build_snd_from_manifest,"build_snd_from_manifest(manifest_path: Path, out_path: Path) -> SndInfo",244,
mugenforge/snd_codec.py,function,summarize_snd_manifest,summarize_snd_manifest(manifest_path: Path) -> str,292,
mugenforge/snd_codec.py,function,summarize_snd_detailed,summarize_snd_detailed(path: Path) -> str,317,
mugenforge/snd_codec.py,function,make_silent_wav,"make_silent_wav(path: Path, duration_ms: int=140, sample_rate: int=22050, channels: int=1, sample_width: int=2) -> Path",346,Create a small silent WAV placeholder for no-code sound-bank staging.
mugenforge/snd_codec.py,function,make_placeholder_sound_bank,make_placeholder_sound_bank(folder: Path) -> Path,360,Create common placeholder WAVs and a manifest for starter characters.
mugenforge/spritesheet_tools.py,class/dataclass,SheetSlice,SheetSlice,10,
mugenforge/spritesheet_tools.py,function,require_pillow,require_pillow(),23,
mugenforge/spritesheet_tools.py,function,compute_grid_slices,"compute_grid_slices(sheet_path: Path, cell_w: int, cell_h: int, columns: int, rows: int, margin_x: int=0, margin_y: int=0, spacing_x: int=0, spacing_y: int=0, group: int=0, start_image: int=0, axis_x: int | None=None, axis_y: int | None=None) -> list[SheetSlice]",31,
mugenforge/spritesheet_tools.py,function,export_grid_slices,"export_grid_slices(sheet_path: Path, slices: Iterable[SheetSlice], out_dir: Path, trim_empty: bool=False) -> list[Path]",68,
mugenforge/spritesheet_tools.py,function,write_manifest,"write_manifest(sheet_path: Path, slices: Iterable[SheetSlice], out_path: Path) -> Path",85,
mugenforge/spritesheet_tools.py,function,make_air_action_from_slices,"make_air_action_from_slices(action_number: int, slices: Iterable[SheetSlice], ticks: int=5) -> str",108,
mugenforge/spritesheet_tools.py,function,make_preview_image,"make_preview_image(sheet_path: Path, slices: Iterable[SheetSlice], max_size: tuple[int, int]=(720, 420))",118,
mugenforge/studio_plus.py,class/dataclass,StudioPlusResult,StudioPlusResult,30,
mugenforge/studio_plus.py,method,StudioPlusResult.to_text,to_text(self) -> str,38,
mugenforge/studio_plus.py,function,_now_tag,_now_tag() -> str,55,
mugenforge/studio_plus.py,function,_backup,_backup(path: Path) -> Optional[Path],59,
mugenforge/studio_plus.py,function,_safe_rel,"_safe_rel(root: Path, path: Path | str) -> str",67,
mugenforge/studio_plus.py,function,_main_def,_main_def(root: Path) -> Optional[Path],75,
mugenforge/studio_plus.py,function,_def_file_paths,"_def_file_paths(root: Path) -> Dict[str, Path]",83,"Resolve DEF [Files] references where possible, falling back to first file by extension."
mugenforge/studio_plus.py,function,_feature_markers,_feature_markers(root: Path) -> List[str],122,
mugenforge/studio_plus.py,function,_action_numbers,_action_numbers(air_path: Path) -> List[int],135,
mugenforge/studio_plus.py,function,_air_sprite_refs,"_air_sprite_refs(air_path: Path) -> List[Tuple[int, int]]",141,
mugenforge/studio_plus.py,function,_state_numbers,"_state_numbers(paths: Dict[str, Path]) -> List[int]",157,
mugenforge/studio_plus.py,function,_score_from_findings,"_score_from_findings(findings: Dict[str, object]) -> Tuple[int, List[str]]",171,
mugenforge/studio_plus.py,function,project_findings,"project_findings(root: Path) -> Dict[str, object]",198,
mugenforge/studio_plus.py,function,_duplicate_report,"_duplicate_report(root: Path, paths: Dict[str, Path]) -> Dict[str, List[str]]",279,
mugenforge/studio_plus.py,function,studio_plus_report_text,studio_plus_report_text(root: Path) -> str,305,
mugenforge/studio_plus.py,function,write_studio_plus_report,write_studio_plus_report(root: Path) -> Path,379,
mugenforge/studio_plus.py,function,write_studio_plus_report_json,write_studio_plus_report_json(root: Path) -> Path,385,
mugenforge/studio_plus.py,function,_common_action_block,_common_action_block(action_no: int) -> str,391,
mugenforge/studio_plus.py,function,append_missing_standard_air_actions,append_missing_standard_air_actions(root: Path) -> StudioPlusResult,411,
mugenforge/studio_plus.py,function,auto_fix_project_plus,auto_fix_project_plus(root: Path) -> StudioPlusResult,433,
mugenforge/studio_plus.py,function,write_beginner_docs,write_beginner_docs(root: Path) -> List[Path],494,
mugenforge/studio_plus.py,function,make_project_snapshot,make_project_snapshot(root: Path) -> Path,542,
mugenforge/studio_plus.py,function,build_release_zip_plus,build_release_zip_plus(root: Path) -> Path,558,
mugenforge/studio_plus.py,function,create_sff_contact_sheet,"create_sff_contact_sheet(sff_path: Path, out_path: Path, max_sprites: int=240, cell: int=96) -> Path",583,
mugenforge/studio_plus.py,function,export_action_gif,"export_action_gif(root: Path, action_no: int, out_path: Path, scale: int=2, draw_clsn: bool=True) -> Path",627,
mugenforge/studio_plus.py,function,batch_import_sprite_folder_to_sff,"batch_import_sprite_folder_to_sff(image_dir: Path, out_sff: Path, default_group: int=9000, axis_x: int=32, axis_y: int=64, ticks: int=5) -> Tuple[Path, Path]",686,
mugenforge/studio_plus.py,function,_infer_group_image,"_infer_group_image(name: str, default_group: int, idx: int) -> Tuple[int, int]",731,
mugenforge/studio_plus.py,function,generate_air_from_sff_groups,"generate_air_from_sff_groups(root: Path, out_air: Optional[Path]=None, ticks: int=5, append: bool=False) -> Path",749,
mugenforge/studio_plus.py,function,clone_air_action_variant,"clone_air_action_variant(root: Path, source_action: int, new_action: int, tick_scale: float=1.0, x_offset: int=0, y_offset: int=0) -> Path",781,
mugenforge/studio_plus.py,function,make_stage_template,"make_stage_template(parent: Path, name: str='new_stage') -> Path",806,
mugenforge/visual_forge.py,constant,VISUAL_FORGE_VERSION,VISUAL_FORGE_VERSION,30,
mugenforge/visual_forge.py,constant,TEXT_SUFFIXES,TEXT_SUFFIXES,31,
mugenforge/visual_forge.py,constant,IMAGE_SUFFIXES,IMAGE_SUFFIXES,32,
mugenforge/visual_forge.py,constant,AUDIO_SUFFIXES,AUDIO_SUFFIXES,33,
mugenforge/visual_forge.py,constant,SKIP_BACKUP_PARTS,SKIP_BACKUP_PARTS,34,
mugenforge/visual_forge.py,class/dataclass,VisualForgeResult,VisualForgeResult,38,
mugenforge/visual_forge.py,method,VisualForgeResult.merge,"merge(self, other: object, label: Optional[str]=None) -> None",46,
mugenforge/visual_forge.py,method,VisualForgeResult.add_created,"add_created(self, root: Path, path: Path | str) -> None",54,
mugenforge/visual_forge.py,method,VisualForgeResult.add_changed,"add_changed(self, root: Path, path: Path | str) -> None",57,
mugenforge/visual_forge.py,method,VisualForgeResult.to_text,to_text(self) -> str,60,
mugenforge/visual_forge.py,class/dataclass,BeginnerProjectSpec,BeginnerProjectSpec,79,
mugenforge/visual_forge.py,method,BeginnerProjectSpec.safe_name,safe_name(self) -> str,92,
mugenforge/visual_forge.py,class/dataclass,TimelineSelection,TimelineSelection,97,
mugenforge/visual_forge.py,class/dataclass,SoundCueSpec,SoundCueSpec,106,
mugenforge/visual_forge.py,class/dataclass,MigrationSpec,MigrationSpec,116,
mugenforge/visual_forge.py,function,_safe_name,_safe_name(name: str) -> str,124,
mugenforge/visual_forge.py,function,_timestamp,_timestamp() -> str,128,
mugenforge/visual_forge.py,function,_uniq,_uniq(items: Iterable[str]) -> List[str],132,
mugenforge/visual_forge.py,function,_rel,"_rel(root: Path, path: Path | str) -> str",143,
mugenforge/visual_forge.py,function,_vf_dir,_vf_dir(root: Path) -> Path,150,
mugenforge/visual_forge.py,function,_docs_dir,_docs_dir(root: Path) -> Path,156,
mugenforge/visual_forge.py,function,_write_text,"_write_text(root: Path, path: Path, text: str, result: Optional[VisualForgeResult]=None, changed: bool=False) -> Path",162,
mugenforge/visual_forge.py,function,_write_json,"_write_json(root: Path, path: Path, payload: object, result: Optional[VisualForgeResult]=None, changed: bool=False) -> Path",174,
mugenforge/visual_forge.py,function,backup_file,"backup_file(path: Path, root: Optional[Path]=None, reason: str='visual_forge') -> Optional[Path]",186,
mugenforge/visual_forge.py,function,log_error,"log_error(root: Path, context: str, exc: BaseException | str) -> Path",205,
mugenforge/visual_forge.py,function,_replace_or_add_kv,"_replace_or_add_kv(text: str, section: str, key: str, value: object) -> str",215,
mugenforge/visual_forge.py,function,_int,"_int(value: object, default: int=0) -> int",254,
mugenforge/visual_forge.py,function,_first_int,"_first_int(value: object, default: Optional[int]=None) -> Optional[int]",261,
mugenforge/visual_forge.py,function,create_visual_forge_project,"create_visual_forge_project(parent: Path, spec: BeginnerProjectSpec, install_pack: bool=True) -> VisualForgeResult",266,Create a beginner-friendly starter project and write Visual Forge metadata.
mugenforge/visual_forge.py,function,write_beginner_project_home,"write_beginner_project_home(root: Path, spec: Optional[BeginnerProjectSpec]=None) -> VisualForgeResult",314,
mugenforge/visual_forge.py,function,_code_files,_code_files(root: Path) -> List[Path],393,
mugenforge/visual_forge.py,function,_extract_anim_elem,"_extract_anim_elem(values: Dict[str, str], default: int=1) -> int",401,
mugenforge/visual_forge.py,function,_collect_code_events,"_collect_code_events(root: Path) -> List[Dict[str, object]]",411,
mugenforge/visual_forge.py,function,build_visual_timeline_model,"build_visual_timeline_model(root: Path, action_number: Optional[int]=None) -> Dict[str, object]",447,
mugenforge/visual_forge.py,function,write_visual_timeline_manifest,"write_visual_timeline_manifest(root: Path, action_number: Optional[int]=None) -> VisualForgeResult",505,
mugenforge/visual_forge.py,function,_format_air_frame_line,"_format_air_frame_line(frame, ticks: Optional[int]=None, offset_x: Optional[int]=None, offset_y: Optional[int]=None) -> str",540,
mugenforge/visual_forge.py,function,update_air_frame_ticks,"update_air_frame_ticks(root: Path, action_number: int, frame_index: int, ticks: int) -> VisualForgeResult",550,
mugenforge/visual_forge.py,function,update_air_frame_offset,"update_air_frame_offset(root: Path, action_number: int, frame_index: int, offset_x: int, offset_y: int) -> VisualForgeResult",574,
mugenforge/visual_forge.py,function,build_sprite_offset_model,"build_sprite_offset_model(root: Path, action_number: Optional[int]=None) -> Dict[str, object]",599,
mugenforge/visual_forge.py,function,write_sound_cue_manifest,write_sound_cue_manifest(root: Path) -> VisualForgeResult,619,
mugenforge/visual_forge.py,function,add_sound_cue_controller,"add_sound_cue_controller(root: Path, cue: SoundCueSpec) -> VisualForgeResult",655,
mugenforge/visual_forge.py,function,compose_move2,"compose_move2(root: Path, spec: MoveWizardSpec, append: bool=False) -> VisualForgeResult",694,
mugenforge/visual_forge.py,function,migrate_existing_character,migrate_existing_character(spec: MigrationSpec) -> VisualForgeResult,730,
mugenforge/visual_forge.py,function,install_training_debug_pack,install_training_debug_pack(root: Path) -> VisualForgeResult,779,
mugenforge/visual_forge.py,function,install_template_architecture,install_template_architecture(root: Path) -> VisualForgeResult,811,
mugenforge/visual_forge.py,function,write_visual_sff2_bridge_pack,"write_visual_sff2_bridge_pack(root: Path, image_folder: Optional[Path]=None) -> VisualForgeResult",863,
mugenforge/visual_forge.py,function,create_backup_snapshot,"create_backup_snapshot(root: Path, label: str='manual') -> VisualForgeResult",883,
mugenforge/visual_forge.py,function,restore_latest_snapshot,restore_latest_snapshot(root: Path) -> VisualForgeResult,918,
mugenforge/visual_forge.py,function,quick_start_pass,quick_start_pass(root: Path) -> VisualForgeResult,942,
